[Licensing::Module] Trying to connect to existing licensing client channel...
Built from '6000.3/staging' branch; Version is '6000.3.21f1 (c02631ffc030) revision 12592689'; Using compiler version '194234433'; Build Type 'Release'
[Licensing::IpcConnector] Successfully connected to: "LicenseClient-Tus" at "2026-09-14T11:54:44.5721727Z"
OS: 'Windows 11  (10.0.26200) CoreSingleLanguage' Language: 'en' Physical Memory: 32492 MB
BatchMode: 1, IsHumanControllingUs: 0, StartBugReporterOnCrash: 0, Is64bit: 1
System  architecture: x64
Process architecture: x64
Date: 2026-09-14T11:54:44Z

COMMAND LINE ARGUMENTS:
E:\Unity\Material\6000.3.21f1\Editor\Unity.exe
-batchmode
-nographics
-projectPath
E:\Unity\Project\TowerDefense\TowerDefense
-executeMethod
AlienDefense.EditorTools.CargoFullHudSetup.UpgradeAllLevels
-logFile
E:\Unity\Project\TowerDefense\TowerDefense\Temp_CargoFullHud2.log
-quit
Successfully changed project path to: E:\Unity\Project\TowerDefense\TowerDefense
E:/Unity/Project/TowerDefense/TowerDefense
[UnityMemory] Configuration Parameters - Can be set up in boot.config
    "memorysetup-temp-allocator-size-nav-mesh-worker=65536"
    "memorysetup-temp-allocator-size-audio-worker=65536"
    "memorysetup-temp-allocator-size-gfx=262144"
    "memorysetup-allocator-temp-initial-block-size-main=262144"
    "memorysetup-allocator-temp-initial-block-size-worker=262144"
    "memorysetup-temp-allocator-size-background-worker=32768"
    "memorysetup-temp-allocator-size-job-worker=262144"
    "memorysetup-temp-allocator-size-preload-manager=33554432"
    "memorysetup-temp-allocator-size-gi-baking-worker=262144"
    "memorysetup-temp-allocator-size-gi-baking-worker=262144"
    "memorysetup-temp-allocator-size-gi-baking-worker=262144"
    "memorysetup-temp-allocator-size-gi-baking-worker=262144"
    "memorysetup-temp-allocator-size-gi-baking-worker=262144"
    "memorysetup-bucket-allocator-granularity=16"
    "memorysetup-bucket-allocator-bucket-count=8"
    "memorysetup-bucket-allocator-block-size=33554432"
    "memorysetup-bucket-allocator-block-count=8"
    "memorysetup-main-allocator-block-size=16777216"
    "memorysetup-thread-allocator-block-size=16777216"
    "memorysetup-gfx-main-allocator-block-size=16777216"
    "memorysetup-gfx-thread-allocator-block-size=16777216"
    "memorysetup-cache-allocator-block-size=4194304"
    "memorysetup-typetree-allocator-block-size=2097152"
    "memorysetup-profiler-bucket-allocator-granularity=16"
    "memorysetup-profiler-bucket-allocator-bucket-count=8"
    "memorysetup-profiler-bucket-allocator-block-size=33554432"
    "memorysetup-profiler-bucket-allocator-block-count=8"
    "memorysetup-profiler-allocator-block-size=16777216"
    "memorysetup-profiler-editor-allocator-block-size=1048576"
    "memorysetup-temp-allocator-size-main=16777216"
    "memorysetup-job-temp-allocator-block-size=2097152"
    "memorysetup-job-temp-allocator-block-size-background=1048576"
    "memorysetup-job-temp-allocator-reduction-small-platforms=262144"
    "memorysetup-temp-allocator-size-cloud-worker=32768"
Player connection [26152]  Target information:

Player connection [26152]  * "[IP] 172.31.99.75 [Port] 55504 [Flags] 2 [Guid] 2187460107 [EditorId] 2187460107 [Version] 1048832 [Id] WindowsEditor(7,LAPTOP-VEL5EC45) [Debug] 1 [PackageName] WindowsEditor [ProjectName] Editor" 

Player connection [26152] Host joined multi-casting on [225.0.0.222:54997]...
Player connection [26152] Host joined alternative multi-casting on [225.0.0.222:34997]...
Input System module state changed to: Initialized.
[Physics::Module] Initialized fallback backend.
[Physics::Module] Id: 0xdecafbad
[Package Manager] Connected to IPC stream "Upm-916" after 0.3 seconds.
[Licensing::Module] Licensing is not yet initialized.
[Licensing::Client] Error: HandshakeResponse reported an error:
	ResponseCode: 505
	ResponseStatus: Unsupported protocol version '1.18.1'.
[Licensing::Module] Error: Failed to handshake to channel: "LicenseClient-Tus"
[Licensing::IpcConnector] LicenseClient-Tus channel disconnected successfully.
[Licensing::IpcConnector] Channel LicenseClient-Tus-6000.3.21 doesn't exist
[Licensing::Module] Successfully launched the LicensingClient (PId: 21820)
[Licensing::IpcConnector] Successfully connected to: "LicenseClient-Tus-6000.3.21" at "2026-09-14T11:54:46.9234713Z"
[Licensing::Client] Code 10 while verifying Licensing Client signature (process Id: 21820, path: "E:/Unity/Material/6000.3.21f1/Editor/Data/Resources/Licensing/Client/Unity.Licensing.Client.exe")
[Licensing::Module] LicensingClient has failed validation; ignoring
[Licensing::Client] Handshaking with LicensingClient:
  Version:                 1.18.1+9fbee8e
  Session Id:              5ae4f43ee74842fc976976a556b3a25d
  Correlation Id:          f152775d32e9ea7c9181dd8e92533d86
  External correlation Id: 2811895610536585599
  Machine Id:              8TkmXJ1lDM6kyMXBpLFkyOeZPUY=
[Licensing::Module] Successfully connected to LicensingClient on channel: "LicenseClient-Tus-6000.3.21" (connect: 0.24s, validation: 0.21s, handshake: 0.01s)
[Licensing::IpcConnector] Successfully connected to: "LicenseClient-Tus-6000.3.21-notifications" at "2026-09-14T11:54:47.1448453Z"
[Licensing::Module] Connected to LicensingClient (PId: 21820, launch time: 0.01, total connection time: 0.47s)
[Licensing::Module] Error: Access token is unavailable; failed to update
[Licensing::Client] Successfully resolved entitlement details
[Licensing::Module] License group:
  Id: 18968293043658-tulklk32-UnityProStuXXXX
  Product: Unity Student
  Type: Assigned
  Expiration: 2027-07-10T16:59:39Z
[Licensing::Client] Successfully updated license, isAsync: True, time: 0.01
[Licensing::Client] Successfully resolved entitlement details
[Licensing::Module] Licensing Background thread has ended after 2.61s
[Licensing::Module] Licensing is initialized (took 2.10s).
[Licensing::Client] Successfully resolved entitlement details
Library Redirect Path: Library/
[Physics::Module] Selected backend.
[Physics::Module] Name: PhysX
[Physics::Module] Id: 0xf2b8ea05
[Physics::Module] SDK Version: 4.1.2
[Physics::Module] Integration Version: 1.0.0
[Physics::Module] Threading Mode: Multi-Threaded
Artifact Garbage Collection - Removed 6 unused hashed content files
[Licensing::Client] Successfully resolved entitlement details
Refreshing native plugins compatible for Editor in 0.28 ms, found 0 plugins.
Preloading 0 native plugins for Editor in 0.00 ms.
Initialize engine version: 6000.3.21f1 (c02631ffc030)
[Subsystems] Discovering subsystems at path E:/Unity/Material/6000.3.21f1/Editor/Data/Resources/UnitySubsystems
[Subsystems] Discovering subsystems at path E:/Unity/Project/TowerDefense/TowerDefense/Assets
Forcing GfxDevice: Null
GfxDevice: creating device client; kGfxThreadingModeNonThreaded
NullGfxDevice:
    Version:  NULL 1.0 [1.0]
    Renderer: Null Device
    Vendor:   Unity Technologies
Initialize mono
Mono path[0] = 'E:/Unity/Material/6000.3.21f1/Editor/Data/Managed'
Mono path[1] = 'E:/Unity/Material/6000.3.21f1/Editor/Data/MonoBleedingEdge/lib/mono/unityjit-win32'
Mono config path = 'E:/Unity/Material/6000.3.21f1/Editor/Data/MonoBleedingEdge/etc'
Using monoOptions --debugger-agent=transport=dt_socket,embedding=1,server=y,suspend=n,address=127.0.0.1:56916
Using cacheserver namespaces - metadata:defaultmetadata, artifacts:defaultartifacts
Using cacheserver namespaces - metadata:defaultmetadata, artifacts:defaultartifacts
ImportWorker Server TCP listen port: 0
AcceleratorClientConnectionCallback - disconnected - :0
Begin MonoManager ReloadAssembly
Registering precompiled unity dll's ...
Register platform support module: E:/Unity/Material/6000.3.21f1/Editor/Data/PlaybackEngines/WindowsStandaloneSupport/UnityEditor.WindowsStandalone.Extensions.dll
[Licensing::Client] Successfully resolved entitlement details
Register platform support module: E:/Unity/Material/6000.3.21f1/Editor/Data/PlaybackEngines/MetroSupport/UnityEditor.UWP.Extensions.dll
Register platform support module: E:/Unity/Material/6000.3.21f1/Editor/Data/PlaybackEngines/AndroidPlayer/UnityEditor.Android.Extensions.dll
Registered in 0.003967 seconds.
- Loaded All Assemblies, in  0.378 seconds
Native extension for Android target not found
Native extension for UWP target not found
Native extension for WindowsStandalone target not found
Package Manager log level set to [2]
ScheduleIndexationOnStartup MainProcess:False IndexOnStartup:True
Mono: successfully reloaded assembly
- Finished resetting the current domain, in  0.373 seconds
Domain Reload Profiling: 752ms
	BeginReloadAssembly (119ms)
		ExecutionOrderSort (0ms)
		DisableScriptedObjects (0ms)
		BackupInstance (0ms)
		ReleaseScriptingObjects (0ms)
		CreateAndSetChildDomain (4ms)
	RebuildCommonClasses (37ms)
	RebuildNativeTypeToScriptingClass (12ms)
	initialDomainReloadingComplete (42ms)
	LoadAllAssembliesAndSetupDomain (168ms)
		LoadAssemblies (117ms)
		RebuildTransferFunctionScriptingTraits (0ms)
		AnalyzeDomain (163ms)
			TypeCache.Refresh (161ms)
				TypeCache.ScanAssembly (147ms)
			BuildScriptInfoCaches (0ms)
			ResolveRequiredComponents (0ms)
	FinalizeReload (374ms)
		ReleaseScriptCaches (0ms)
		RebuildScriptCaches (0ms)
		SetupLoadedEditorAssemblies (335ms)
			LogAssemblyErrors (0ms)
			InitializePlatformSupportModulesInManaged (88ms)
			SetLoadedEditorAssemblies (3ms)
			BeforeProcessingInitializeOnLoad (67ms)
			ProcessInitializeOnLoadAttributes (125ms)
			ProcessInitializeOnLoadMethodAttributes (52ms)
			AfterProcessingInitializeOnLoad (0ms)
			EditorAssembliesLoaded (0ms)
		ExecutionOrderSort2 (0ms)
		AwakeInstancesAfterBackupRestoration (0ms)
[Licensing::Client] Successfully resolved entitlement details
[Licensing::Client] Successfully resolved entitlement details
Application.AssetDatabase Initial Refresh Start
[Package Manager] Restoring resolved packages state from cache
[Licensing::Client] Successfully resolved entitlement details
[Package Manager] Registered 71 packages:
  Packages from [https://packages.unity.com]:
    com.unity.ai.assistant@2.17.0-pre.1 (location: E:\Unity\Project\TowerDefense\TowerDefense\Library\PackageCache\com.unity.ai.assistant@284c75a8d208)
    com.unity.ai.inference@2.6.1 (location: E:\Unity\Project\TowerDefense\TowerDefense\Library\PackageCache\com.unity.ai.inference@9a123aee5df7)
    com.unity.ai.navigation@2.0.14 (location: E:\Unity\Project\TowerDefense\TowerDefense\Library\PackageCache\com.unity.ai.navigation@134dd6a3b97b)
    com.unity.burst@1.8.30 (location: E:\Unity\Project\TowerDefense\TowerDefense\Library\PackageCache\com.unity.burst@2f3d916873ea)
    com.unity.collab-proxy@2.12.4 (location: E:\Unity\Project\TowerDefense\TowerDefense\Library\PackageCache\com.unity.collab-proxy@0b1559bcd34e)
    com.unity.collections@2.6.8 (location: E:\Unity\Project\TowerDefense\TowerDefense\Library\PackageCache\com.unity.collections@84e8eb3fc12e)
    com.unity.device-simulator.devices@1.0.1 (location: E:\Unity\Project\TowerDefense\TowerDefense\Library\PackageCache\com.unity.device-simulator.devices@2af643ceec84)
    com.unity.ide.rider@3.0.40 (location: E:\Unity\Project\TowerDefense\TowerDefense\Library\PackageCache\com.unity.ide.rider@e4950c6d131b)
    com.unity.ide.visualstudio@2.0.27 (location: E:\Unity\Project\TowerDefense\TowerDefense\Library\PackageCache\com.unity.ide.visualstudio@dc1ddd4f09b6)
    com.unity.inputsystem@1.20.0 (location: E:\Unity\Project\TowerDefense\TowerDefense\Library\PackageCache\com.unity.inputsystem@7a4e1a2a8194)
    com.unity.mathematics@1.3.3 (location: E:\Unity\Project\TowerDefense\TowerDefense\Library\PackageCache\com.unity.mathematics@19a9377c4ffa)
    com.unity.nuget.mono-cecil@1.11.6 (location: E:\Unity\Project\TowerDefense\TowerDefense\Library\PackageCache\com.unity.nuget.mono-cecil@ecb9724e46ff)
    com.unity.nuget.newtonsoft-json@3.2.2 (location: E:\Unity\Project\TowerDefense\TowerDefense\Library\PackageCache\com.unity.nuget.newtonsoft-json@4dfd81071c64)
    com.unity.postprocessing@3.5.4 (location: E:\Unity\Project\TowerDefense\TowerDefense\Library\PackageCache\com.unity.postprocessing@141166b789e3)
    com.unity.progrids@3.0.3-preview.6 (location: E:\Unity\Project\TowerDefense\TowerDefense\Library\PackageCache\com.unity.progrids@36b0033bf980)
    com.unity.searcher@4.9.4 (location: E:\Unity\Project\TowerDefense\TowerDefense\Library\PackageCache\com.unity.searcher@d45a78918735)
    com.unity.test-framework.performance@3.5.0 (location: E:\Unity\Project\TowerDefense\TowerDefense\Library\PackageCache\com.unity.test-framework.performance@8b56083ec0f0)
    com.unity.timeline@1.8.12 (location: E:\Unity\Project\TowerDefense\TowerDefense\Library\PackageCache\com.unity.timeline@8cd8509afae5)
    com.unity.visualscripting@1.9.12 (location: E:\Unity\Project\TowerDefense\TowerDefense\Library\PackageCache\com.unity.visualscripting@4edfcc09512f)
    com.unity.settings-manager@2.1.1 (location: E:\Unity\Project\TowerDefense\TowerDefense\Library\PackageCache\com.unity.settings-manager@0b8638c5ce86)
    com.unity.editorcoroutines@1.1.0 (location: E:\Unity\Project\TowerDefense\TowerDefense\Library\PackageCache\com.unity.editorcoroutines@87a15ed012c2)
    com.unity.performance.profile-analyzer@1.4.0 (location: E:\Unity\Project\TowerDefense\TowerDefense\Library\PackageCache\com.unity.performance.profile-analyzer@2bb26871883c)
    com.unity.testtools.codecoverage@1.3.0 (location: E:\Unity\Project\TowerDefense\TowerDefense\Library\PackageCache\com.unity.testtools.codecoverage@19a841221620)
    com.unity.dt.app-ui@2.1.1 (location: E:\Unity\Project\TowerDefense\TowerDefense\Library\PackageCache\com.unity.dt.app-ui@8ac7e730dd5d)
  Built-in packages:
    com.unity.2d.sprite@1.0.0 (location: E:\Unity\Project\TowerDefense\TowerDefense\Library\PackageCache\com.unity.2d.sprite@d8bb22511404)
    com.unity.2d.tilemap@1.0.0 (location: E:\Unity\Project\TowerDefense\TowerDefense\Library\PackageCache\com.unity.2d.tilemap@f666889fd587)
    com.unity.ext.nunit@2.0.5 (location: E:\Unity\Project\TowerDefense\TowerDefense\Library\PackageCache\com.unity.ext.nunit@d8c07649098d)
    com.unity.feature.development@1.0.2 (location: E:\Unity\Project\TowerDefense\TowerDefense\Library\PackageCache\com.unity.feature.development@767aadbc6eb7)
    com.unity.multiplayer.center@1.0.1 (location: E:\Unity\Project\TowerDefense\TowerDefense\Library\PackageCache\com.unity.multiplayer.center@f01f4ba8d00a)
    com.unity.render-pipelines.core@17.3.0 (location: E:\Unity\Project\TowerDefense\TowerDefense\Library\PackageCache\com.unity.render-pipelines.core@c67c01575725)
    com.unity.render-pipelines.universal@17.3.0 (location: E:\Unity\Project\TowerDefense\TowerDefense\Library\PackageCache\com.unity.render-pipelines.universal@8aa8d736cba6)
    com.unity.render-pipelines.universal-config@17.0.3 (location: E:\Unity\Project\TowerDefense\TowerDefense\Library\PackageCache\com.unity.render-pipelines.universal-config@8dc1aab4af1d)
    com.unity.shadergraph@17.3.0 (location: E:\Unity\Project\TowerDefense\TowerDefense\Library\PackageCache\com.unity.shadergraph@aa8306cf39d6)
    com.unity.test-framework@1.6.0 (location: E:\Unity\Project\TowerDefense\TowerDefense\Library\PackageCache\com.unity.test-framework@bd7f943e9647)
    com.unity.ugui@2.0.0 (location: E:\Unity\Project\TowerDefense\TowerDefense\Library\PackageCache\com.unity.ugui@e20f1880fa04)
    com.unity.modules.accessibility@1.0.0 (location: E:\Unity\Project\TowerDefense\TowerDefense\Library\PackageCache\com.unity.modules.accessibility)
    com.unity.modules.adaptiveperformance@1.0.0 (location: E:\Unity\Project\TowerDefense\TowerDefense\Library\PackageCache\com.unity.modules.adaptiveperformance)
    com.unity.modules.ai@1.0.0 (location: E:\Unity\Project\TowerDefense\TowerDefense\Library\PackageCache\com.unity.modules.ai)
    com.unity.modules.androidjni@1.0.0 (location: E:\Unity\Project\TowerDefense\TowerDefense\Library\PackageCache\com.unity.modules.androidjni)
    com.unity.modules.animation@1.0.0 (location: E:\Unity\Project\TowerDefense\TowerDefense\Library\PackageCache\com.unity.modules.animation)
    com.unity.modules.assetbundle@1.0.0 (location: E:\Unity\Project\TowerDefense\TowerDefense\Library\PackageCache\com.unity.modules.assetbundle)
    com.unity.modules.audio@1.0.0 (location: E:\Unity\Project\TowerDefense\TowerDefense\Library\PackageCache\com.unity.modules.audio)
    com.unity.modules.cloth@1.0.0 (location: E:\Unity\Project\TowerDefense\TowerDefense\Library\PackageCache\com.unity.modules.cloth)
    com.unity.modules.director@1.0.0 (location: E:\Unity\Project\TowerDefense\TowerDefense\Library\PackageCache\com.unity.modules.director)
    com.unity.modules.hierarchycore@1.0.0 (location: E:\Unity\Project\TowerDefense\TowerDefense\Library\PackageCache\com.unity.modules.hierarchycore)
    com.unity.modules.imageconversion@1.0.0 (location: E:\Unity\Project\TowerDefense\TowerDefense\Library\PackageCache\com.unity.modules.imageconversion)
    com.unity.modules.imgui@1.0.0 (location: E:\Unity\Project\TowerDefense\TowerDefense\Library\PackageCache\com.unity.modules.imgui)
    com.unity.modules.jsonserialize@1.0.0 (location: E:\Unity\Project\TowerDefense\TowerDefense\Library\PackageCache\com.unity.modules.jsonserialize)
    com.unity.modules.particlesystem@1.0.0 (location: E:\Unity\Project\TowerDefense\TowerDefense\Library\PackageCache\com.unity.modules.particlesystem)
    com.unity.modules.physics@1.0.0 (location: E:\Unity\Project\TowerDefense\TowerDefense\Library\PackageCache\com.unity.modules.physics)
    com.unity.modules.physics2d@1.0.0 (location: E:\Unity\Project\TowerDefense\TowerDefense\Library\PackageCache\com.unity.modules.physics2d)
    com.unity.modules.screencapture@1.0.0 (location: E:\Unity\Project\TowerDefense\TowerDefense\Library\PackageCache\com.unity.modules.screencapture)
    com.unity.modules.subsystems@1.0.0 (location: E:\Unity\Project\TowerDefense\TowerDefense\Library\PackageCache\com.unity.modules.subsystems)
    com.unity.modules.terrain@1.0.0 (location: E:\Unity\Project\TowerDefense\TowerDefense\Library\PackageCache\com.unity.modules.terrain)
    com.unity.modules.terrainphysics@1.0.0 (location: E:\Unity\Project\TowerDefense\TowerDefense\Library\PackageCache\com.unity.modules.terrainphysics)
    com.unity.modules.tilemap@1.0.0 (location: E:\Unity\Project\TowerDefense\TowerDefense\Library\PackageCache\com.unity.modules.tilemap)
    com.unity.modules.ui@1.0.0 (location: E:\Unity\Project\TowerDefense\TowerDefense\Library\PackageCache\com.unity.modules.ui)
    com.unity.modules.uielements@1.0.0 (location: E:\Unity\Project\TowerDefense\TowerDefense\Library\PackageCache\com.unity.modules.uielements)
    com.unity.modules.umbra@1.0.0 (location: E:\Unity\Project\TowerDefense\TowerDefense\Library\PackageCache\com.unity.modules.umbra)
    com.unity.modules.unityanalytics@1.0.0 (location: E:\Unity\Project\TowerDefense\TowerDefense\Library\PackageCache\com.unity.modules.unityanalytics)
    com.unity.modules.unitywebrequest@1.0.0 (location: E:\Unity\Project\TowerDefense\TowerDefense\Library\PackageCache\com.unity.modules.unitywebrequest)
    com.unity.modules.unitywebrequestassetbundle@1.0.0 (location: E:\Unity\Project\TowerDefense\TowerDefense\Library\PackageCache\com.unity.modules.unitywebrequestassetbundle)
    com.unity.modules.unitywebrequestaudio@1.0.0 (location: E:\Unity\Project\TowerDefense\TowerDefense\Library\PackageCache\com.unity.modules.unitywebrequestaudio)
    com.unity.modules.unitywebrequesttexture@1.0.0 (location: E:\Unity\Project\TowerDefense\TowerDefense\Library\PackageCache\com.unity.modules.unitywebrequesttexture)
    com.unity.modules.unitywebrequestwww@1.0.0 (location: E:\Unity\Project\TowerDefense\TowerDefense\Library\PackageCache\com.unity.modules.unitywebrequestwww)
    com.unity.modules.vectorgraphics@1.0.0 (location: E:\Unity\Project\TowerDefense\TowerDefense\Library\PackageCache\com.unity.modules.vectorgraphics)
    com.unity.modules.vehicles@1.0.0 (location: E:\Unity\Project\TowerDefense\TowerDefense\Library\PackageCache\com.unity.modules.vehicles)
    com.unity.modules.video@1.0.0 (location: E:\Unity\Project\TowerDefense\TowerDefense\Library\PackageCache\com.unity.modules.video)
    com.unity.modules.vr@1.0.0 (location: E:\Unity\Project\TowerDefense\TowerDefense\Library\PackageCache\com.unity.modules.vr)
    com.unity.modules.wind@1.0.0 (location: E:\Unity\Project\TowerDefense\TowerDefense\Library\PackageCache\com.unity.modules.wind)
    com.unity.modules.xr@1.0.0 (location: E:\Unity\Project\TowerDefense\TowerDefense\Library\PackageCache\com.unity.modules.xr)
[Subsystems] No new subsystems found in resolved package list.
[Package Manager] Done registering packages in 0.02 seconds
[ScriptCompilation] Requested script compilation because: Assetdatabase observed changes in script compilation related files
Refreshing native plugins compatible for Editor in 3.05 ms, found 5 plugins.
Starting: E:\Unity\Material\6000.3.21f1\Editor\Data\Tools\BuildPipeline\bee_backend.exe --ipc --defer-dag-verification --dagfile="Library/Bee/1300b0aE.dag" --continue-on-failure --profile="Library/Bee/backend1.traceevents" ScriptAssemblies
WorkingDir: E:/Unity/Project/TowerDefense/TowerDefense
DisplayProgressbar: Compiling Scripts
ExitCode: 0 Duration: 3s214ms
[1259/1669  0s] ILPP-Configuration Library/ilpp-configuration.nevergeneratedoutput
[1318/1669  0s] Csc Library/Bee/artifacts/1300b0aE.dag/AlienDefense.Runtime.dll (+2 others)
[1642/1669  0s] ILPostProcess Library/Bee/artifacts/1300b0aE.dag/post-processed/AlienDefense.Runtime.dll (+pdb)
Processing assembly Library/Bee/artifacts/1300b0aE.dag/AlienDefense.Runtime.dll, with 153 defines and 281 references

processors: Unity.Jobs.CodeGen.JobsILPostProcessor, zzzUnity.Burst.CodeGen.BurstILPostProcessor

running Unity.Jobs.CodeGen.JobsILPostProcessor

running zzzUnity.Burst.CodeGen.BurstILPostProcessor
[1643/1669  0s] CopyFiles Library/ScriptAssemblies/AlienDefense.Runtime.pdb
[1644/1669  0s] CopyFiles Library/ScriptAssemblies/AlienDefense.Runtime.dll
[1645/1669  0s] Csc Library/Bee/artifacts/1300b0aE.dag/AlienDefense.Tests.PlayMode.dll (+2 others)
[1646/1669  0s] Csc Library/Bee/artifacts/1300b0aE.dag/AlienDefense.Tests.EditMode.dll (+2 others)
[1647/1669  0s] Csc Library/Bee/artifacts/1300b0aE.dag/AlienDefense.Editor.dll (+2 others)
[1648/1669  0s] ILPostProcess Library/Bee/artifacts/1300b0aE.dag/post-processed/AlienDefense.Tests.PlayMode.dll (+pdb)
Processing assembly Library/Bee/artifacts/1300b0aE.dag/AlienDefense.Tests.PlayMode.dll, with 153 defines and 261 references

processors: Unity.Jobs.CodeGen.JobsILPostProcessor, zzzUnity.Burst.CodeGen.BurstILPostProcessor

running Unity.Jobs.CodeGen.JobsILPostProcessor

running zzzUnity.Burst.CodeGen.BurstILPostProcessor
[1649/1669  0s] ILPostProcess Library/Bee/artifacts/1300b0aE.dag/post-processed/AlienDefense.Tests.EditMode.dll (+pdb)
Processing assembly Library/Bee/artifacts/1300b0aE.dag/AlienDefense.Tests.EditMode.dll, with 151 defines and 274 references

processors: Unity.Jobs.CodeGen.JobsILPostProcessor, zzzUnity.Burst.CodeGen.BurstILPostProcessor

running Unity.Jobs.CodeGen.JobsILPostProcessor

running zzzUnity.Burst.CodeGen.BurstILPostProcessor
[1650/1669  0s] CopyFiles Library/ScriptAssemblies/AlienDefense.Tests.EditMode.pdb
[1651/1669  0s] CopyFiles Library/ScriptAssemblies/AlienDefense.Tests.PlayMode.pdb
[1652/1669  0s] CopyFiles Library/ScriptAssemblies/AlienDefense.Tests.PlayMode.dll
[1653/1669  0s] CopyFiles Library/ScriptAssemblies/AlienDefense.Tests.EditMode.dll
[1654/1669  0s] ILPostProcess Library/Bee/artifacts/1300b0aE.dag/post-processed/AlienDefense.Editor.dll (+pdb)
Processing assembly Library/Bee/artifacts/1300b0aE.dag/AlienDefense.Editor.dll, with 151 defines and 296 references

processors: Unity.Jobs.CodeGen.JobsILPostProcessor, zzzUnity.Burst.CodeGen.BurstILPostProcessor

running Unity.Jobs.CodeGen.JobsILPostProcessor

running zzzUnity.Burst.CodeGen.BurstILPostProcessor
[1655/1669  0s] CopyFiles Library/ScriptAssemblies/AlienDefense.Editor.pdb
[1656/1669  0s] Csc Library/Bee/artifacts/1300b0aE.dag/Assembly-CSharp-firstpass.dll (+2 others)
[1657/1669  0s] Csc Library/Bee/artifacts/1300b0aE.dag/Assembly-CSharp.dll (+2 others)
[1658/1669  0s] CopyFiles Library/ScriptAssemblies/AlienDefense.Editor.dll
[1659/1669  0s] Csc Library/Bee/artifacts/1300b0aE.dag/Assembly-CSharp-Editor.dll (+2 others)
[1660/1669  1s] ILPostProcess Library/Bee/artifacts/1300b0aE.dag/post-processed/Assembly-CSharp-firstpass.dll (+pdb)
Processing assembly Library/Bee/artifacts/1300b0aE.dag/Assembly-CSharp-firstpass.dll, with 153 defines and 355 references

processors: Unity.Jobs.CodeGen.JobsILPostProcessor, zzzUnity.Burst.CodeGen.BurstILPostProcessor

running Unity.Jobs.CodeGen.JobsILPostProcessor

running zzzUnity.Burst.CodeGen.BurstILPostProcessor
[1661/1669  1s] ILPostProcess Library/Bee/artifacts/1300b0aE.dag/post-processed/Assembly-CSharp.dll (+pdb)
Processing assembly Library/Bee/artifacts/1300b0aE.dag/Assembly-CSharp.dll, with 153 defines and 356 references

processors: Unity.Jobs.CodeGen.JobsILPostProcessor, zzzUnity.Burst.CodeGen.BurstILPostProcessor

running Unity.Jobs.CodeGen.JobsILPostProcessor

running zzzUnity.Burst.CodeGen.BurstILPostProcessor
[1662/1669  0s] ILPostProcess Library/Bee/artifacts/1300b0aE.dag/post-processed/Assembly-CSharp-Editor.dll (+pdb)
Processing assembly Library/Bee/artifacts/1300b0aE.dag/Assembly-CSharp-Editor.dll, with 151 defines and 385 references

processors: Unity.Jobs.CodeGen.JobsILPostProcessor, zzzUnity.Burst.CodeGen.BurstILPostProcessor

running Unity.Jobs.CodeGen.JobsILPostProcessor

running zzzUnity.Burst.CodeGen.BurstILPostProcessor
[1663/1669  0s] CopyFiles Library/ScriptAssemblies/Assembly-CSharp.dll
[1664/1669  0s] CopyFiles Library/ScriptAssemblies/Assembly-CSharp-Editor.pdb
[1665/1669  0s] CopyFiles Library/ScriptAssemblies/Assembly-CSharp-firstpass.pdb
[1666/1669  0s] CopyFiles Library/ScriptAssemblies/Assembly-CSharp.pdb
[1667/1669  0s] CopyFiles Library/ScriptAssemblies/Assembly-CSharp-firstpass.dll
[1668/1669  0s] CopyFiles Library/ScriptAssemblies/Assembly-CSharp-Editor.dll
*** Tundra build success (3.17 seconds), 29 items updated, 1669 evaluated
AssetDatabase: script compilation time: 3.702926s
Begin MonoManager ReloadAssembly
- Loaded All Assemblies, in 14.592 seconds
Refreshing native plugins compatible for Editor in 1.95 ms, found 5 plugins.
Native extension for Android target not found
Native extension for UWP target not found
Native extension for WindowsStandalone target not found
Refreshing native plugins compatible for Editor in 2.17 ms, found 5 plugins.
[PlayModeStartSceneEnforcer] Pinned Play Mode start scene to Bootstrap.unity.
UnityEngine.Debug:ExtractStackTraceNoAlloc (byte*,int,string)
UnityEngine.StackTraceUtility:ExtractStackTrace ()
UnityEngine.DebugLogHandler:Internal_Log (UnityEngine.LogType,UnityEngine.LogOption,string,UnityEngine.Object)
UnityEngine.DebugLogHandler:LogFormat (UnityEngine.LogType,UnityEngine.Object,string,object[])
UnityEngine.Logger:Log (UnityEngine.LogType,object)
UnityEngine.Debug:Log (object)
AlienDefense.EditorTools.PlayModeStartSceneEnforcer:Apply () (at Assets/_Game/Scripts/Editor/PlayModeStartSceneEnforcer.cs:41)
AlienDefense.EditorTools.PlayModeStartSceneEnforcer:.cctor () (at Assets/_Game/Scripts/Editor/PlayModeStartSceneEnforcer.cs:23)
System.Runtime.CompilerServices.RuntimeHelpers:RunClassConstructor (System.RuntimeTypeHandle)
UnityEditor.EditorAssemblies:ProcessInitializeOnLoadAttributes (System.Type[])

(Filename: Assets/_Game/Scripts/Editor/PlayModeStartSceneEnforcer.cs Line: 41)

Refreshing native plugins compatible for Editor in 2.67 ms, found 5 plugins.
[ScriptCompilation] Requested script compilation because: Define symbols changed
[Licensing::Client] Error: Code 404 while processing request (status: Found 0 entitlement groups and 0 free entitlements matching requested entitlement ids)
[Licensing::Client] Error: Code 404 while processing request (status: Found 0 entitlement groups and 0 free entitlements matching requested entitlement ids)
[Licensing::Client] Error: Code 404 while processing request (status: Found 0 entitlement groups and 0 free entitlements matching requested entitlement ids)
ScheduleIndexationOnStartup MainProcess:True IndexOnStartup:True
Mono: successfully reloaded assembly
- Finished resetting the current domain, in  5.821 seconds
Domain Reload Profiling: 20412ms
	BeginReloadAssembly (307ms)
		ExecutionOrderSort (0ms)
		DisableScriptedObjects (23ms)
		BackupInstance (0ms)
		ReleaseScriptingObjects (0ms)
		CreateAndSetChildDomain (155ms)
	RebuildCommonClasses (35ms)
	RebuildNativeTypeToScriptingClass (12ms)
	initialDomainReloadingComplete (46ms)
	LoadAllAssembliesAndSetupDomain (14190ms)
		LoadAssemblies (13778ms)
		RebuildTransferFunctionScriptingTraits (0ms)
		AnalyzeDomain (504ms)
			TypeCache.Refresh (390ms)
				TypeCache.ScanAssembly (368ms)
			BuildScriptInfoCaches (96ms)
			ResolveRequiredComponents (11ms)
	FinalizeReload (5822ms)
		ReleaseScriptCaches (0ms)
		RebuildScriptCaches (0ms)
		SetupLoadedEditorAssemblies (5597ms)
			LogAssemblyErrors (0ms)
			InitializePlatformSupportModulesInManaged (37ms)
			SetLoadedEditorAssemblies (4ms)
			BeforeProcessingInitializeOnLoad (195ms)
			ProcessInitializeOnLoadAttributes (4804ms)
			ProcessInitializeOnLoadMethodAttributes (555ms)
			AfterProcessingInitializeOnLoad (2ms)
			EditorAssembliesLoaded (1ms)
		ExecutionOrderSort2 (0ms)
		AwakeInstancesAfterBackupRestoration (17ms)
Starting: E:\Unity\Material\6000.3.21f1\Editor\Data\Tools\BuildPipeline\bee_backend.exe --ipc --defer-dag-verification --dagfile="Library/Bee/1300b0aE.dag" --continue-on-failure --profile="Library/Bee/backend1.traceevents" ScriptAssemblies
WorkingDir: E:/Unity/Project/TowerDefense/TowerDefense
Starting: E:\Unity\Material\6000.3.21f1\Editor\Data\netcorerun\netcorerun.exe "E:\Unity\Material\6000.3.21f1\Editor\Data\Tools\BuildPipeline\ScriptCompilationBuildProgram.exe" "Library/Bee/1300b0aE.dag.json" "Library/Bee/1300b0aE-inputdata.json" "Library\Bee\buildprogram0.traceevents"
WorkingDir: E:/Unity/Project/TowerDefense/TowerDefense
ExitCode: 4 Duration: 0s259ms
Rebuilding DAG because FileSignature timestamp changed: Library/Bee/1300b0aE-inputdata.json
[1266/1669  0s] ILPP-Configuration Library/ilpp-configuration.nevergeneratedoutput
*** Tundra requires additional run (0.23 seconds), 1 items updated, 1265 evaluated
ExitCode: 0 Duration: 1s439ms
Starting: E:\Unity\Material\6000.3.21f1\Editor\Data\Tools\BuildPipeline\bee_backend.exe --ipc --defer-dag-verification --dagfile="Library/Bee/1300b0aE.dag" --continue-on-failure --dagfilejson="Library\Bee\1300b0aE.dag.json" --profile="Library/Bee/backend2.traceevents" ScriptAssemblies
WorkingDir: E:/Unity/Project/TowerDefense/TowerDefense
ExitCode: 0 Duration: 7s492ms
Finished compiling graph: 1673 nodes, 35434 flattened edges (28382 ToBuild, 280 ToUse), maximum node priority 1915
[ 225/1669  0s] WriteText Library/Bee/artifacts/1300b0aE.dag/UnityEngine.TestRunner.rsp
[ 226/1669  0s] WriteText Library/Bee/artifacts/1300b0aE.dag/Unity.AI.Toolkit.Utility.rsp
[ 227/1669  0s] WriteText Library/Bee/artifacts/1300b0aE.dag/UnityEditor.UI.rsp
[ 230/1669  0s] WriteText Library/Bee/artifacts/1300b0aE.dag/Unity.Collections.rsp
[ 235/1669  0s] WriteText Library/Bee/artifacts/1300b0aE.dag/Unity.Burst.CodeGen.rsp
[ 236/1669  0s] WriteText Library/Bee/artifacts/1300b0aE.dag/UnityEditor.TestRunner.rsp
[ 245/1669  0s] WriteText Library/Bee/artifacts/1300b0aE.dag/Unity.AI.Assistant.Runtime.rsp
[ 248/1669  0s] WriteText Library/Bee/artifacts/1300b0aE.dag/Unity.AI.Generators.IO.Srp.rsp
[ 251/1669  0s] WriteText Library/Bee/artifacts/1300b0aE.dag/Unity.RenderPipelines.Core.Runtime.rsp
[ 259/1669  0s] WriteText Library/Bee/artifacts/1300b0aE.dag/Unity.Burst.rsp
[ 260/1669  0s] WriteText Library/Bee/artifacts/1300b0aE.dag/Unity.AI.Toolkit.Asset.rsp
[ 263/1669  0s] WriteText Library/Bee/artifacts/1300b0aE.dag/Unity.AI.Generators.Contexts.rsp
[ 264/1669  0s] WriteText Library/Bee/artifacts/1300b0aE.dag/Unity.InputSystem.rsp
[ 265/1669  0s] WriteText Library/Bee/artifacts/1300b0aE.dag/Unity.AI.Tracing.rsp
[ 266/1669  0s] WriteText Library/Bee/artifacts/1300b0aE.dag/Unity.AI.Toolkit.Async.rsp
[ 267/1669  0s] WriteText Library/Bee/artifacts/1300b0aE.dag/UnityEngine.UI.rsp
[ 268/1669  0s] WriteText Library/Bee/artifacts/1300b0aE.dag/Unity.2D.Sprite.Editor.rsp
[ 281/1669  0s] WriteText Library/Bee/artifacts/1300b0aE.dag/Unity.AI.Toolkit.Compliance.rsp
[ 284/1669  0s] WriteText Library/Bee/artifacts/1300b0aE.dag/Unity.AI.Assistant.Editor.rsp
[ 287/1669  0s] WriteText Library/Bee/artifacts/1300b0aE.dag/Unity.AI.Generators.Redux.rsp
[ 301/1669  0s] WriteText Library/Bee/artifacts/1300b0aE.dag/Unity.AI.Generators.IO.rsp
[ 310/1669  0s] WriteText Library/Bee/artifacts/1300b0aE.dag/Unity.Mathematics.rsp
[ 312/1669  0s] WriteText Library/Bee/artifacts/1300b0aE.dag/Unity.InferenceEngine.rsp
[ 327/1669  0s] WriteText Library/Bee/artifacts/1300b0aE.dag/Unity.AppUI.InternalAPIBridge.rsp
[ 330/1669  0s] WriteText Library/Bee/artifacts/1300b0aE.dag/Unity.AI.Generators.UI.rsp
[ 331/1669  0s] WriteText Library/Bee/artifacts/1300b0aE.dag/Unity.RenderPipelines.GPUDriven.Runtime.rsp
[ 332/1669  0s] WriteText Library/Bee/artifacts/1300b0aE.dag/Unity.VisualScripting.Core.rsp
[ 335/1669  0s] WriteText Library/Bee/artifacts/1300b0aE.dag/Unity.VisualScripting.Flow.rsp
[ 343/1669  0s] WriteText Library/Bee/artifacts/1300b0aE.dag/Unity.AI.Assistant.Bridge.Editor.rsp
[ 349/1669  0s] WriteText Library/Bee/artifacts/1300b0aE.dag/Unity.InternalAPIEngineBridge.004.rsp
[ 350/1669  0s] WriteText Library/Bee/artifacts/1300b0aE.dag/Unity.RenderPipelines.Core.Editor.rsp
[ 351/1669  0s] WriteText Library/Bee/artifacts/1300b0aE.dag/Unity.AI.Generators.Asset.rsp
[ 352/1669  0s] WriteText Library/Bee/artifacts/1300b0aE.dag/Unity.RenderPipelines.Universal.Config.Runtime.rsp
[ 353/1669  0s] WriteText Library/Bee/artifacts/1300b0aE.dag/Unity.RenderPipelines.Core.Runtime.Shared.rsp
[ 354/1669  0s] WriteText Library/Bee/artifacts/1300b0aE.dag/Unity.RenderPipelines.Universal.Runtime.rsp
[ 367/1669  0s] WriteText Library/Bee/artifacts/1300b0aE.dag/Unity.AI.Assistant.Tools.Editor.rsp
[ 368/1669  0s] WriteText Library/Bee/artifacts/1300b0aE.dag/Unity.AI.Search.Editor.rsp
[ 369/1669  0s] WriteText Library/Bee/artifacts/1300b0aE.dag/Unity.VisualScripting.Core.Editor.rsp
[ 386/1669  0s] WriteText Library/Bee/artifacts/1300b0aE.dag/Unity.Postprocessing.Runtime.rsp
[ 403/1669  0s] WriteText Library/Bee/artifacts/1300b0aE.dag/Unity.AI.Toolkit.Accounts.rsp
[ 405/1669  0s] WriteText Library/Bee/artifacts/1300b0aE.dag/Unity.UnifiedRayTracing.Runtime.rsp
[ 406/1669  0s] WriteText Library/Bee/artifacts/1300b0aE.dag/HFDownloader.rsp
[ 407/1669  0s] WriteText Library/Bee/artifacts/1300b0aE.dag/Unity.AI.Toolkit.GenerationObjectPicker.rsp
[ 408/1669  0s] WriteText Library/Bee/artifacts/1300b0aE.dag/Unity.AI.Generators.Sdk.rsp
[ 415/1669  0s] WriteText Library/Bee/artifacts/1300b0aE.dag/Unity.VisualScripting.State.rsp
[ 418/1669  0s] WriteText Library/Bee/artifacts/1300b0aE.dag/Unity.AI.Assistant.Annotations.Editor.rsp
[ 419/1669  0s] WriteText Library/Bee/artifacts/1300b0aE.dag/Unity.RenderPipeline.Universal.ShaderLibrary.rsp
[ 420/1669  0s] WriteText Library/Bee/artifacts/1300b0aE.dag/Unity.AI.Toolkit.GenerationContextMenu.rsp
[ 421/1669  0s] WriteText Library/Bee/artifacts/1300b0aE.dag/Unity.ShaderGraph.Utilities.rsp
[ 425/1669  0s] WriteText Library/Bee/artifacts/1300b0aE.dag/Unity.Searcher.Editor.rsp
[ 427/1669  0s] WriteText Library/Bee/artifacts/1300b0aE.dag/Unity.AI.ModelSelector.rsp
[ 428/1669  0s] WriteText Library/Bee/artifacts/1300b0aE.dag/Unity.AI.Navigation.rsp
[ 437/1669  0s] WriteText Library/Bee/artifacts/1300b0aE.dag/Unity.AI.Assistant.Agent.Dynamic.Extension.Editor.rsp
[ 438/1669  0s] WriteText Library/Bee/artifacts/1300b0aE.dag/Unity.TextMeshPro.rsp
[ 441/1669  0s] WriteText Library/Bee/artifacts/1300b0aE.dag/Unity.AppUI.rsp
[ 442/1669  0s] WriteText Library/Bee/artifacts/1300b0aE.dag/Unity.AI.Pbr.Srp.rsp
[ 445/1669  0s] WriteText Library/Bee/artifacts/1300b0aE.dag/Unity.VisualScripting.Flow.Editor.rsp
[ 456/1669  0s] WriteText Library/Bee/artifacts/1300b0aE.dag/Unity.AI.Animate.Motion.Runtime.rsp
[ 473/1669  0s] WriteText Library/Bee/artifacts/1300b0aE.dag/Unity.Postprocessing.Editor.rsp
[ 476/1669  0s] WriteText Library/Bee/artifacts/1300b0aE.dag/Unity.AppUI.Redux.rsp
[ 477/1669  0s] WriteText Library/Bee/artifacts/1300b0aE.dag/Unity.AI.Animate.rsp
[ 478/1669  0s] WriteText Library/Bee/artifacts/1300b0aE.dag/Unity.AI.Mesh.rsp
[ 479/1669  0s] WriteText Library/Bee/artifacts/1300b0aE.dag/Unity.Mathematics.Editor.rsp
[ 480/1669  0s] WriteText Library/Bee/artifacts/1300b0aE.dag/Unity.AI.Pbr.rsp
[ 481/1669  0s] WriteText Library/Bee/artifacts/1300b0aE.dag/Unity.RenderPipelines.Universal.2D.Runtime.rsp
[ 499/1669  0s] WriteText Library/Bee/artifacts/1300b0aE.dag/Unity.AI.Navigation.Editor.ConversionSystem.rsp
[ 500/1669  0s] WriteText Library/Bee/artifacts/1300b0aE.dag/Unity.AI.Generators.UI.AIDropdownIntegrations.rsp
[ 502/1669  0s] WriteText Library/Bee/artifacts/1300b0aE.dag/Unity.AI.Sound.rsp
[ 503/1669  0s] WriteText Library/Bee/artifacts/1300b0aE.dag/Unity.AppUI.Editor.rsp
[ 504/1669  0s] WriteText Library/Bee/artifacts/1300b0aE.dag/Unity.InferenceEngine.Microsoft.Msagl.rsp
[ 505/1669  0s] WriteText Library/Bee/artifacts/1300b0aE.dag/Unity.AI.Image.rsp
[ 506/1669  0s] WriteText Library/Bee/artifacts/1300b0aE.dag/Unity.InferenceEngine.ONNX.Editor.rsp
[ 507/1669  0s] WriteText Library/Bee/artifacts/1300b0aE.dag/Unity.VisualScripting.State.Editor.rsp
[ 508/1669  0s] WriteText Library/Bee/artifacts/1300b0aE.dag/Unity.AI.Generators.Tools.rsp
[ 509/1669  0s] WriteText Library/Bee/artifacts/1300b0aE.dag/Unity.Burst.Editor.rsp
[ 511/1669  0s] WriteText Library/Bee/artifacts/1300b0aE.dag/Unity.Settings.Editor.rsp
[ 516/1669  0s] WriteText Library/Bee/artifacts/1300b0aE.dag/Unity.RenderPipelines.Core.Editor.Shared.rsp
[ 525/1669  0s] WriteText Library/Bee/artifacts/1300b0aE.dag/Unity.AI.Navigation.Editor.rsp
[ 528/1669  0s] WriteText Library/Bee/artifacts/1300b0aE.dag/Unity.AI.Assistant.UI.Editor.rsp
[ 529/1669  0s] WriteText Library/Bee/artifacts/1300b0aE.dag/Unity.TestTools.CodeCoverage.Editor.OpenCover.Model.rsp
[ 592/1669  0s] WriteText Library/Bee/artifacts/1300b0aE.dag/Unity.Timeline.rsp
[ 593/1669  0s] WriteText Library/Bee/artifacts/1300b0aE.dag/Unity.AI.MCP.Runtime.rsp
[ 619/1669  0s] WriteText Library/Bee/artifacts/1300b0aE.dag/Unity.AI.Assistant.API.Editor.rsp
[ 620/1669  0s] WriteText Library/Bee/artifacts/1300b0aE.dag/Unity.AppUI.Navigation.rsp
[ 621/1669  0s] WriteText Library/Bee/artifacts/1300b0aE.dag/Unity.ShaderGraph.Editor.rsp
[ 622/1669  0s] WriteText Library/Bee/artifacts/1300b0aE.dag/Unity.InputSystem.ForUI.rsp
[ 623/1669  0s] WriteText Library/Bee/artifacts/1300b0aE.dag/Unity.InferenceEngine.Editor.Visualizer.rsp
[ 624/1669  0s] WriteText Library/Bee/artifacts/1300b0aE.dag/Unity.Collections.CodeGen.rsp
[ 625/1669  0s] WriteText Library/Bee/artifacts/1300b0aE.dag/Unity.ProGrids.rsp
[ 626/1669  0s] WriteText Library/Bee/artifacts/1300b0aE.dag/Unity.Rider.Editor.rsp
[ 627/1669  0s] WriteText Library/Bee/artifacts/1300b0aE.dag/Unity.TestTools.CodeCoverage.Editor.OpenCover.Mono.Reflection.rsp
[ 628/1669  0s] WriteText Library/Bee/artifacts/1300b0aE.dag/Unity.PlasticSCM.Editor.rsp
[ 629/1669  0s] WriteText Library/Bee/artifacts/1300b0aE.dag/AlienDefense.Runtime.rsp
[ 630/1669  0s] WriteText Library/Bee/artifacts/1300b0aE.dag/Unity.Multiplayer.Center.Common.rsp
[ 631/1669  0s] WriteText Library/Bee/artifacts/1300b0aE.dag/Unity.VisualScripting.Shared.Editor.rsp
[ 632/1669  0s] WriteText Library/Bee/artifacts/1300b0aE.dag/Unity.AI.Assistant.AssetGenerators.Editor.rsp
[ 633/1669  0s] WriteText Library/Bee/artifacts/1300b0aE.dag/Unity.Timeline.Editor.rsp
[ 634/1669  0s] WriteText Library/Bee/artifacts/1300b0aE.dag/Unity.TextMeshPro.Editor.rsp
[ 635/1669  0s] WriteText Library/Bee/artifacts/1300b0aE.dag/Unity.RenderPipelines.Universal.Editor.rsp
[ 636/1669  0s] WriteText Library/Bee/artifacts/1300b0aE.dag/UnityEditor.UI.Analytics.rsp
[ 637/1669  0s] WriteText Library/Bee/artifacts/1300b0aE.dag/Unity.RenderPipelines.Universal.Shaders.rsp
[ 638/1669  0s] WriteText Library/Bee/artifacts/1300b0aE.dag/Unity.TestTools.CodeCoverage.Editor.rsp
[ 639/1669  0s] WriteText Library/Bee/artifacts/1300b0aE.dag/Unity.AppUI.Navigation.Editor.rsp
[ 640/1669  0s] WriteText Library/Bee/artifacts/1300b0aE.dag/Unity.InferenceEngine.MacBLAS.rsp
[ 641/1669  0s] WriteText Library/Bee/artifacts/1300b0aE.dag/Unity.AppUI.Redux.Editor.rsp
[ 642/1669  0s] WriteText Library/Bee/artifacts/1300b0aE.dag/Unity.Rendering.LightTransport.Editor.rsp
[ 643/1669  0s] WriteText Library/Bee/artifacts/1300b0aE.dag/Unity.InferenceEngine.Tokenization.rsp
[ 644/1669  0s] WriteText Library/Bee/artifacts/1300b0aE.dag/Unity.VisualScripting.SettingsProvider.Editor.rsp
[ 645/1669  0s] WriteText Library/Bee/artifacts/1300b0aE.dag/Unity.VisualStudio.Editor.rsp
[ 649/1669  0s] WriteText Library/Bee/artifacts/1300b0aE.dag/Unity.Collections.Editor.rsp
[ 659/1669  0s] WriteText Library/Bee/artifacts/1300b0aE.dag/Unity.AppUI.Undo.rsp
[ 660/1669  0s] WriteText Library/Bee/artifacts/1300b0aE.dag/Unity.Performance.Profile-Analyzer.Editor.rsp
[ 661/1669  0s] WriteText Library/Bee/artifacts/1300b0aE.dag/Unity.EditorCoroutines.Editor.rsp
[ 662/1669  0s] WriteText Library/Bee/artifacts/1300b0aE.dag/Unity.Multiplayer.Center.Editor.rsp
[ 669/1669  0s] WriteText Library/Bee/artifacts/1300b0aE.dag/Unity.AppUI.MVVM.rsp
[ 673/1669  0s] WriteText Library/Bee/artifacts/1300b0aE.dag/AlienDefense.Editor.rsp
[ 679/1669  0s] WriteText Library/Bee/artifacts/1300b0aE.dag/Unity.InferenceEngine.iOSBLAS.rsp
[ 696/1669  0s] WriteText Library/Bee/artifacts/1300b0aE.dag/Unity.AI.Assistant.Integrations.Profiler.Editor.rsp
[ 697/1669  0s] WriteText Library/Bee/artifacts/1300b0aE.dag/Unity.ProGrids.Editor.rsp
[ 698/1669  0s] WriteText Library/Bee/artifacts/1300b0aE.dag/Unity.InputSystem.ForUI.Editor.rsp
[ 699/1669  0s] WriteText Library/Bee/artifacts/1300b0aE.dag/Unity.RenderPipelines.ShaderGraph.ShaderGraphLibrary.rsp
[ 700/1669  0s] WriteText Library/Bee/artifacts/1300b0aE.dag/AlienDefense.Tests.PlayMode.rsp
[ 701/1669  0s] WriteText Library/Bee/artifacts/1300b0aE.dag/Unity.InferenceEngine.Editor.rsp
[ 702/1669  0s] WriteText Library/Bee/artifacts/1300b0aE.dag/AlienDefense.Tests.EditMode.rsp
[ 703/1669  0s] WriteText Library/Bee/artifacts/1300b0aE.dag/Unity.PerformanceTesting.rsp
[ 704/1669  0s] WriteText Library/Bee/artifacts/1300b0aE.dag/Unity.VisualScripting.DocCodeExamples.rsp
[ 705/1669  0s] WriteText Library/Bee/artifacts/1300b0aE.dag/Unity.AI.MCP.Editor.rsp
[ 706/1669  0s] WriteText Library/Bee/artifacts/1300b0aE.dag/Unity.PlasticSCM.Editor.Entities.rsp
[ 707/1669  0s] WriteText Library/Bee/artifacts/1300b0aE.dag/Unity.AI.Navigation.Updater.rsp
[ 708/1669  0s] WriteText Library/Bee/artifacts/1300b0aE.dag/PPv2URPConverters.rsp
[ 709/1669  0s] WriteResponseFile Library/Bee/artifacts/rsp/18228123883807963745.rsp
[ 710/1669  0s] WriteText Library/Bee/artifacts/1300b0aE.dag/Unity.RenderPipelines.Core.ShaderLibrary.rsp
[ 711/1669  0s] WriteText Library/Bee/artifacts/1300b0aE.dag/Unity.InputSystem.TestFramework.rsp
[ 712/1669  0s] WriteText Library/Bee/artifacts/1300b0aE.dag/Assembly-CSharp.rsp
[ 713/1669  0s] WriteResponseFile Library/Bee/artifacts/rsp/3518005517008711857.rsp
[ 714/1669  0s] WriteText Library/Bee/artifacts/1300b0aE.dag/Unity.CollabProxy.Editor.rsp
[ 715/1669  0s] WriteText Library/Bee/artifacts/1300b0aE.dag/Unity.PerformanceTesting.Editor.rsp
[ 716/1669  0s] WriteText Library/Bee/artifacts/1300b0aE.dag/Unity.RenderPipelines.Universal.2D.Editor.Overrides.rsp
[ 717/1669  0s] WriteResponseFile Library/Bee/artifacts/rsp/10888462760497858608.rsp
[ 718/1669  0s] WriteResponseFile Library/Bee/artifacts/rsp/15822029657000475244.rsp
[ 719/1669  0s] WriteText Library/Bee/artifacts/1300b0aE.dag/Unity.InputSystem.DocCodeSamples.rsp
[ 720/1669  0s] WriteResponseFile Library/Bee/artifacts/rsp/8025669161390045999.rsp
[ 721/1669  0s] WriteText Library/Bee/artifacts/1300b0aE.dag/Unity.2D.Tilemap.Editor.rsp
[ 722/1669  0s] WriteResponseFile Library/Bee/artifacts/rsp/13316254593911903285.rsp
[ 723/1669  0s] WriteResponseFile Library/Bee/artifacts/rsp/14735455890999770776.rsp
[ 724/1669  0s] WriteResponseFile Library/Bee/artifacts/rsp/16931096754936575283.rsp
[ 725/1669  0s] WriteText Library/Bee/artifacts/1300b0aE.dag/Assembly-CSharp-Editor.rsp
[ 726/1669  0s] WriteResponseFile Library/Bee/artifacts/rsp/9270447892738695245.rsp
[ 727/1669  0s] WriteText Library/Bee/artifacts/1300b0aE.dag/Assembly-CSharp-firstpass.rsp
[ 728/1669  0s] WriteResponseFile Library/Bee/artifacts/rsp/18322172259747250364.rsp
[ 729/1669  0s] WriteResponseFile Library/Bee/artifacts/rsp/17426999905933582995.rsp
[ 730/1669  0s] WriteResponseFile Library/Bee/artifacts/rsp/10200443812552500153.rsp
[ 731/1669  0s] WriteResponseFile Library/Bee/artifacts/rsp/3918881700225894028.rsp
[ 732/1669  0s] WriteResponseFile Library/Bee/artifacts/rsp/14336251148300618570.rsp
[ 733/1669  0s] WriteResponseFile Library/Bee/artifacts/rsp/8699098077424364950.rsp
[ 734/1669  0s] WriteResponseFile Library/Bee/artifacts/rsp/10592572341192533515.rsp
[ 735/1669  0s] WriteResponseFile Library/Bee/artifacts/rsp/2536172375347383056.rsp
[ 736/1669  0s] WriteResponseFile Library/Bee/artifacts/rsp/14566175992678128464.rsp
[ 737/1669  0s] WriteResponseFile Library/Bee/artifacts/rsp/10287777301456656091.rsp
[ 738/1669  0s] WriteResponseFile Library/Bee/artifacts/rsp/1232274352515183983.rsp
[ 739/1669  0s] WriteResponseFile Library/Bee/artifacts/rsp/1459951638464807457.rsp
[ 740/1669  0s] WriteResponseFile Library/Bee/artifacts/rsp/289215647867572273.rsp
[ 741/1669  0s] WriteResponseFile Library/Bee/artifacts/rsp/2905846839826360205.rsp
[ 742/1669  0s] WriteResponseFile Library/Bee/artifacts/rsp/9674472618506675568.rsp
[ 743/1669  0s] WriteResponseFile Library/Bee/artifacts/rsp/1091853814151126383.rsp
[ 744/1669  0s] WriteResponseFile Library/Bee/artifacts/rsp/17849343244525841244.rsp
[ 745/1669  0s] WriteResponseFile Library/Bee/artifacts/rsp/2855630747675663083.rsp
[ 746/1669  0s] WriteResponseFile Library/Bee/artifacts/rsp/12602977750693246875.rsp
[ 747/1669  0s] WriteResponseFile Library/Bee/artifacts/rsp/16514798858072012908.rsp
[ 748/1669  0s] WriteResponseFile Library/Bee/artifacts/rsp/13465028941639940531.rsp
[ 749/1669  0s] WriteResponseFile Library/Bee/artifacts/rsp/37211576175058441.rsp
[ 750/1669  0s] WriteResponseFile Library/Bee/artifacts/rsp/12840568150877462251.rsp
[ 751/1669  0s] WriteResponseFile Library/Bee/artifacts/rsp/9331854439448552.rsp
[ 752/1669  0s] WriteResponseFile Library/Bee/artifacts/rsp/17582761520220865613.rsp
[ 753/1669  0s] WriteResponseFile Library/Bee/artifacts/rsp/1611384070209416087.rsp
[ 754/1669  0s] WriteResponseFile Library/Bee/artifacts/rsp/8501450738774796349.rsp
[ 755/1669  0s] WriteResponseFile Library/Bee/artifacts/rsp/5719315610345306174.rsp
[ 756/1669  0s] WriteResponseFile Library/Bee/artifacts/rsp/15057807673945199079.rsp
[ 757/1669  0s] WriteResponseFile Library/Bee/artifacts/rsp/10954961577305843072.rsp
[ 758/1669  0s] WriteResponseFile Library/Bee/artifacts/rsp/15203659990925296088.rsp
[ 759/1669  0s] WriteResponseFile Library/Bee/artifacts/rsp/10967801669428031168.rsp
[ 760/1669  0s] WriteResponseFile Library/Bee/artifacts/rsp/17594018927210330302.rsp
[ 761/1669  0s] WriteResponseFile Library/Bee/artifacts/rsp/5776278630737689099.rsp
[ 762/1669  0s] WriteResponseFile Library/Bee/artifacts/rsp/1172049482790862315.rsp
[ 763/1669  0s] WriteResponseFile Library/Bee/artifacts/rsp/17757397605094907995.rsp
[ 764/1669  0s] WriteResponseFile Library/Bee/artifacts/rsp/18083169557732820060.rsp
[ 765/1669  0s] WriteResponseFile Library/Bee/artifacts/rsp/3849849638900115169.rsp
[ 766/1669  0s] WriteResponseFile Library/Bee/artifacts/rsp/8390432976022905972.rsp
[ 767/1669  0s] WriteResponseFile Library/Bee/artifacts/rsp/14242374654967840925.rsp
[ 768/1669  0s] WriteResponseFile Library/Bee/artifacts/rsp/4134600381621047320.rsp
[ 769/1669  0s] WriteResponseFile Library/Bee/artifacts/rsp/14037764100386846435.rsp
[ 770/1669  0s] WriteResponseFile Library/Bee/artifacts/rsp/12098234485063807520.rsp
[ 771/1669  0s] WriteResponseFile Library/Bee/artifacts/rsp/3525977299383787660.rsp
[ 772/1669  0s] WriteResponseFile Library/Bee/artifacts/rsp/10514843007091821179.rsp
[ 773/1669  0s] WriteResponseFile Library/Bee/artifacts/rsp/14540844418576930643.rsp
[ 774/1669  0s] WriteResponseFile Library/Bee/artifacts/rsp/1786589184738026931.rsp
[ 775/1669  0s] WriteResponseFile Library/Bee/artifacts/rsp/3305602452097293432.rsp
[ 776/1669  0s] WriteResponseFile Library/Bee/artifacts/rsp/8789678140127604791.rsp
[ 777/1669  0s] WriteResponseFile Library/Bee/artifacts/rsp/10078712023569429724.rsp
[ 778/1669  0s] WriteResponseFile Library/Bee/artifacts/rsp/11824854402117669058.rsp
[ 779/1669  0s] WriteResponseFile Library/Bee/artifacts/rsp/7402756250175941108.rsp
[ 780/1669  0s] WriteResponseFile Library/Bee/artifacts/rsp/5411156671350372963.rsp
[ 781/1669  0s] WriteResponseFile Library/Bee/artifacts/rsp/9075397928717196760.rsp
[ 782/1669  0s] WriteResponseFile Library/Bee/artifacts/rsp/74816008249421441.rsp
[ 783/1669  0s] WriteResponseFile Library/Bee/artifacts/rsp/7904147777937170644.rsp
[ 784/1669  0s] WriteResponseFile Library/Bee/artifacts/rsp/4485339392864604320.rsp
[ 785/1669  0s] WriteResponseFile Library/Bee/artifacts/rsp/709639717208247356.rsp
[ 786/1669  0s] WriteResponseFile Library/Bee/artifacts/rsp/7184406214830019930.rsp
[ 787/1669  0s] WriteResponseFile Library/Bee/artifacts/rsp/16905974325080997953.rsp
[ 788/1669  0s] WriteResponseFile Library/Bee/artifacts/rsp/3067536533536696810.rsp
[ 789/1669  0s] WriteResponseFile Library/Bee/artifacts/rsp/9212459627061007907.rsp
[ 790/1669  0s] WriteResponseFile Library/Bee/artifacts/rsp/5554560333246101996.rsp
[ 791/1669  0s] WriteResponseFile Library/Bee/artifacts/rsp/10718943009391788070.rsp
[ 792/1669  0s] WriteResponseFile Library/Bee/artifacts/rsp/16972747988412433571.rsp
[ 793/1669  0s] WriteResponseFile Library/Bee/artifacts/rsp/15275644914897988361.rsp
[ 794/1669  0s] WriteResponseFile Library/Bee/artifacts/rsp/9097835524928946318.rsp
[ 795/1669  0s] WriteResponseFile Library/Bee/artifacts/rsp/11999323142404156371.rsp
[ 796/1669  0s] WriteResponseFile Library/Bee/artifacts/rsp/3937067864764424448.rsp
[ 797/1669  0s] WriteResponseFile Library/Bee/artifacts/rsp/9198407569815801568.rsp
[ 798/1669  0s] WriteResponseFile Library/Bee/artifacts/rsp/18239973129051649534.rsp
[ 799/1669  0s] WriteResponseFile Library/Bee/artifacts/rsp/9844852725533748748.rsp
[ 800/1669  0s] WriteResponseFile Library/Bee/artifacts/rsp/15412915583102750522.rsp
[ 801/1669  0s] WriteResponseFile Library/Bee/artifacts/rsp/9886885378311276114.rsp
[ 802/1669  0s] WriteResponseFile Library/Bee/artifacts/rsp/11791390613095657147.rsp
[ 803/1669  0s] WriteResponseFile Library/Bee/artifacts/rsp/1333642170808217536.rsp
[ 804/1669  0s] WriteResponseFile Library/Bee/artifacts/rsp/7239542340248591632.rsp
[ 805/1669  0s] WriteResponseFile Library/Bee/artifacts/rsp/1981472465749282022.rsp
[ 806/1669  0s] WriteResponseFile Library/Bee/artifacts/rsp/1188188249925086948.rsp
[ 807/1669  0s] WriteResponseFile Library/Bee/artifacts/rsp/15777488915826301161.rsp
[ 808/1669  0s] WriteResponseFile Library/Bee/artifacts/rsp/15763483306070338107.rsp
[ 809/1669  0s] WriteResponseFile Library/Bee/artifacts/rsp/9569142104674744329.rsp
[ 810/1669  0s] WriteResponseFile Library/Bee/artifacts/rsp/17390012628829575366.rsp
[ 811/1669  0s] WriteResponseFile Library/Bee/artifacts/rsp/15184209867333330158.rsp
[ 812/1669  0s] WriteResponseFile Library/Bee/artifacts/rsp/8518886007441418554.rsp
[ 813/1669  0s] WriteResponseFile Library/Bee/artifacts/rsp/16372178809678277784.rsp
[ 814/1669  0s] WriteResponseFile Library/Bee/artifacts/rsp/14351532175408764962.rsp
[ 815/1669  0s] WriteResponseFile Library/Bee/artifacts/rsp/1241983690948158776.rsp
[ 816/1669  0s] WriteResponseFile Library/Bee/artifacts/rsp/3303176138199151567.rsp
[ 817/1669  0s] WriteResponseFile Library/Bee/artifacts/rsp/41017698057876984.rsp
[ 818/1669  0s] WriteResponseFile Library/Bee/artifacts/rsp/17619925978337972561.rsp
[ 819/1669  0s] WriteResponseFile Library/Bee/artifacts/rsp/5442273202131319612.rsp
[ 820/1669  0s] WriteResponseFile Library/Bee/artifacts/rsp/5974930578599960779.rsp
[ 821/1669  0s] WriteResponseFile Library/Bee/artifacts/rsp/1729404573335410471.rsp
[ 822/1669  0s] WriteResponseFile Library/Bee/artifacts/rsp/10448040221652917037.rsp
[ 823/1669  0s] WriteResponseFile Library/Bee/artifacts/rsp/1744295493734331085.rsp
[ 824/1669  0s] WriteResponseFile Library/Bee/artifacts/rsp/16323991389508385240.rsp
[ 825/1669  0s] WriteResponseFile Library/Bee/artifacts/rsp/17510839795233210480.rsp
[ 826/1669  0s] WriteResponseFile Library/Bee/artifacts/rsp/11002697527159870019.rsp
[ 827/1669  0s] WriteResponseFile Library/Bee/artifacts/rsp/7611903119678565411.rsp
[ 828/1669  0s] WriteResponseFile Library/Bee/artifacts/rsp/12303857618959198109.rsp
[ 829/1669  0s] WriteResponseFile Library/Bee/artifacts/rsp/3837960083045025138.rsp
[ 830/1669  0s] WriteResponseFile Library/Bee/artifacts/rsp/11823786202897662469.rsp
[ 831/1669  0s] WriteResponseFile Library/Bee/artifacts/rsp/2575615889380309149.rsp
[ 832/1669  0s] WriteResponseFile Library/Bee/artifacts/rsp/17184976507885984284.rsp
[ 833/1669  0s] WriteResponseFile Library/Bee/artifacts/rsp/4304692294518993547.rsp
[ 834/1669  0s] WriteResponseFile Library/Bee/artifacts/rsp/16600461807233704356.rsp
[ 835/1669  0s] WriteResponseFile Library/Bee/artifacts/rsp/16105365442891625930.rsp
[ 836/1669  0s] WriteResponseFile Library/Bee/artifacts/rsp/1686693736056180289.rsp
[ 837/1669  0s] WriteResponseFile Library/Bee/artifacts/rsp/5363686920344649345.rsp
[ 838/1669  0s] WriteResponseFile Library/Bee/artifacts/rsp/14537822297989447453.rsp
[ 839/1669  0s] WriteResponseFile Library/Bee/artifacts/rsp/3374228670950888938.rsp
[ 840/1669  0s] WriteResponseFile Library/Bee/artifacts/rsp/10993824500343394376.rsp
[ 841/1669  0s] WriteResponseFile Library/Bee/artifacts/rsp/6442277200419780992.rsp
[ 842/1669  0s] WriteResponseFile Library/Bee/artifacts/rsp/11726837208814787111.rsp
[ 843/1669  0s] WriteResponseFile Library/Bee/artifacts/rsp/13966027777634868133.rsp
[ 844/1669  0s] WriteResponseFile Library/Bee/artifacts/rsp/17772545061841082557.rsp
[ 845/1669  0s] WriteResponseFile Library/Bee/artifacts/rsp/8987614382574014309.rsp
[ 846/1669  0s] WriteResponseFile Library/Bee/artifacts/rsp/3215761544584345303.rsp
[ 847/1669  0s] WriteResponseFile Library/Bee/artifacts/rsp/7908798050243889438.rsp
[ 848/1669  0s] WriteResponseFile Library/Bee/artifacts/rsp/4647774946396185751.rsp
[ 849/1669  0s] WriteResponseFile Library/Bee/artifacts/rsp/11515818914287258962.rsp
[ 850/1669  0s] WriteResponseFile Library/Bee/artifacts/rsp/740093760171172203.rsp
[ 851/1669  0s] WriteResponseFile Library/Bee/artifacts/rsp/9935807585108435671.rsp
[ 852/1669  0s] WriteResponseFile Library/Bee/artifacts/rsp/16501560687755270999.rsp
[ 852/1669  0s] Csc Library/Bee/artifacts/1300b0aE.dag/UnityEngine.TestRunner.dll (+2 others) [CacheHit 5f6c39e514761ce01fda8f4ab401573000000000000000000000000000000005]
[ 853/1669 1789386916s] Csc Library/Bee/artifacts/1300b0aE.dag/UnityEngine.TestRunner.dll (+2 others)
[ 853/1669  0s] Csc Library/Bee/artifacts/1300b0aE.dag/UnityEngine.UI.dll (+2 others) [CacheHit 8fb2fbc10cb955627d9049267e55ce8700000000000000000000000000000005]
[ 855/1669 1789386916s] Csc Library/Bee/artifacts/1300b0aE.dag/UnityEngine.UI.dll (+2 others)
[ 857/1669  0s] CopyFiles Library/ScriptAssemblies/UnityEngine.TestRunner.pdb
[ 858/1669  0s] Csc Library/Bee/artifacts/1300b0aE.dag/UnityEditor.TestRunner.dll (+2 others) [CacheHit dd74c2c6b9e21a9cf551e73115e070c800000000000000000000000000000005]
[ 861/1669 1789386916s] Csc Library/Bee/artifacts/1300b0aE.dag/UnityEditor.TestRunner.dll (+2 others)
[ 863/1669  0s] CopyFiles Library/ScriptAssemblies/UnityEditor.TestRunner.pdb
[ 866/1669  0s] CopyFiles Library/ScriptAssemblies/UnityEngine.TestRunner.dll
[ 863/1669  0s] Csc Library/Bee/artifacts/1300b0aE.dag/UnityEditor.UI.dll (+2 others) [CacheHit 2772942bab7a11ccd5790d275f3e19d700000000000000000000000000000005]
[ 867/1669 1789386916s] Csc Library/Bee/artifacts/1300b0aE.dag/UnityEditor.UI.dll (+2 others)
[ 884/1669  0s] Csc Library/Bee/artifacts/1300b0aE.dag/Unity.AI.Tracing.dll (+2 others) [CacheHit 20067c30aa190bd0d0fd204abe6e22db00000000000000000000000000000005]
[ 889/1669 1789386916s] Csc Library/Bee/artifacts/1300b0aE.dag/Unity.AI.Tracing.dll (+2 others)
[ 885/1669  0s] Csc Library/Bee/artifacts/1300b0aE.dag/Unity.AppUI.InternalAPIBridge.dll (+2 others) [CacheHit 605f4ebfd450ee1316187a1fd3da72f500000000000000000000000000000005]
[ 891/1669 1789386916s] Csc Library/Bee/artifacts/1300b0aE.dag/Unity.AppUI.InternalAPIBridge.dll (+2 others)
[ 886/1669  0s] Csc Library/Bee/artifacts/1300b0aE.dag/Unity.Searcher.Editor.dll (+2 others) [CacheHit 53c194facca71e1646e207c084606f5900000000000000000000000000000005]
[ 893/1669 1789386916s] Csc Library/Bee/artifacts/1300b0aE.dag/Unity.Searcher.Editor.dll (+2 others)
[ 887/1669  0s] Csc Library/Bee/artifacts/1300b0aE.dag/Unity.AI.Assistant.Bridge.Editor.dll (+2 others) [CacheHit d6ca20f0dd56e69251c1797c55d0122800000000000000000000000000000005]
[ 895/1669 1789386916s] Csc Library/Bee/artifacts/1300b0aE.dag/Unity.AI.Assistant.Bridge.Editor.dll (+2 others)
[ 889/1669  0s] Csc Library/Bee/artifacts/1300b0aE.dag/Unity.Postprocessing.Runtime.dll (+2 others) [CacheHit 287aee418ac53edac446277dbb72d21f00000000000000000000000000000005]
[ 898/1669 1789386916s] Csc Library/Bee/artifacts/1300b0aE.dag/Unity.Postprocessing.Runtime.dll (+2 others)
[ 890/1669  0s] Csc Library/Bee/artifacts/1300b0aE.dag/Unity.InternalAPIEngineBridge.004.dll (+2 others) [CacheHit 45d5cf69804d401ff25afc4af3f70bb100000000000000000000000000000005]
[ 900/1669 1789386916s] Csc Library/Bee/artifacts/1300b0aE.dag/Unity.InternalAPIEngineBridge.004.dll (+2 others)
[ 891/1669  0s] Csc Library/Bee/artifacts/1300b0aE.dag/Unity.AI.Generators.IO.Srp.dll (+2 others) [CacheHit b93b6bc4a7195a98b84b1a67dca0b76c00000000000000000000000000000005]
[ 902/1669 1789386916s] Csc Library/Bee/artifacts/1300b0aE.dag/Unity.AI.Generators.IO.Srp.dll (+2 others)
[ 895/1669  0s] Csc Library/Bee/artifacts/1300b0aE.dag/Unity.Burst.dll (+2 others) [CacheHit 2e81b946c22477e32c2903cc8bd6759200000000000000000000000000000005]
[ 907/1669 1789386916s] Csc Library/Bee/artifacts/1300b0aE.dag/Unity.Burst.dll (+2 others)
[ 898/1669  0s] Csc Library/Bee/artifacts/1300b0aE.dag/HFDownloader.dll (+2 others) [CacheHit 3643e421c6ebb2a9a286de5d9a4aa6b500000000000000000000000000000005]
[ 911/1669 1789386916s] Csc Library/Bee/artifacts/1300b0aE.dag/HFDownloader.dll (+2 others)
[ 899/1669  0s] Csc Library/Bee/artifacts/1300b0aE.dag/Unity.AI.Toolkit.Compliance.dll (+2 others) [CacheHit 1f08e70a4294f2ae185ac8d10fe2f32f00000000000000000000000000000005]
[ 913/1669 1789386916s] Csc Library/Bee/artifacts/1300b0aE.dag/Unity.AI.Toolkit.Compliance.dll (+2 others)
[ 900/1669  0s] Csc Library/Bee/artifacts/1300b0aE.dag/Unity.Mathematics.dll (+2 others) [CacheHit 80334718aff969299b8852325ec3d6a200000000000000000000000000000005]
[ 915/1669 1789386916s] Csc Library/Bee/artifacts/1300b0aE.dag/Unity.Mathematics.dll (+2 others)
[ 901/1669  0s] Csc Library/Bee/artifacts/1300b0aE.dag/Unity.AI.Animate.Motion.Runtime.dll (+2 others) [CacheHit b39dd46e9de6ed2e7f0ea8bbe2506a9900000000000000000000000000000005]
[ 917/1669 1789386916s] Csc Library/Bee/artifacts/1300b0aE.dag/Unity.AI.Animate.Motion.Runtime.dll (+2 others)
[ 905/1669  0s] Csc Library/Bee/artifacts/1300b0aE.dag/Unity.AI.Assistant.Annotations.Editor.dll (+2 others) [CacheHit 1978ea0d275d0d13cac349617b23252600000000000000000000000000000005]
[ 922/1669 1789386916s] Csc Library/Bee/artifacts/1300b0aE.dag/Unity.AI.Assistant.Annotations.Editor.dll (+2 others)
[ 927/1669  0s] CopyFiles Library/ScriptAssemblies/UnityEditor.TestRunner.dll
[ 921/1669  0s] Csc Library/Bee/artifacts/1300b0aE.dag/Unity.AI.Toolkit.Async.dll (+2 others) [CacheHit ea58e25e92e3f8cd633495c1d63a1dcc00000000000000000000000000000005]
[ 939/1669 1789386916s] Csc Library/Bee/artifacts/1300b0aE.dag/Unity.AI.Toolkit.Async.dll (+2 others)
[ 922/1669  0s] Csc Library/Bee/artifacts/1300b0aE.dag/Unity.AI.Generators.Contexts.dll (+2 others) [CacheHit ed46e4b4b38896802adca5464b2b9cdd00000000000000000000000000000005]
[ 941/1669 1789386916s] Csc Library/Bee/artifacts/1300b0aE.dag/Unity.AI.Generators.Contexts.dll (+2 others)
[ 928/1669  0s] Csc Library/Bee/artifacts/1300b0aE.dag/Unity.InputSystem.dll (+2 others) [CacheHit 5168abf92a094e80d6f1a7bdfc5170be00000000000000000000000000000005]
[ 948/1669 1789386916s] Csc Library/Bee/artifacts/1300b0aE.dag/Unity.InputSystem.dll (+2 others)
[ 930/1669  0s] Csc Library/Bee/artifacts/1300b0aE.dag/Unity.AI.Assistant.Agent.Dynamic.Extension.Editor.dll (+2 others) [CacheHit 76fa250367167638fa1c5c8af30c518500000000000000000000000000000005]
[ 951/1669 1789386916s] Csc Library/Bee/artifacts/1300b0aE.dag/Unity.AI.Assistant.Agent.Dynamic.Extension.Editor.dll (+2 others)
[ 933/1669  0s] Csc Library/Bee/artifacts/1300b0aE.dag/Unity.2D.Sprite.Editor.dll (+2 others) [CacheHit 8b3f6731b64d786ceca1acfa7c6db2f200000000000000000000000000000005]
[ 955/1669 1789386916s] Csc Library/Bee/artifacts/1300b0aE.dag/Unity.2D.Sprite.Editor.dll (+2 others)
[ 934/1669  0s] Csc Library/Bee/artifacts/1300b0aE.dag/Unity.AI.Toolkit.Utility.dll (+2 others) [CacheHit fd8b0cfcafc7a2f0e63599984d59917b00000000000000000000000000000005]
[ 957/1669 1789386916s] Csc Library/Bee/artifacts/1300b0aE.dag/Unity.AI.Toolkit.Utility.dll (+2 others)
[ 944/1669  0s] Csc Library/Bee/artifacts/1300b0aE.dag/Unity.TextMeshPro.dll (+2 others) [CacheHit 7cea1e29097a5a6a4f8d779d41e8f28100000000000000000000000000000005]
[ 968/1669 1789386916s] Csc Library/Bee/artifacts/1300b0aE.dag/Unity.TextMeshPro.dll (+2 others)
[ 946/1669  0s] Csc Library/Bee/artifacts/1300b0aE.dag/Unity.Timeline.dll (+2 others) [CacheHit ba26a3a6ae59838033c8abfe8c63728b00000000000000000000000000000005]
[ 971/1669 1789386916s] Csc Library/Bee/artifacts/1300b0aE.dag/Unity.Timeline.dll (+2 others)
[ 948/1669  0s] Csc Library/Bee/artifacts/1300b0aE.dag/Unity.TestTools.CodeCoverage.Editor.OpenCover.Mono.Reflection.dll (+2 others) [CacheHit 626e9da642b489eabf276b06123552c900000000000000000000000000000005]
[ 948/1669  0s] Csc Library/Bee/artifacts/1300b0aE.dag/Unity.AI.Assistant.Runtime.dll (+2 others) [CacheHit b75350cc9d9bbf7a60f0bf4270cd241200000000000000000000000000000005]
[ 948/1669  0s] Csc Library/Bee/artifacts/1300b0aE.dag/Unity.Multiplayer.Center.Common.dll (+2 others) [CacheHit e97dfb1370e5d8df0c74c95a2558a83600000000000000000000000000000005]
[ 974/1669 1789386916s] Csc Library/Bee/artifacts/1300b0aE.dag/Unity.TestTools.CodeCoverage.Editor.OpenCover.Mono.Reflection.dll (+2 others)
[ 976/1669 1789386916s] Csc Library/Bee/artifacts/1300b0aE.dag/Unity.AI.Assistant.Runtime.dll (+2 others)
[ 978/1669 1789386916s] Csc Library/Bee/artifacts/1300b0aE.dag/Unity.Multiplayer.Center.Common.dll (+2 others)
[ 951/1669  0s] Csc Library/Bee/artifacts/1300b0aE.dag/Unity.Settings.Editor.dll (+2 others) [CacheHit 3037e41ac72aa92b57c647072d23919f00000000000000000000000000000005]
[ 951/1669  0s] Csc Library/Bee/artifacts/1300b0aE.dag/Unity.AI.Navigation.Editor.ConversionSystem.dll (+2 others) [CacheHit c7e69fdd998f3d59f7aeaaad631f467a00000000000000000000000000000005]
[ 980/1669 1789386916s] Csc Library/Bee/artifacts/1300b0aE.dag/Unity.Settings.Editor.dll (+2 others)
[ 982/1669 1789386916s] Csc Library/Bee/artifacts/1300b0aE.dag/Unity.AI.Navigation.Editor.ConversionSystem.dll (+2 others)
[ 953/1669  0s] Csc Library/Bee/artifacts/1300b0aE.dag/Unity.AI.Pbr.Srp.dll (+2 others) [CacheHit 1e1416b5752946120a2dcbc07cb8ccea00000000000000000000000000000005]
[ 984/1669 1789386916s] Csc Library/Bee/artifacts/1300b0aE.dag/Unity.AI.Pbr.Srp.dll (+2 others)
[ 954/1669  0s] Csc Library/Bee/artifacts/1300b0aE.dag/Unity.AI.Navigation.dll (+2 others) [CacheHit 56b1eee1578a55a69f4f13b81d3abb0e00000000000000000000000000000005]
[ 986/1669 1789386916s] Csc Library/Bee/artifacts/1300b0aE.dag/Unity.AI.Navigation.dll (+2 others)
[ 956/1669  0s] Csc Library/Bee/artifacts/1300b0aE.dag/Unity.InferenceEngine.Microsoft.Msagl.dll (+2 others) [CacheHit a4fd9907aaa558d7c86a60cea58412ea00000000000000000000000000000005]
[ 989/1669 1789386916s] Csc Library/Bee/artifacts/1300b0aE.dag/Unity.InferenceEngine.Microsoft.Msagl.dll (+2 others)
[ 957/1669  0s] Csc Library/Bee/artifacts/1300b0aE.dag/Unity.Postprocessing.Editor.dll (+2 others) [CacheHit 8db1d28fed48616a4c6b17acf075903500000000000000000000000000000005]
[ 991/1669 1789386916s] Csc Library/Bee/artifacts/1300b0aE.dag/Unity.Postprocessing.Editor.dll (+2 others)
[ 958/1669  0s] Csc Library/Bee/artifacts/1300b0aE.dag/Unity.Collections.dll (+2 others) [CacheHit dc2cb1bad795fd9de2d95c9158ecc01100000000000000000000000000000005]
[ 993/1669 1789386916s] Csc Library/Bee/artifacts/1300b0aE.dag/Unity.Collections.dll (+2 others)
[ 959/1669  0s] Csc Library/Bee/artifacts/1300b0aE.dag/Unity.Mathematics.Editor.dll (+2 others) [CacheHit 78e5ed05fffc78af6b822f2ac4e82ff600000000000000000000000000000005]
[ 995/1669 1789386916s] Csc Library/Bee/artifacts/1300b0aE.dag/Unity.Mathematics.Editor.dll (+2 others)
[ 960/1669  0s] Csc Library/Bee/artifacts/1300b0aE.dag/Unity.Burst.CodeGen.dll (+2 others) [CacheHit c9518c96921689510424b87c6832c8f100000000000000000000000000000005]
[ 997/1669 1789386916s] Csc Library/Bee/artifacts/1300b0aE.dag/Unity.Burst.CodeGen.dll (+2 others)
[ 961/1669  0s] Csc Library/Bee/artifacts/1300b0aE.dag/Unity.ShaderGraph.Utilities.dll (+2 others) [CacheHit 193c171d71fdef8502e6c693156f0f0a00000000000000000000000000000005]
[ 999/1669 1789386916s] Csc Library/Bee/artifacts/1300b0aE.dag/Unity.ShaderGraph.Utilities.dll (+2 others)
[ 962/1669  0s] Csc Library/Bee/artifacts/1300b0aE.dag/Unity.ProGrids.dll (+2 others) [CacheHit 25ee7f8f7724f23c5ec9df49de58b43800000000000000000000000000000005]
[1001/1669 1789386916s] Csc Library/Bee/artifacts/1300b0aE.dag/Unity.ProGrids.dll (+2 others)
[ 992/1669  0s] Csc Library/Bee/artifacts/1300b0aE.dag/Unity.AI.Generators.Redux.dll (+2 others) [CacheHit 4490b6ee73205586c5b6323225b8fe4300000000000000000000000000000005]
[1032/1669 1789386916s] Csc Library/Bee/artifacts/1300b0aE.dag/Unity.AI.Generators.Redux.dll (+2 others)
[1002/1669  0s] Csc Library/Bee/artifacts/1300b0aE.dag/Unity.VisualScripting.Core.dll (+2 others) [CacheHit a4be4b676b5ad978f87f30379a916ab400000000000000000000000000000005]
[1043/1669 1789386916s] Csc Library/Bee/artifacts/1300b0aE.dag/Unity.VisualScripting.Core.dll (+2 others)
[1003/1669  0s] Csc Library/Bee/artifacts/1300b0aE.dag/Unity.AI.Toolkit.Asset.dll (+2 others) [CacheHit 122439cf63a1443fef9139f330aea68800000000000000000000000000000005]
[1045/1669 1789386916s] Csc Library/Bee/artifacts/1300b0aE.dag/Unity.AI.Toolkit.Asset.dll (+2 others)
[1008/1669  0s] Csc Library/Bee/artifacts/1300b0aE.dag/Unity.InferenceEngine.dll (+2 others) [CacheHit f5ebda289b51833302611b75fc50b6b400000000000000000000000000000005]
[1051/1669 1789386916s] Csc Library/Bee/artifacts/1300b0aE.dag/Unity.InferenceEngine.dll (+2 others)
[1009/1669  0s] Csc Library/Bee/artifacts/1300b0aE.dag/Unity.AppUI.dll (+2 others) [CacheHit ef391951db3b0d07baad8c450c08f39000000000000000000000000000000005]
[1009/1669  0s] Csc Library/Bee/artifacts/1300b0aE.dag/Unity.RenderPipelines.Core.Runtime.dll (+2 others) [CacheHit 8abf4039e364ebb17899981a924f91ec00000000000000000000000000000005]
[1009/1669  0s] Csc Library/Bee/artifacts/1300b0aE.dag/Unity.2D.Tilemap.Editor.dll (+2 others) [CacheHit 46af3ad2041a6a320ad5328b271684c400000000000000000000000000000005]
[1009/1669  0s] Csc Library/Bee/artifacts/1300b0aE.dag/Unity.RenderPipelines.ShaderGraph.ShaderGraphLibrary.dll (+2 others) [CacheHit 52d3f80fa9b3a091b7177bb7eb084ca000000000000000000000000000000005]
[1053/1669 1789386916s] Csc Library/Bee/artifacts/1300b0aE.dag/Unity.AppUI.dll (+2 others)
[1055/1669 1789386916s] Csc Library/Bee/artifacts/1300b0aE.dag/Unity.RenderPipelines.ShaderGraph.ShaderGraphLibrary.dll (+2 others)
[1057/1669 1789386916s] Csc Library/Bee/artifacts/1300b0aE.dag/Unity.RenderPipelines.Core.Runtime.dll (+2 others)
[1012/1669  0s] Csc Library/Bee/artifacts/1300b0aE.dag/Unity.VisualStudio.Editor.dll (+2 others) [CacheHit cdad57092d5b8314747d33a9cc77874d00000000000000000000000000000005]
[1012/1669  0s] Csc Library/Bee/artifacts/1300b0aE.dag/Unity.Collections.CodeGen.dll (+2 others) [CacheHit c894383594653c80d6fe690c067d117800000000000000000000000000000005]
[1059/1669 1789386916s] Csc Library/Bee/artifacts/1300b0aE.dag/Unity.2D.Tilemap.Editor.dll (+2 others)
[1061/1669 1789386916s] Csc Library/Bee/artifacts/1300b0aE.dag/Unity.Collections.CodeGen.dll (+2 others)
[1063/1669 1789386916s] Csc Library/Bee/artifacts/1300b0aE.dag/Unity.VisualStudio.Editor.dll (+2 others)
[1017/1669  0s] Csc Library/Bee/artifacts/1300b0aE.dag/Unity.UnifiedRayTracing.Runtime.dll (+2 others) [CacheHit 8a9ceed85fa1b5d225af96a6e8aee05d00000000000000000000000000000005]
[1017/1669  0s] Csc Library/Bee/artifacts/1300b0aE.dag/Unity.PlasticSCM.Editor.dll (+2 others) [CacheHit e0f13a1bdc742e42eaed58774dc4029d00000000000000000000000000000005]
[1067/1669 1789386916s] Csc Library/Bee/artifacts/1300b0aE.dag/Unity.UnifiedRayTracing.Runtime.dll (+2 others)
[1069/1669 1789386916s] Csc Library/Bee/artifacts/1300b0aE.dag/Unity.PlasticSCM.Editor.dll (+2 others)
[1019/1669  0s] Csc Library/Bee/artifacts/1300b0aE.dag/Unity.TestTools.CodeCoverage.Editor.OpenCover.Model.dll (+2 others) [CacheHit 8a0f045add17ca215b75c5499f96c10100000000000000000000000000000005]
[1071/1669 1789386916s] Csc Library/Bee/artifacts/1300b0aE.dag/Unity.TestTools.CodeCoverage.Editor.OpenCover.Model.dll (+2 others)
[1020/1669  0s] Csc Library/Bee/artifacts/1300b0aE.dag/Unity.Burst.Editor.dll (+2 others) [CacheHit c95ed4c6cbe3121feefd2f6a8797192100000000000000000000000000000005]
[1073/1669 1789386916s] Csc Library/Bee/artifacts/1300b0aE.dag/Unity.Burst.Editor.dll (+2 others)
[1021/1669  0s] Csc Library/Bee/artifacts/1300b0aE.dag/Unity.Collections.Editor.dll (+2 others) [CacheHit 57c8c8be8c973b013014f28b4627f77d00000000000000000000000000000005]
[1075/1669 1789386916s] Csc Library/Bee/artifacts/1300b0aE.dag/Unity.Collections.Editor.dll (+2 others)
[1022/1669  0s] Csc Library/Bee/artifacts/1300b0aE.dag/Unity.AI.Navigation.Editor.dll (+2 others) [CacheHit d6fcb5f2fbc87b3cd4fdc914a0b6bb2e00000000000000000000000000000005]
[1077/1669 1789386916s] Csc Library/Bee/artifacts/1300b0aE.dag/Unity.AI.Navigation.Editor.dll (+2 others)
[1023/1669  0s] Csc Library/Bee/artifacts/1300b0aE.dag/Unity.Rider.Editor.dll (+2 others) [CacheHit 88445d8756ca64c748a162c70bd326a000000000000000000000000000000005]
[1023/1669  0s] Csc Library/Bee/artifacts/1300b0aE.dag/Unity.AI.MCP.Runtime.dll (+2 others) [CacheHit 17afcea7a7553315b2b3e106c841e50f00000000000000000000000000000005]
[1079/1669 1789386916s] Csc Library/Bee/artifacts/1300b0aE.dag/Unity.Rider.Editor.dll (+2 others)
[1081/1669 1789386916s] Csc Library/Bee/artifacts/1300b0aE.dag/Unity.AI.MCP.Runtime.dll (+2 others)
[1026/1669  0s] Csc Library/Bee/artifacts/1300b0aE.dag/Unity.InputSystem.ForUI.dll (+2 others) [CacheHit 87e325db7d6a604789b309c4ce750b7800000000000000000000000000000005]
[1084/1669 1789386916s] Csc Library/Bee/artifacts/1300b0aE.dag/Unity.InputSystem.ForUI.dll (+2 others)
[1032/1669  0s] Csc Library/Bee/artifacts/1300b0aE.dag/Unity.Multiplayer.Center.Editor.dll (+2 others) [CacheHit 0148d1f4fca2f457984c90a4811ba50d00000000000000000000000000000005]
[1091/1669 1789386916s] Csc Library/Bee/artifacts/1300b0aE.dag/Unity.Multiplayer.Center.Editor.dll (+2 others)
[1042/1669  0s] Csc Library/Bee/artifacts/1300b0aE.dag/Unity.RenderPipelines.Core.ShaderLibrary.dll (+2 others) [CacheHit d70b114338e28e0e30506871d2f3785500000000000000000000000000000005]
[1102/1669 1789386917s] Csc Library/Bee/artifacts/1300b0aE.dag/Unity.RenderPipelines.Core.ShaderLibrary.dll (+2 others)
[1044/1669  0s] Csc Library/Bee/artifacts/1300b0aE.dag/Unity.VisualScripting.Core.Editor.dll (+2 others) [CacheHit aebb623904364b9df20fa3baca0c38de00000000000000000000000000000005]
[1105/1669 1789386917s] Csc Library/Bee/artifacts/1300b0aE.dag/Unity.VisualScripting.Core.Editor.dll (+2 others)
[1046/1669  0s] Csc Library/Bee/artifacts/1300b0aE.dag/Unity.InputSystem.ForUI.Editor.dll (+2 others) [CacheHit e3438c2695ffc73057f87d2ecdcd277900000000000000000000000000000005]
[1108/1669 1789386917s] Csc Library/Bee/artifacts/1300b0aE.dag/Unity.InputSystem.ForUI.Editor.dll (+2 others)
[1048/1669  0s] Csc Library/Bee/artifacts/1300b0aE.dag/Unity.Performance.Profile-Analyzer.Editor.dll (+2 others) [CacheHit 713461ec7776b14217643ed50132a77300000000000000000000000000000005]
[1111/1669 1789386917s] Csc Library/Bee/artifacts/1300b0aE.dag/Unity.Performance.Profile-Analyzer.Editor.dll (+2 others)
[1049/1669  0s] Csc Library/Bee/artifacts/1300b0aE.dag/Unity.AI.Generators.Asset.dll (+2 others) [CacheHit e37c7655a13ea66e843c6948f6df608200000000000000000000000000000005]
[1049/1669  0s] Csc Library/Bee/artifacts/1300b0aE.dag/Unity.RenderPipelines.Universal.Shaders.dll (+2 others) [CacheHit e4bdcd304e41d7e19927f0aceb8e6b8d00000000000000000000000000000005]
[1113/1669 1789386917s] Csc Library/Bee/artifacts/1300b0aE.dag/Unity.AI.Generators.Asset.dll (+2 others)
[1115/1669 1789386917s] Csc Library/Bee/artifacts/1300b0aE.dag/Unity.RenderPipelines.Universal.Shaders.dll (+2 others)
[1052/1669  0s] Csc Library/Bee/artifacts/1300b0aE.dag/Unity.AI.Toolkit.Accounts.dll (+2 others) [CacheHit 04e71b4ea91d8def1f8695cf3c69a3ff00000000000000000000000000000005]
[1118/1669 1789386917s] Csc Library/Bee/artifacts/1300b0aE.dag/Unity.AI.Toolkit.Accounts.dll (+2 others)
[1053/1669  0s] Csc Library/Bee/artifacts/1300b0aE.dag/Unity.VisualScripting.Flow.dll (+2 others) [CacheHit 5e1ac08b06d3f796b00fdadc8755754000000000000000000000000000000005]
[1120/1669 1789386917s] Csc Library/Bee/artifacts/1300b0aE.dag/Unity.VisualScripting.Flow.dll (+2 others)
[1054/1669  0s] Csc Library/Bee/artifacts/1300b0aE.dag/Unity.AppUI.Redux.dll (+2 others) [CacheHit a5ed2382a3d184c7c6a1c97369619ad900000000000000000000000000000005]
[1122/1669 1789386917s] Csc Library/Bee/artifacts/1300b0aE.dag/Unity.AppUI.Redux.dll (+2 others)
[1064/1669  0s] Csc Library/Bee/artifacts/1300b0aE.dag/Unity.TestTools.CodeCoverage.Editor.dll (+2 others) [CacheHit d16ac2881fa138048bb3c7dedc9610d500000000000000000000000000000005]
[1064/1669  0s] Csc Library/Bee/artifacts/1300b0aE.dag/UnityEditor.UI.Analytics.dll (+2 others) [CacheHit d00018e469725f3cd4101789f30d76d200000000000000000000000000000005]
[1064/1669  0s] Csc Library/Bee/artifacts/1300b0aE.dag/Unity.Timeline.Editor.dll (+2 others) [CacheHit 2b3c712f9c1a78521c1e3f02e79029ec00000000000000000000000000000005]
[1064/1669  0s] Csc Library/Bee/artifacts/1300b0aE.dag/Unity.InferenceEngine.ONNX.Editor.dll (+2 others) [CacheHit 310faa50775cbdef5d70bcb4698225c600000000000000000000000000000005]
[1133/1669 1789386917s] Csc Library/Bee/artifacts/1300b0aE.dag/Unity.Timeline.Editor.dll (+2 others)
[1135/1669 1789386917s] Csc Library/Bee/artifacts/1300b0aE.dag/Unity.InferenceEngine.ONNX.Editor.dll (+2 others)
[1137/1669 1789386917s] Csc Library/Bee/artifacts/1300b0aE.dag/Unity.TestTools.CodeCoverage.Editor.dll (+2 others)
[1139/1669 1789386917s] Csc Library/Bee/artifacts/1300b0aE.dag/UnityEditor.UI.Analytics.dll (+2 others)
[1070/1669  0s] Csc Library/Bee/artifacts/1300b0aE.dag/Unity.AI.Navigation.Updater.dll (+2 others) [CacheHit 906d99ceecb1ac662da3a298d572ab0500000000000000000000000000000005]
[1144/1669 1789386917s] Csc Library/Bee/artifacts/1300b0aE.dag/Unity.AI.Navigation.Updater.dll (+2 others)
[1072/1669  0s] Csc Library/Bee/artifacts/1300b0aE.dag/Unity.AppUI.Undo.dll (+2 others) [CacheHit 72ec9f92e1de9ea7ff72e2837533891400000000000000000000000000000005]
[1072/1669  0s] Csc Library/Bee/artifacts/1300b0aE.dag/Unity.RenderPipelines.GPUDriven.Runtime.dll (+2 others) [CacheHit 0b4072a134d8955325891d8ac53b808800000000000000000000000000000005]
[1146/1669 1789386917s] Csc Library/Bee/artifacts/1300b0aE.dag/Unity.AppUI.Undo.dll (+2 others)
[1148/1669 1789386917s] Csc Library/Bee/artifacts/1300b0aE.dag/Unity.RenderPipelines.GPUDriven.Runtime.dll (+2 others)
[1078/1669  0s] Csc Library/Bee/artifacts/1300b0aE.dag/Unity.EditorCoroutines.Editor.dll (+2 others) [CacheHit 311ee550e3058089bc8d2c10255021e900000000000000000000000000000005]
[1155/1669 1789386917s] Csc Library/Bee/artifacts/1300b0aE.dag/Unity.EditorCoroutines.Editor.dll (+2 others)
[1080/1669  0s] Csc Library/Bee/artifacts/1300b0aE.dag/Unity.InferenceEngine.Tokenization.dll (+2 others) [CacheHit f6cbe89275987e690914757e8a32ab3000000000000000000000000000000005]
[1157/1669 1789386917s] Csc Library/Bee/artifacts/1300b0aE.dag/Unity.InferenceEngine.Tokenization.dll (+2 others)
[1163/1669  0s] Csc Library/Bee/artifacts/1300b0aE.dag/AlienDefense.Runtime.dll (+2 others)
[1086/1669  0s] Csc Library/Bee/artifacts/1300b0aE.dag/Unity.RenderPipelines.Universal.Config.Runtime.dll (+2 others) [CacheHit 9e9ce3f525a8c5eb5e2f7fa5adc7adf000000000000000000000000000000005]
[1164/1669 1789386917s] Csc Library/Bee/artifacts/1300b0aE.dag/Unity.RenderPipelines.Universal.Config.Runtime.dll (+2 others)
[1087/1669  0s] Csc Library/Bee/artifacts/1300b0aE.dag/Unity.RenderPipelines.Core.Runtime.Shared.dll (+2 others) [CacheHit ae58a0ec720e298800ed86a7bf802cb000000000000000000000000000000005]
[1166/1669 1789386917s] Csc Library/Bee/artifacts/1300b0aE.dag/Unity.RenderPipelines.Core.Runtime.Shared.dll (+2 others)
[1088/1669  0s] Csc Library/Bee/artifacts/1300b0aE.dag/Unity.RenderPipeline.Universal.ShaderLibrary.dll (+2 others) [CacheHit 5293a4cc37fbe652d1ad15f1e7a5c10700000000000000000000000000000005]
[1168/1669 1789386917s] Csc Library/Bee/artifacts/1300b0aE.dag/Unity.RenderPipeline.Universal.ShaderLibrary.dll (+2 others)
[1093/1669  0s] Csc Library/Bee/artifacts/1300b0aE.dag/Unity.AppUI.Editor.dll (+2 others) [CacheHit 5cbcce50e58b389e845e8f61f39efcfe00000000000000000000000000000005]
[1174/1669 1789386917s] Csc Library/Bee/artifacts/1300b0aE.dag/Unity.AppUI.Editor.dll (+2 others)
[1094/1669  0s] Csc Library/Bee/artifacts/1300b0aE.dag/Unity.AppUI.Navigation.dll (+2 others) [CacheHit 11a2ce6f4580810d8d30ef97b887e01100000000000000000000000000000005]
[1176/1669 1789386917s] Csc Library/Bee/artifacts/1300b0aE.dag/Unity.AppUI.Navigation.dll (+2 others)
[1095/1669  0s] Csc Library/Bee/artifacts/1300b0aE.dag/Unity.AI.Assistant.Editor.dll (+2 others) [CacheHit b39c0d2ab2e13ee18c7e94f94a1eaf8d00000000000000000000000000000005]
[1178/1669 1789386917s] Csc Library/Bee/artifacts/1300b0aE.dag/Unity.AI.Assistant.Editor.dll (+2 others)
[1098/1669  0s] Csc Library/Bee/artifacts/1300b0aE.dag/Unity.VisualScripting.State.dll (+2 others) [CacheHit 47e4cbfbb1f47030f09f768d695f720f00000000000000000000000000000005]
[1182/1669 1789386917s] Csc Library/Bee/artifacts/1300b0aE.dag/Unity.VisualScripting.State.dll (+2 others)
[1099/1669  0s] Csc Library/Bee/artifacts/1300b0aE.dag/Unity.AI.Toolkit.GenerationContextMenu.dll (+2 others) [CacheHit 4d636035bdc6450b8559253586266c4100000000000000000000000000000005]
[1184/1669 1789386917s] Csc Library/Bee/artifacts/1300b0aE.dag/Unity.AI.Toolkit.GenerationContextMenu.dll (+2 others)
[1100/1669  0s] Csc Library/Bee/artifacts/1300b0aE.dag/Unity.InferenceEngine.MacBLAS.dll (+2 others) [CacheHit 770e404b56a0aef75498a8c1af1ad4b200000000000000000000000000000005]
[1186/1669 1789386917s] Csc Library/Bee/artifacts/1300b0aE.dag/Unity.InferenceEngine.MacBLAS.dll (+2 others)
[1104/1669  0s] Csc Library/Bee/artifacts/1300b0aE.dag/Unity.AI.Generators.IO.dll (+2 others) [CacheHit b52f9026163da7ab29220ffa87b6e95000000000000000000000000000000005]
[1191/1669 1789386917s] Csc Library/Bee/artifacts/1300b0aE.dag/Unity.AI.Generators.IO.dll (+2 others)
[1107/1669  0s] Csc Library/Bee/artifacts/1300b0aE.dag/Unity.InferenceEngine.iOSBLAS.dll (+2 others) [CacheHit e6db4f227c429882e2f67d69ebc2720000000000000000000000000000000005]
[1195/1669 1789386917s] Csc Library/Bee/artifacts/1300b0aE.dag/Unity.InferenceEngine.iOSBLAS.dll (+2 others)
[1108/1669  0s] Csc Library/Bee/artifacts/1300b0aE.dag/Unity.AI.Generators.UI.AIDropdownIntegrations.dll (+2 others) [CacheHit eb1bef5bef1303e100945dcd8308aa0a00000000000000000000000000000005]
[1197/1669 1789386917s] Csc Library/Bee/artifacts/1300b0aE.dag/Unity.AI.Generators.UI.AIDropdownIntegrations.dll (+2 others)
[1115/1669  0s] Csc Library/Bee/artifacts/1300b0aE.dag/Unity.TextMeshPro.Editor.dll (+2 others) [CacheHit 9ecd7e41fb0774258c5f71ecc20ef07200000000000000000000000000000005]
[1205/1669 1789386917s] Csc Library/Bee/artifacts/1300b0aE.dag/Unity.TextMeshPro.Editor.dll (+2 others)
[1118/1669  0s] Csc Library/Bee/artifacts/1300b0aE.dag/Unity.VisualScripting.Flow.Editor.dll (+2 others) [CacheHit c3030015ecf2c27bfbc0ba9e3f6a50bb00000000000000000000000000000005]
[1209/1669 1789386917s] Csc Library/Bee/artifacts/1300b0aE.dag/Unity.VisualScripting.Flow.Editor.dll (+2 others)
[1119/1669  0s] Csc Library/Bee/artifacts/1300b0aE.dag/Unity.AppUI.MVVM.dll (+2 others) [CacheHit e474cc150c2079c08f8762d43993f30300000000000000000000000000000005]
[1211/1669 1789386917s] Csc Library/Bee/artifacts/1300b0aE.dag/Unity.AppUI.MVVM.dll (+2 others)
[1150/1669  0s] Csc Library/Bee/artifacts/1300b0aE.dag/Unity.InferenceEngine.Editor.Visualizer.dll (+2 others) [CacheHit 15229cc1917e1435088ad356157c7b2a00000000000000000000000000000005]
[1243/1669 1789386917s] Csc Library/Bee/artifacts/1300b0aE.dag/Unity.InferenceEngine.Editor.Visualizer.dll (+2 others)
[1151/1669  0s] Csc Library/Bee/artifacts/1300b0aE.dag/Unity.AI.Toolkit.GenerationObjectPicker.dll (+2 others) [CacheHit 4fe44bb607a02d096ab6f2127140c96c00000000000000000000000000000005]
[1245/1669 1789386917s] Csc Library/Bee/artifacts/1300b0aE.dag/Unity.AI.Toolkit.GenerationObjectPicker.dll (+2 others)
[1152/1669  0s] Csc Library/Bee/artifacts/1300b0aE.dag/Unity.RenderPipelines.Core.Editor.dll (+2 others) [CacheHit cd40ccefa38d97949bb6679036e6002800000000000000000000000000000005]
[1152/1669  0s] Csc Library/Bee/artifacts/1300b0aE.dag/Unity.ProGrids.Editor.dll (+2 others) [CacheHit e66eece9072b9b30d63d723fc1a8bac400000000000000000000000000000005]
[1247/1669 1789386917s] Csc Library/Bee/artifacts/1300b0aE.dag/Unity.RenderPipelines.Core.Editor.dll (+2 others)
[1249/1669 1789386917s] Csc Library/Bee/artifacts/1300b0aE.dag/Unity.ProGrids.Editor.dll (+2 others)
[1158/1669  0s] Csc Library/Bee/artifacts/1300b0aE.dag/Unity.VisualScripting.SettingsProvider.Editor.dll (+2 others) [CacheHit 54d4c3bfde327ed6b5a0fff753afd44600000000000000000000000000000005]
[1158/1669  0s] Csc Library/Bee/artifacts/1300b0aE.dag/Unity.RenderPipelines.Universal.Runtime.dll (+2 others) [CacheHit d7e38d088e183de8871de1dd99b04c8400000000000000000000000000000005]
[1255/1669 1789386917s] Csc Library/Bee/artifacts/1300b0aE.dag/Unity.VisualScripting.SettingsProvider.Editor.dll (+2 others)
[1159/1669  0s] Csc Library/Bee/artifacts/1300b0aE.dag/Unity.AppUI.Redux.Editor.dll (+2 others) [CacheHit 1417180845e9547206d9c2230bf7d4a000000000000000000000000000000005]
[1257/1669 1789386917s] Csc Library/Bee/artifacts/1300b0aE.dag/Unity.RenderPipelines.Universal.Runtime.dll (+2 others)
[1259/1669 1789386917s] Csc Library/Bee/artifacts/1300b0aE.dag/Unity.AppUI.Redux.Editor.dll (+2 others)
[1160/1669  0s] Csc Library/Bee/artifacts/1300b0aE.dag/Unity.Rendering.LightTransport.Editor.dll (+2 others) [CacheHit 0845fb941ddbcaf8663760f3f9ad3d7200000000000000000000000000000005]
[1161/1669  0s] Csc Library/Bee/artifacts/1300b0aE.dag/Unity.AppUI.Navigation.Editor.dll (+2 others) [CacheHit 3bb3433de4f36a0ceddfa0a09ac2c38000000000000000000000000000000005]
[1261/1669 1789386917s] Csc Library/Bee/artifacts/1300b0aE.dag/Unity.Rendering.LightTransport.Editor.dll (+2 others)
[1161/1669  0s] Csc Library/Bee/artifacts/1300b0aE.dag/Unity.AI.Generators.Sdk.dll (+2 others) [CacheHit 2eab288dc88e83b27f24ec1e98323b6800000000000000000000000000000005]
[1161/1669  0s] Csc Library/Bee/artifacts/1300b0aE.dag/Unity.VisualScripting.State.Editor.dll (+2 others) [CacheHit d89002f0c91efaf9cb920f5eea9128e900000000000000000000000000000005]
[1263/1669 1789386917s] Csc Library/Bee/artifacts/1300b0aE.dag/Unity.AppUI.Navigation.Editor.dll (+2 others)
[1265/1669 1789386917s] Csc Library/Bee/artifacts/1300b0aE.dag/Unity.AI.Generators.Sdk.dll (+2 others)
[1267/1669 1789386917s] Csc Library/Bee/artifacts/1300b0aE.dag/Unity.VisualScripting.State.Editor.dll (+2 others)
[1167/1669  0s] Csc Library/Bee/artifacts/1300b0aE.dag/Unity.AI.Generators.UI.dll (+2 others) [CacheHit 72ce3d5b0dd96a796ed82c67d1a43ab900000000000000000000000000000005]
[1271/1669 1789386917s] Csc Library/Bee/artifacts/1300b0aE.dag/Unity.AI.Generators.UI.dll (+2 others)
[1168/1669  0s] Csc Library/Bee/artifacts/1300b0aE.dag/Unity.AI.Search.Editor.dll (+2 others) [CacheHit 68c8c6b12d64c0b0cfac544df861866b00000000000000000000000000000005]
[1273/1669 1789386917s] Csc Library/Bee/artifacts/1300b0aE.dag/Unity.AI.Search.Editor.dll (+2 others)
[1278/1669  0s] CopyFiles Library/ScriptAssemblies/Unity.Rider.Editor.pdb
[1288/1669  0s] CopyFiles Library/ScriptAssemblies/Unity.VisualStudio.Editor.pdb
[1289/1669  0s] CopyFiles Library/ScriptAssemblies/Unity.Collections.CodeGen.pdb
[1290/1669  0s] CopyFiles Library/ScriptAssemblies/Unity.Burst.CodeGen.dll
[1293/1669  0s] CopyFiles Library/ScriptAssemblies/Unity.Burst.CodeGen.pdb
[1295/1669  0s] CopyFiles Library/ScriptAssemblies/Unity.Collections.CodeGen.dll
[1296/1669  0s] CopyFiles Library/ScriptAssemblies/Unity.VisualStudio.Editor.dll
[1297/1669  0s] CopyFiles Library/ScriptAssemblies/Unity.Rider.Editor.dll
[1192/1669  0s] Csc Library/Bee/artifacts/1300b0aE.dag/Unity.VisualScripting.DocCodeExamples.dll (+2 others) [CacheHit f3209830181f0650fc4c5742a94d319000000000000000000000000000000005]
[1192/1669  0s] Csc Library/Bee/artifacts/1300b0aE.dag/Unity.AI.Assistant.Tools.Editor.dll (+2 others) [CacheHit e97f74f09e6fb49d9abb050b5a64681500000000000000000000000000000005]
[1192/1669  0s] Csc Library/Bee/artifacts/1300b0aE.dag/Unity.RenderPipelines.Core.Editor.Shared.dll (+2 others) [CacheHit 48a0aa44d223cd9172f5dd3e9feaff4f00000000000000000000000000000005]
[1192/1669  0s] Csc Library/Bee/artifacts/1300b0aE.dag/Unity.VisualScripting.Shared.Editor.dll (+2 others) [CacheHit 6c8a0f4ad11047bec50e233682d8283300000000000000000000000000000005]
[1192/1669  0s] Csc Library/Bee/artifacts/1300b0aE.dag/Unity.PerformanceTesting.dll (+2 others) [CacheHit e1a68a95fb78e7ae67703ba42e3d604400000000000000000000000000000005]
[1192/1669  0s] Csc Library/Bee/artifacts/1300b0aE.dag/Unity.PlasticSCM.Editor.Entities.dll (+2 others) [CacheHit 52c8f87ca914ca4b0d84ddd59383d82600000000000000000000000000000005]
[1192/1669  0s] Csc Library/Bee/artifacts/1300b0aE.dag/Unity.ShaderGraph.Editor.dll (+2 others) [CacheHit e53b2a583b59a9ce74607d949b497d1000000000000000000000000000000005]
[1192/1669  0s] Csc Library/Bee/artifacts/1300b0aE.dag/Unity.CollabProxy.Editor.dll (+2 others) [CacheHit cb976ef76f6e3aff89f45c6f1114622900000000000000000000000000000005]
[1298/1669 1789386917s] Csc Library/Bee/artifacts/1300b0aE.dag/Unity.ShaderGraph.Editor.dll (+2 others)
[1300/1669 1789386917s] Csc Library/Bee/artifacts/1300b0aE.dag/Unity.VisualScripting.DocCodeExamples.dll (+2 others)
[1302/1669 1789386917s] Csc Library/Bee/artifacts/1300b0aE.dag/Unity.RenderPipelines.Core.Editor.Shared.dll (+2 others)
[1304/1669 1789386917s] Csc Library/Bee/artifacts/1300b0aE.dag/Unity.VisualScripting.Shared.Editor.dll (+2 others)
[1306/1669 1789386917s] Csc Library/Bee/artifacts/1300b0aE.dag/Unity.PerformanceTesting.dll (+2 others)
[1308/1669 1789386917s] Csc Library/Bee/artifacts/1300b0aE.dag/Unity.PlasticSCM.Editor.Entities.dll (+2 others)
[1310/1669 1789386917s] Csc Library/Bee/artifacts/1300b0aE.dag/Unity.AI.Assistant.Tools.Editor.dll (+2 others)
[1312/1669 1789386917s] Csc Library/Bee/artifacts/1300b0aE.dag/Unity.CollabProxy.Editor.dll (+2 others)
[1200/1669  0s] Csc Library/Bee/artifacts/1300b0aE.dag/Unity.InputSystem.TestFramework.dll (+2 others) [CacheHit e05aa33f0aa6018dee68175ecb2b29de00000000000000000000000000000005]
[1314/1669 1789386917s] Csc Library/Bee/artifacts/1300b0aE.dag/Unity.InputSystem.TestFramework.dll (+2 others)
[1201/1669  0s] Csc Library/Bee/artifacts/1300b0aE.dag/Unity.InputSystem.DocCodeSamples.dll (+2 others) [CacheHit ec1df46969f0712170d018a6dd5d657600000000000000000000000000000005]
[1316/1669 1789386917s] Csc Library/Bee/artifacts/1300b0aE.dag/Unity.InputSystem.DocCodeSamples.dll (+2 others)
[1202/1669  0s] Csc Library/Bee/artifacts/1300b0aE.dag/Unity.InferenceEngine.Editor.dll (+2 others) [CacheHit 2e23ce2924a5da9e699bb9b9a1eeccad00000000000000000000000000000005]
[1318/1669 1789386917s] Csc Library/Bee/artifacts/1300b0aE.dag/Unity.InferenceEngine.Editor.dll (+2 others)
[1203/1669  0s] Csc Library/Bee/artifacts/1300b0aE.dag/Unity.RenderPipelines.Universal.2D.Runtime.dll (+2 others) [CacheHit d878d6a08660885c1ee2261e4eb7bcb600000000000000000000000000000005]
[1320/1669 1789386917s] Csc Library/Bee/artifacts/1300b0aE.dag/Unity.RenderPipelines.Universal.2D.Runtime.dll (+2 others)
[1206/1669  0s] Csc Library/Bee/artifacts/1300b0aE.dag/Unity.AI.ModelSelector.dll (+2 others) [CacheHit 43094e4c26814bfa14dafc962d47137800000000000000000000000000000005]
[1324/1669 1789386917s] Csc Library/Bee/artifacts/1300b0aE.dag/Unity.AI.ModelSelector.dll (+2 others)
[1326/1669  0s] Csc Library/Bee/artifacts/1300b0aE.dag/AlienDefense.Tests.PlayMode.dll (+2 others)
[1327/1669  0s] Csc Library/Bee/artifacts/1300b0aE.dag/AlienDefense.Tests.EditMode.dll (+2 others)
[1224/1669  0s] Csc Library/Bee/artifacts/1300b0aE.dag/Unity.AI.Pbr.dll (+2 others) [CacheHit c073eb21fdd42299ded66116172115c300000000000000000000000000000005]
[1343/1669 1789386917s] Csc Library/Bee/artifacts/1300b0aE.dag/Unity.AI.Pbr.dll (+2 others)
[1225/1669  0s] Csc Library/Bee/artifacts/1300b0aE.dag/Unity.PerformanceTesting.Editor.dll (+2 others) [CacheHit 752b047c9a0653beef896190365a1f1200000000000000000000000000000005]
[1345/1669 1789386917s] Csc Library/Bee/artifacts/1300b0aE.dag/Unity.PerformanceTesting.Editor.dll (+2 others)
[1226/1669  0s] Csc Library/Bee/artifacts/1300b0aE.dag/Unity.RenderPipelines.Universal.Editor.dll (+2 others) [CacheHit a564632b3d4bf23ee3535f066baab65e00000000000000000000000000000005]
[1347/1669 1789386917s] Csc Library/Bee/artifacts/1300b0aE.dag/Unity.RenderPipelines.Universal.Editor.dll (+2 others)
[1227/1669  0s] Csc Library/Bee/artifacts/1300b0aE.dag/Unity.AI.Mesh.dll (+2 others) [CacheHit 4c4917c87e234c0a450b3cbc9f3434a300000000000000000000000000000005]
[1227/1669  0s] Csc Library/Bee/artifacts/1300b0aE.dag/Unity.AI.Animate.dll (+2 others) [CacheHit d80592b5cecc13dfd41ad51ee7f29e8e00000000000000000000000000000005]
[1349/1669 1789386917s] Csc Library/Bee/artifacts/1300b0aE.dag/Unity.AI.Mesh.dll (+2 others)
[1351/1669 1789386917s] Csc Library/Bee/artifacts/1300b0aE.dag/Unity.AI.Animate.dll (+2 others)
[1229/1669  0s] Csc Library/Bee/artifacts/1300b0aE.dag/Unity.AI.Image.dll (+2 others) [CacheHit 51c40d294c6b03551e3d22834189f41f00000000000000000000000000000005]
[1229/1669  0s] Csc Library/Bee/artifacts/1300b0aE.dag/Unity.AI.Sound.dll (+2 others) [CacheHit ba295dd817ea0debf93030d54c8c0ed800000000000000000000000000000005]
[1353/1669 1789386917s] Csc Library/Bee/artifacts/1300b0aE.dag/Unity.AI.Image.dll (+2 others)
[1355/1669 1789386917s] Csc Library/Bee/artifacts/1300b0aE.dag/Unity.AI.Sound.dll (+2 others)
[1231/1669  0s] Csc Library/Bee/artifacts/1300b0aE.dag/Unity.AI.Assistant.UI.Editor.dll (+2 others) [CacheHit c3186961319c6762c487244a03ce4b7d00000000000000000000000000000005]
[1357/1669 1789386917s] Csc Library/Bee/artifacts/1300b0aE.dag/Unity.AI.Assistant.UI.Editor.dll (+2 others)
[1232/1669  0s] Csc Library/Bee/artifacts/1300b0aE.dag/Unity.RenderPipelines.Universal.2D.Editor.Overrides.dll (+2 others) [CacheHit c15a77dfeeab94e1c66275c987ab05bc00000000000000000000000000000005]
[1359/1669 1789386917s] Csc Library/Bee/artifacts/1300b0aE.dag/Unity.RenderPipelines.Universal.2D.Editor.Overrides.dll (+2 others)
[1244/1669  0s] Csc Library/Bee/artifacts/1300b0aE.dag/PPv2URPConverters.dll (+2 others) [CacheHit 69acbee5463031b202a944c51310f86700000000000000000000000000000005]
[1244/1669  0s] Csc Library/Bee/artifacts/1300b0aE.dag/Unity.AI.Generators.Tools.dll (+2 others) [CacheHit 959b0c7bcb05fe1438807bc4950f82fc00000000000000000000000000000005]
[1372/1669 1789386918s] Csc Library/Bee/artifacts/1300b0aE.dag/PPv2URPConverters.dll (+2 others)
[1374/1669 1789386918s] Csc Library/Bee/artifacts/1300b0aE.dag/Unity.AI.Generators.Tools.dll (+2 others)
[1248/1669  0s] Csc Library/Bee/artifacts/1300b0aE.dag/Unity.AI.Assistant.API.Editor.dll (+2 others) [CacheHit 11642e052dad98cb7dccacfa495e93f400000000000000000000000000000005]
[1378/1669  0s] Csc Library/Bee/artifacts/1300b0aE.dag/AlienDefense.Editor.dll (+2 others)
[1379/1669 1789386918s] Csc Library/Bee/artifacts/1300b0aE.dag/Unity.AI.Assistant.API.Editor.dll (+2 others)
[1250/1669  0s] Csc Library/Bee/artifacts/1300b0aE.dag/Unity.AI.Assistant.AssetGenerators.Editor.dll (+2 others) [CacheHit eacab4fab5c1eb7fc3c227130e1c848f00000000000000000000000000000005]
[1381/1669 1789386918s] Csc Library/Bee/artifacts/1300b0aE.dag/Unity.AI.Assistant.AssetGenerators.Editor.dll (+2 others)
[1255/1669  0s] Csc Library/Bee/artifacts/1300b0aE.dag/Unity.AI.Assistant.Integrations.Profiler.Editor.dll (+2 others) [CacheHit 52dc17dea002e9d1817501f747ed60bd00000000000000000000000000000005]
[1255/1669  0s] Csc Library/Bee/artifacts/1300b0aE.dag/Unity.AI.MCP.Editor.dll (+2 others) [CacheHit 9dcf5e11004f04240138eb121862641300000000000000000000000000000005]
[1387/1669 1789386918s] Csc Library/Bee/artifacts/1300b0aE.dag/Unity.AI.Assistant.Integrations.Profiler.Editor.dll (+2 others)
[1389/1669 1789386918s] Csc Library/Bee/artifacts/1300b0aE.dag/Unity.AI.MCP.Editor.dll (+2 others)
[1396/1669  0s] ILPP-Configuration Library/ilpp-configuration.nevergeneratedoutput
[1397/1669  0s] ILPostProcess Library/Bee/artifacts/1300b0aE.dag/post-processed/Unity.ProGrids.dll (+pdb)
Processing assembly Library/Bee/artifacts/1300b0aE.dag/Unity.ProGrids.dll, with 154 defines and 279 references

processors: Unity.Jobs.CodeGen.JobsILPostProcessor, zzzUnity.Burst.CodeGen.BurstILPostProcessor

running Unity.Jobs.CodeGen.JobsILPostProcessor

running zzzUnity.Burst.CodeGen.BurstILPostProcessor
[1398/1669  0s] ILPostProcess Library/Bee/artifacts/1300b0aE.dag/post-processed/UnityEngine.UI.dll (+pdb)
Processing assembly Library/Bee/artifacts/1300b0aE.dag/UnityEngine.UI.dll, with 160 defines and 277 references

processors: Unity.Jobs.CodeGen.JobsILPostProcessor, zzzUnity.Burst.CodeGen.BurstILPostProcessor

running Unity.Jobs.CodeGen.JobsILPostProcessor

running zzzUnity.Burst.CodeGen.BurstILPostProcessor
[1399/1669  0s] ILPostProcess Library/Bee/artifacts/1300b0aE.dag/post-processed/Unity.PerformanceTesting.dll (+pdb)
Processing assembly Library/Bee/artifacts/1300b0aE.dag/Unity.PerformanceTesting.dll, with 155 defines and 258 references

processors: Unity.Jobs.CodeGen.JobsILPostProcessor, zzzUnity.Burst.CodeGen.BurstILPostProcessor

running Unity.Jobs.CodeGen.JobsILPostProcessor

running zzzUnity.Burst.CodeGen.BurstILPostProcessor
[1400/1669  0s] Csc Library/Bee/artifacts/1300b0aE.dag/Assembly-CSharp-firstpass.dll (+2 others)
[1401/1669  0s] ILPostProcess Library/Bee/artifacts/1300b0aE.dag/post-processed/Unity.InferenceEngine.MacBLAS.dll (+pdb)
Processing assembly Library/Bee/artifacts/1300b0aE.dag/Unity.InferenceEngine.MacBLAS.dll, with 154 defines and 280 references

processors: Unity.Jobs.CodeGen.JobsILPostProcessor, zzzUnity.Burst.CodeGen.BurstILPostProcessor

running Unity.Jobs.CodeGen.JobsILPostProcessor

running zzzUnity.Burst.CodeGen.BurstILPostProcessor
[1402/1669  0s] ILPostProcess Library/Bee/artifacts/1300b0aE.dag/post-processed/AlienDefense.Tests.PlayMode.dll (+pdb)
Processing assembly Library/Bee/artifacts/1300b0aE.dag/AlienDefense.Tests.PlayMode.dll, with 154 defines and 261 references

processors: Unity.Jobs.CodeGen.JobsILPostProcessor, zzzUnity.Burst.CodeGen.BurstILPostProcessor

running Unity.Jobs.CodeGen.JobsILPostProcessor

running zzzUnity.Burst.CodeGen.BurstILPostProcessor
[1403/1669  0s] ILPostProcess Library/Bee/artifacts/1300b0aE.dag/post-processed/Unity.InferenceEngine.iOSBLAS.dll (+pdb)
Processing assembly Library/Bee/artifacts/1300b0aE.dag/Unity.InferenceEngine.iOSBLAS.dll, with 154 defines and 280 references

processors: Unity.Jobs.CodeGen.JobsILPostProcessor, zzzUnity.Burst.CodeGen.BurstILPostProcessor

running Unity.Jobs.CodeGen.JobsILPostProcessor

running zzzUnity.Burst.CodeGen.BurstILPostProcessor
[1404/1669  0s] ILPostProcess Library/Bee/artifacts/1300b0aE.dag/post-processed/Unity.TextMeshPro.dll (+pdb)
Processing assembly Library/Bee/artifacts/1300b0aE.dag/Unity.TextMeshPro.dll, with 155 defines and 280 references

processors: Unity.Jobs.CodeGen.JobsILPostProcessor, zzzUnity.Burst.CodeGen.BurstILPostProcessor

running Unity.Jobs.CodeGen.JobsILPostProcessor

running zzzUnity.Burst.CodeGen.BurstILPostProcessor
[1405/1669  0s] ILPostProcess Library/Bee/artifacts/1300b0aE.dag/post-processed/Unity.VisualScripting.Core.dll (+pdb)
Processing assembly Library/Bee/artifacts/1300b0aE.dag/Unity.VisualScripting.Core.dll, with 159 defines and 280 references

processors: Unity.Jobs.CodeGen.JobsILPostProcessor, zzzUnity.Burst.CodeGen.BurstILPostProcessor

running Unity.Jobs.CodeGen.JobsILPostProcessor

running zzzUnity.Burst.CodeGen.BurstILPostProcessor
[1406/1669  0s] ILPostProcess Library/Bee/artifacts/1300b0aE.dag/post-processed/Unity.Mathematics.dll (+pdb)
Processing assembly Library/Bee/artifacts/1300b0aE.dag/Unity.Mathematics.dll, with 154 defines and 279 references

processors: Unity.Jobs.CodeGen.JobsILPostProcessor, zzzUnity.Burst.CodeGen.BurstILPostProcessor

running Unity.Jobs.CodeGen.JobsILPostProcessor

running zzzUnity.Burst.CodeGen.BurstILPostProcessor
[1407/1669  0s] ILPostProcess Library/Bee/artifacts/1300b0aE.dag/post-processed/Unity.VisualScripting.DocCodeExamples.dll (+pdb)
Processing assembly Library/Bee/artifacts/1300b0aE.dag/Unity.VisualScripting.DocCodeExamples.dll, with 154 defines and 262 references

processors: Unity.Jobs.CodeGen.JobsILPostProcessor, zzzUnity.Burst.CodeGen.BurstILPostProcessor

running Unity.Jobs.CodeGen.JobsILPostProcessor

running zzzUnity.Burst.CodeGen.BurstILPostProcessor
[1408/1669  0s] ILPostProcess Library/Bee/artifacts/1300b0aE.dag/post-processed/Unity.AI.Tracing.dll (+pdb)
Processing assembly Library/Bee/artifacts/1300b0aE.dag/Unity.AI.Tracing.dll, with 154 defines and 261 references

processors: Unity.Jobs.CodeGen.JobsILPostProcessor, zzzUnity.Burst.CodeGen.BurstILPostProcessor

running Unity.Jobs.CodeGen.JobsILPostProcessor

running zzzUnity.Burst.CodeGen.BurstILPostProcessor
[1409/1669  0s] ILPostProcess Library/Bee/artifacts/1300b0aE.dag/post-processed/AlienDefense.Runtime.dll (+pdb)
Processing assembly Library/Bee/artifacts/1300b0aE.dag/AlienDefense.Runtime.dll, with 154 defines and 281 references

processors: Unity.Jobs.CodeGen.JobsILPostProcessor, zzzUnity.Burst.CodeGen.BurstILPostProcessor

running Unity.Jobs.CodeGen.JobsILPostProcessor

running zzzUnity.Burst.CodeGen.BurstILPostProcessor
[1410/1669  0s] ILPostProcess Library/Bee/artifacts/1300b0aE.dag/post-processed/Unity.InferenceEngine.Tokenization.dll (+pdb)
Processing assembly Library/Bee/artifacts/1300b0aE.dag/Unity.InferenceEngine.Tokenization.dll, with 154 defines and 261 references

processors: Unity.Jobs.CodeGen.JobsILPostProcessor, zzzUnity.Burst.CodeGen.BurstILPostProcessor

running Unity.Jobs.CodeGen.JobsILPostProcessor

running zzzUnity.Burst.CodeGen.BurstILPostProcessor
[1411/1669  0s] ILPostProcess Library/Bee/artifacts/1300b0aE.dag/post-processed/Unity.AppUI.InternalAPIBridge.dll (+pdb)
Processing assembly Library/Bee/artifacts/1300b0aE.dag/Unity.AppUI.InternalAPIBridge.dll, with 154 defines and 263 references

processors: Unity.Jobs.CodeGen.JobsILPostProcessor, zzzUnity.Burst.CodeGen.BurstILPostProcessor

running Unity.Jobs.CodeGen.JobsILPostProcessor

running zzzUnity.Burst.CodeGen.BurstILPostProcessor
[1412/1669  0s] ILPostProcess Library/Bee/artifacts/1300b0aE.dag/post-processed/Unity.VisualScripting.State.dll (+pdb)
Processing assembly Library/Bee/artifacts/1300b0aE.dag/Unity.VisualScripting.State.dll, with 154 defines and 281 references

processors: Unity.Jobs.CodeGen.JobsILPostProcessor, zzzUnity.Burst.CodeGen.BurstILPostProcessor

running Unity.Jobs.CodeGen.JobsILPostProcessor

running zzzUnity.Burst.CodeGen.BurstILPostProcessor
[1413/1669  0s] Csc Library/Bee/artifacts/1300b0aE.dag/Assembly-CSharp.dll (+2 others)
[1414/1669  0s] ILPostProcess Library/Bee/artifacts/1300b0aE.dag/post-processed/Unity.RenderPipeline.Universal.ShaderLibrary.dll (+pdb)
Processing assembly Library/Bee/artifacts/1300b0aE.dag/Unity.RenderPipeline.Universal.ShaderLibrary.dll, with 154 defines and 280 references

processors: Unity.Jobs.CodeGen.JobsILPostProcessor, zzzUnity.Burst.CodeGen.BurstILPostProcessor

running Unity.Jobs.CodeGen.JobsILPostProcessor

running zzzUnity.Burst.CodeGen.BurstILPostProcessor
[1415/1669  0s] ILPostProcess Library/Bee/artifacts/1300b0aE.dag/post-processed/Unity.RenderPipelines.Core.ShaderLibrary.dll (+pdb)
Processing assembly Library/Bee/artifacts/1300b0aE.dag/Unity.RenderPipelines.Core.ShaderLibrary.dll, with 154 defines and 279 references

processors: Unity.Jobs.CodeGen.JobsILPostProcessor, zzzUnity.Burst.CodeGen.BurstILPostProcessor

running Unity.Jobs.CodeGen.JobsILPostProcessor

running zzzUnity.Burst.CodeGen.BurstILPostProcessor
[1416/1669  0s] ILPostProcess Library/Bee/artifacts/1300b0aE.dag/post-processed/Unity.AppUI.Undo.dll (+pdb)
Processing assembly Library/Bee/artifacts/1300b0aE.dag/Unity.AppUI.Undo.dll, with 154 defines and 263 references

processors: Unity.Jobs.CodeGen.JobsILPostProcessor, zzzUnity.Burst.CodeGen.BurstILPostProcessor

running Unity.Jobs.CodeGen.JobsILPostProcessor

running zzzUnity.Burst.CodeGen.BurstILPostProcessor
[1417/1669  0s] ILPostProcess Library/Bee/artifacts/1300b0aE.dag/post-processed/Unity.AI.Animate.Motion.Runtime.dll (+pdb)
Processing assembly Library/Bee/artifacts/1300b0aE.dag/Unity.AI.Animate.Motion.Runtime.dll, with 154 defines and 263 references

processors: Unity.Jobs.CodeGen.JobsILPostProcessor, zzzUnity.Burst.CodeGen.BurstILPostProcessor

running Unity.Jobs.CodeGen.JobsILPostProcessor

running zzzUnity.Burst.CodeGen.BurstILPostProcessor
[1418/1669  0s] ILPostProcess Library/Bee/artifacts/1300b0aE.dag/post-processed/Unity.RenderPipelines.Universal.Config.Runtime.dll (+pdb)
Processing assembly Library/Bee/artifacts/1300b0aE.dag/Unity.RenderPipelines.Universal.Config.Runtime.dll, with 154 defines and 280 references

processors: Unity.Jobs.CodeGen.JobsILPostProcessor, zzzUnity.Burst.CodeGen.BurstILPostProcessor

running Unity.Jobs.CodeGen.JobsILPostProcessor

running zzzUnity.Burst.CodeGen.BurstILPostProcessor
[1419/1669  0s] ILPostProcess Library/Bee/artifacts/1300b0aE.dag/post-processed/Unity.InputSystem.TestFramework.dll (+pdb)
Processing assembly Library/Bee/artifacts/1300b0aE.dag/Unity.InputSystem.TestFramework.dll, with 155 defines and 260 references

processors: Unity.Jobs.CodeGen.JobsILPostProcessor, zzzUnity.Burst.CodeGen.BurstILPostProcessor

running Unity.Jobs.CodeGen.JobsILPostProcessor

running zzzUnity.Burst.CodeGen.BurstILPostProcessor
[1420/1669  0s] ILPostProcess Library/Bee/artifacts/1300b0aE.dag/post-processed/Unity.InputSystem.ForUI.dll (+pdb)
Processing assembly Library/Bee/artifacts/1300b0aE.dag/Unity.InputSystem.ForUI.dll, with 154 defines and 280 references

processors: Unity.Jobs.CodeGen.JobsILPostProcessor, zzzUnity.Burst.CodeGen.BurstILPostProcessor

running Unity.Jobs.CodeGen.JobsILPostProcessor

running zzzUnity.Burst.CodeGen.BurstILPostProcessor
[1421/1669  0s] ILPostProcess Library/Bee/artifacts/1300b0aE.dag/post-processed/Unity.AI.MCP.Runtime.dll (+pdb)
Processing assembly Library/Bee/artifacts/1300b0aE.dag/Unity.AI.MCP.Runtime.dll, with 154 defines and 279 references

processors: Unity.Jobs.CodeGen.JobsILPostProcessor, zzzUnity.Burst.CodeGen.BurstILPostProcessor

running Unity.Jobs.CodeGen.JobsILPostProcessor

running zzzUnity.Burst.CodeGen.BurstILPostProcessor
[1422/1669  0s] ILPostProcess Library/Bee/artifacts/1300b0aE.dag/post-processed/Unity.AI.Assistant.Runtime.dll (+pdb)
Processing assembly Library/Bee/artifacts/1300b0aE.dag/Unity.AI.Assistant.Runtime.dll, with 154 defines and 258 references

processors: Unity.Jobs.CodeGen.JobsILPostProcessor, zzzUnity.Burst.CodeGen.BurstILPostProcessor

running Unity.Jobs.CodeGen.JobsILPostProcessor

running zzzUnity.Burst.CodeGen.BurstILPostProcessor
[1423/1669  0s] ILPostProcess Library/Bee/artifacts/1300b0aE.dag/post-processed/Unity.VisualScripting.Flow.dll (+pdb)
Processing assembly Library/Bee/artifacts/1300b0aE.dag/Unity.VisualScripting.Flow.dll, with 162 defines and 281 references

processors: Unity.Jobs.CodeGen.JobsILPostProcessor, zzzUnity.Burst.CodeGen.BurstILPostProcessor

running Unity.Jobs.CodeGen.JobsILPostProcessor

running zzzUnity.Burst.CodeGen.BurstILPostProcessor
[1424/1669  0s] ILPostProcess Library/Bee/artifacts/1300b0aE.dag/post-processed/Unity.RenderPipelines.ShaderGraph.ShaderGraphLibrary.dll (+pdb)
Processing assembly Library/Bee/artifacts/1300b0aE.dag/Unity.RenderPipelines.ShaderGraph.ShaderGraphLibrary.dll, with 154 defines and 279 references

processors: Unity.Jobs.CodeGen.JobsILPostProcessor, zzzUnity.Burst.CodeGen.BurstILPostProcessor

running Unity.Jobs.CodeGen.JobsILPostProcessor

running zzzUnity.Burst.CodeGen.BurstILPostProcessor
[1425/1669  0s] ILPostProcess Library/Bee/artifacts/1300b0aE.dag/post-processed/Unity.Postprocessing.Runtime.dll (+pdb)
Processing assembly Library/Bee/artifacts/1300b0aE.dag/Unity.Postprocessing.Runtime.dll, with 157 defines and 279 references

processors: Unity.Jobs.CodeGen.JobsILPostProcessor, zzzUnity.Burst.CodeGen.BurstILPostProcessor

running Unity.Jobs.CodeGen.JobsILPostProcessor

running zzzUnity.Burst.CodeGen.BurstILPostProcessor
[1426/1669  0s] ILPostProcess Library/Bee/artifacts/1300b0aE.dag/post-processed/Unity.RenderPipelines.Universal.Shaders.dll (+pdb)
Processing assembly Library/Bee/artifacts/1300b0aE.dag/Unity.RenderPipelines.Universal.Shaders.dll, with 154 defines and 279 references

processors: Unity.Jobs.CodeGen.JobsILPostProcessor, zzzUnity.Burst.CodeGen.BurstILPostProcessor

running Unity.Jobs.CodeGen.JobsILPostProcessor

running zzzUnity.Burst.CodeGen.BurstILPostProcessor
[1427/1669  0s] ILPostProcess Library/Bee/artifacts/1300b0aE.dag/post-processed/Unity.AI.Navigation.dll (+pdb)
Processing assembly Library/Bee/artifacts/1300b0aE.dag/Unity.AI.Navigation.dll, with 155 defines and 279 references

processors: Unity.Jobs.CodeGen.JobsILPostProcessor, zzzUnity.Burst.CodeGen.BurstILPostProcessor

running Unity.Jobs.CodeGen.JobsILPostProcessor

running zzzUnity.Burst.CodeGen.BurstILPostProcessor
[1428/1669  0s] ILPostProcess Library/Bee/artifacts/1300b0aE.dag/post-processed/Unity.InternalAPIEngineBridge.004.dll (+pdb)
Processing assembly Library/Bee/artifacts/1300b0aE.dag/Unity.InternalAPIEngineBridge.004.dll, with 154 defines and 279 references

processors: Unity.Jobs.CodeGen.JobsILPostProcessor, zzzUnity.Burst.CodeGen.BurstILPostProcessor

running Unity.Jobs.CodeGen.JobsILPostProcessor

running zzzUnity.Burst.CodeGen.BurstILPostProcessor
[1429/1669  0s] ILPostProcess Library/Bee/artifacts/1300b0aE.dag/post-processed/Unity.InputSystem.dll (+pdb)
Processing assembly Library/Bee/artifacts/1300b0aE.dag/Unity.InputSystem.dll, with 165 defines and 279 references

processors: Unity.Jobs.CodeGen.JobsILPostProcessor, zzzUnity.Burst.CodeGen.BurstILPostProcessor

running Unity.Jobs.CodeGen.JobsILPostProcessor

running zzzUnity.Burst.CodeGen.BurstILPostProcessor
[1430/1669  0s] ILPostProcess Library/Bee/artifacts/1300b0aE.dag/post-processed/Unity.RenderPipelines.Core.Runtime.Shared.dll (+pdb)
Processing assembly Library/Bee/artifacts/1300b0aE.dag/Unity.RenderPipelines.Core.Runtime.Shared.dll, with 154 defines and 280 references

processors: Unity.Jobs.CodeGen.JobsILPostProcessor, zzzUnity.Burst.CodeGen.BurstILPostProcessor

running Unity.Jobs.CodeGen.JobsILPostProcessor

running zzzUnity.Burst.CodeGen.BurstILPostProcessor
[1431/1669  0s] Csc Library/Bee/artifacts/1300b0aE.dag/Assembly-CSharp-Editor.dll (+2 others)
[1432/1669  0s] ILPostProcess Library/Bee/artifacts/1300b0aE.dag/post-processed/Unity.Timeline.dll (+pdb)
Processing assembly Library/Bee/artifacts/1300b0aE.dag/Unity.Timeline.dll, with 155 defines and 279 references

processors: Unity.Jobs.CodeGen.JobsILPostProcessor, zzzUnity.Burst.CodeGen.BurstILPostProcessor

running Unity.Jobs.CodeGen.JobsILPostProcessor

running zzzUnity.Burst.CodeGen.BurstILPostProcessor
[1433/1669  0s] ILPostProcess Library/Bee/artifacts/1300b0aE.dag/post-processed/Unity.AppUI.Navigation.dll (+pdb)
Processing assembly Library/Bee/artifacts/1300b0aE.dag/Unity.AppUI.Navigation.dll, with 156 defines and 265 references

processors: Unity.Jobs.CodeGen.JobsILPostProcessor, zzzUnity.Burst.CodeGen.BurstILPostProcessor

running Unity.Jobs.CodeGen.JobsILPostProcessor

running zzzUnity.Burst.CodeGen.BurstILPostProcessor
[1434/1669  0s] ILPostProcess Library/Bee/artifacts/1300b0aE.dag/post-processed/Unity.AppUI.dll (+pdb)
Processing assembly Library/Bee/artifacts/1300b0aE.dag/Unity.AppUI.dll, with 161 defines and 265 references

processors: Unity.Jobs.CodeGen.JobsILPostProcessor, zzzUnity.Burst.CodeGen.BurstILPostProcessor

running Unity.Jobs.CodeGen.JobsILPostProcessor

running zzzUnity.Burst.CodeGen.BurstILPostProcessor
[1435/1669  0s] ILPostProcess Library/Bee/artifacts/1300b0aE.dag/post-processed/Unity.AppUI.Redux.dll (+pdb)
Processing assembly Library/Bee/artifacts/1300b0aE.dag/Unity.AppUI.Redux.dll, with 154 defines and 265 references

processors: Unity.Jobs.CodeGen.JobsILPostProcessor, zzzUnity.Burst.CodeGen.BurstILPostProcessor

running Unity.Jobs.CodeGen.JobsILPostProcessor

running zzzUnity.Burst.CodeGen.BurstILPostProcessor
[1436/1669  0s] ILPostProcess Library/Bee/artifacts/1300b0aE.dag/post-processed/Unity.AI.Pbr.Srp.dll (+pdb)
Processing assembly Library/Bee/artifacts/1300b0aE.dag/Unity.AI.Pbr.Srp.dll, with 152 defines and 292 references

processors: Unity.Jobs.CodeGen.JobsILPostProcessor, zzzUnity.Burst.CodeGen.BurstILPostProcessor

running Unity.Jobs.CodeGen.JobsILPostProcessor

running zzzUnity.Burst.CodeGen.BurstILPostProcessor
[1437/1669  0s] ILPostProcess Library/Bee/artifacts/1300b0aE.dag/post-processed/AlienDefense.Editor.dll (+pdb)
Processing assembly Library/Bee/artifacts/1300b0aE.dag/AlienDefense.Editor.dll, with 152 defines and 296 references

processors: Unity.Jobs.CodeGen.JobsILPostProcessor, zzzUnity.Burst.CodeGen.BurstILPostProcessor

running Unity.Jobs.CodeGen.JobsILPostProcessor

running zzzUnity.Burst.CodeGen.BurstILPostProcessor
[1438/1669  0s] ILPostProcess Library/Bee/artifacts/1300b0aE.dag/post-processed/Unity.AppUI.MVVM.dll (+pdb)
Processing assembly Library/Bee/artifacts/1300b0aE.dag/Unity.AppUI.MVVM.dll, with 155 defines and 265 references

processors: Unity.Jobs.CodeGen.JobsILPostProcessor, zzzUnity.Burst.CodeGen.BurstILPostProcessor

running Unity.Jobs.CodeGen.JobsILPostProcessor

running zzzUnity.Burst.CodeGen.BurstILPostProcessor
[1439/1669  0s] ILPostProcess Library/Bee/artifacts/1300b0aE.dag/post-processed/Unity.Multiplayer.Center.Common.dll (+pdb)
Processing assembly Library/Bee/artifacts/1300b0aE.dag/Unity.Multiplayer.Center.Common.dll, with 154 defines and 279 references

processors: Unity.Jobs.CodeGen.JobsILPostProcessor, zzzUnity.Burst.CodeGen.BurstILPostProcessor

running Unity.Jobs.CodeGen.JobsILPostProcessor

running zzzUnity.Burst.CodeGen.BurstILPostProcessor
[1440/1669  0s] ILPostProcess Library/Bee/artifacts/1300b0aE.dag/post-processed/Unity.Searcher.Editor.dll (+pdb)
Processing assembly Library/Bee/artifacts/1300b0aE.dag/Unity.Searcher.Editor.dll, with 152 defines and 291 references

processors: Unity.Jobs.CodeGen.JobsILPostProcessor, zzzUnity.Burst.CodeGen.BurstILPostProcessor

running Unity.Jobs.CodeGen.JobsILPostProcessor

running zzzUnity.Burst.CodeGen.BurstILPostProcessor
[1441/1669  0s] ILPostProcess Library/Bee/artifacts/1300b0aE.dag/post-processed/AlienDefense.Tests.EditMode.dll (+pdb)
Processing assembly Library/Bee/artifacts/1300b0aE.dag/AlienDefense.Tests.EditMode.dll, with 152 defines and 274 references

processors: Unity.Jobs.CodeGen.JobsILPostProcessor, zzzUnity.Burst.CodeGen.BurstILPostProcessor

running Unity.Jobs.CodeGen.JobsILPostProcessor

running zzzUnity.Burst.CodeGen.BurstILPostProcessor
[1442/1669  0s] ILPostProcess Library/Bee/artifacts/1300b0aE.dag/post-processed/Unity.RenderPipelines.Universal.Runtime.dll (+pdb)
Processing assembly Library/Bee/artifacts/1300b0aE.dag/Unity.RenderPipelines.Universal.Runtime.dll, with 161 defines and 287 references

processors: Unity.Jobs.CodeGen.JobsILPostProcessor, zzzUnity.Burst.CodeGen.BurstILPostProcessor

running Unity.Jobs.CodeGen.JobsILPostProcessor

running zzzUnity.Burst.CodeGen.BurstILPostProcessor
[1443/1669  0s] ILPostProcess Library/Bee/artifacts/1300b0aE.dag/post-processed/Unity.InferenceEngine.Microsoft.Msagl.dll (+pdb)
Processing assembly Library/Bee/artifacts/1300b0aE.dag/Unity.InferenceEngine.Microsoft.Msagl.dll, with 152 defines and 291 references

processors: Unity.Jobs.CodeGen.JobsILPostProcessor, zzzUnity.Burst.CodeGen.BurstILPostProcessor

running Unity.Jobs.CodeGen.JobsILPostProcessor

running zzzUnity.Burst.CodeGen.BurstILPostProcessor
[1444/1669  1s] ILPostProcess Library/Bee/artifacts/1300b0aE.dag/post-processed/Unity.RenderPipelines.Core.Runtime.dll (+pdb)
Processing assembly Library/Bee/artifacts/1300b0aE.dag/Unity.RenderPipelines.Core.Runtime.dll, with 157 defines and 283 references

processors: Unity.Jobs.CodeGen.JobsILPostProcessor, zzzUnity.Burst.CodeGen.BurstILPostProcessor

running Unity.Jobs.CodeGen.JobsILPostProcessor

running zzzUnity.Burst.CodeGen.BurstILPostProcessor
[1445/1669  0s] ILPostProcess Library/Bee/artifacts/1300b0aE.dag/post-processed/Unity.EditorCoroutines.Editor.dll (+pdb)
Processing assembly Library/Bee/artifacts/1300b0aE.dag/Unity.EditorCoroutines.Editor.dll, with 152 defines and 291 references

processors: Unity.Jobs.CodeGen.JobsILPostProcessor, zzzUnity.Burst.CodeGen.BurstILPostProcessor

running Unity.Jobs.CodeGen.JobsILPostProcessor

running zzzUnity.Burst.CodeGen.BurstILPostProcessor
[1446/1669  0s] ILPostProcess Library/Bee/artifacts/1300b0aE.dag/post-processed/Unity.Rendering.LightTransport.Editor.dll (+pdb)
Processing assembly Library/Bee/artifacts/1300b0aE.dag/Unity.Rendering.LightTransport.Editor.dll, with 152 defines and 291 references

processors: Unity.Jobs.CodeGen.JobsILPostProcessor, zzzUnity.Burst.CodeGen.BurstILPostProcessor

running Unity.Jobs.CodeGen.JobsILPostProcessor

running zzzUnity.Burst.CodeGen.BurstILPostProcessor
[1447/1669  0s] ILPostProcess Library/Bee/artifacts/1300b0aE.dag/post-processed/Unity.AI.Assistant.Bridge.Editor.dll (+pdb)
Processing assembly Library/Bee/artifacts/1300b0aE.dag/Unity.AI.Assistant.Bridge.Editor.dll, with 152 defines and 291 references

processors: Unity.Jobs.CodeGen.JobsILPostProcessor, zzzUnity.Burst.CodeGen.BurstILPostProcessor

running Unity.Jobs.CodeGen.JobsILPostProcessor

running zzzUnity.Burst.CodeGen.BurstILPostProcessor
[1448/1669  0s] ILPostProcess Library/Bee/artifacts/1300b0aE.dag/post-processed/Unity.VisualScripting.SettingsProvider.Editor.dll (+pdb)
Processing assembly Library/Bee/artifacts/1300b0aE.dag/Unity.VisualScripting.SettingsProvider.Editor.dll, with 152 defines and 296 references

processors: Unity.Jobs.CodeGen.JobsILPostProcessor, zzzUnity.Burst.CodeGen.BurstILPostProcessor

running Unity.Jobs.CodeGen.JobsILPostProcessor

running zzzUnity.Burst.CodeGen.BurstILPostProcessor
[1449/1669  0s] ILPostProcess Library/Bee/artifacts/1300b0aE.dag/post-processed/Unity.Burst.Editor.dll (+pdb)
Processing assembly Library/Bee/artifacts/1300b0aE.dag/Unity.Burst.Editor.dll, with 152 defines and 292 references

processors: Unity.Jobs.CodeGen.JobsILPostProcessor, zzzUnity.Burst.CodeGen.BurstILPostProcessor

running Unity.Jobs.CodeGen.JobsILPostProcessor

running zzzUnity.Burst.CodeGen.BurstILPostProcessor
[1450/1669  0s] ILPostProcess Library/Bee/artifacts/1300b0aE.dag/post-processed/Unity.Performance.Profile-Analyzer.Editor.dll (+pdb)
Processing assembly Library/Bee/artifacts/1300b0aE.dag/Unity.Performance.Profile-Analyzer.Editor.dll, with 152 defines and 291 references

processors: Unity.Jobs.CodeGen.JobsILPostProcessor, zzzUnity.Burst.CodeGen.BurstILPostProcessor

running Unity.Jobs.CodeGen.JobsILPostProcessor

running zzzUnity.Burst.CodeGen.BurstILPostProcessor
[1451/1669  1s] ILPostProcess Library/Bee/artifacts/1300b0aE.dag/post-processed/Unity.UnifiedRayTracing.Runtime.dll (+pdb)
Processing assembly Library/Bee/artifacts/1300b0aE.dag/Unity.UnifiedRayTracing.Runtime.dll, with 155 defines and 282 references

processors: Unity.Jobs.CodeGen.JobsILPostProcessor, zzzUnity.Burst.CodeGen.BurstILPostProcessor

running Unity.Jobs.CodeGen.JobsILPostProcessor

running zzzUnity.Burst.CodeGen.BurstILPostProcessor
[1452/1669  0s] ILPostProcess Library/Bee/artifacts/1300b0aE.dag/post-processed/Unity.PlasticSCM.Editor.dll (+pdb)
Processing assembly Library/Bee/artifacts/1300b0aE.dag/Unity.PlasticSCM.Editor.dll, with 152 defines and 276 references

processors: Unity.Jobs.CodeGen.JobsILPostProcessor, zzzUnity.Burst.CodeGen.BurstILPostProcessor

running Unity.Jobs.CodeGen.JobsILPostProcessor

running zzzUnity.Burst.CodeGen.BurstILPostProcessor
[1453/1669  0s] ILPostProcess Library/Bee/artifacts/1300b0aE.dag/post-processed/Unity.AI.Generators.Redux.dll (+pdb)
Processing assembly Library/Bee/artifacts/1300b0aE.dag/Unity.AI.Generators.Redux.dll, with 152 defines and 294 references

processors: Unity.Jobs.CodeGen.JobsILPostProcessor, zzzUnity.Burst.CodeGen.BurstILPostProcessor

running Unity.Jobs.CodeGen.JobsILPostProcessor

running zzzUnity.Burst.CodeGen.BurstILPostProcessor
[1454/1669  0s] ILPostProcess Library/Bee/artifacts/1300b0aE.dag/post-processed/Unity.AI.Generators.IO.Srp.dll (+pdb)
Processing assembly Library/Bee/artifacts/1300b0aE.dag/Unity.AI.Generators.IO.Srp.dll, with 152 defines and 291 references

processors: Unity.Jobs.CodeGen.JobsILPostProcessor, zzzUnity.Burst.CodeGen.BurstILPostProcessor

running Unity.Jobs.CodeGen.JobsILPostProcessor

running zzzUnity.Burst.CodeGen.BurstILPostProcessor
[1455/1669  0s] ILPostProcess Library/Bee/artifacts/1300b0aE.dag/post-processed/Unity.InferenceEngine.ONNX.Editor.dll (+pdb)
Processing assembly Library/Bee/artifacts/1300b0aE.dag/Unity.InferenceEngine.ONNX.Editor.dll, with 152 defines and 273 references

processors: Unity.Jobs.CodeGen.JobsILPostProcessor, zzzUnity.Burst.CodeGen.BurstILPostProcessor

running Unity.Jobs.CodeGen.JobsILPostProcessor

running zzzUnity.Burst.CodeGen.BurstILPostProcessor
[1456/1669  1s] ILPostProcess Library/Bee/artifacts/1300b0aE.dag/post-processed/Unity.RenderPipelines.GPUDriven.Runtime.dll (+pdb)
Processing assembly Library/Bee/artifacts/1300b0aE.dag/Unity.RenderPipelines.GPUDriven.Runtime.dll, with 154 defines and 283 references

processors: Unity.Jobs.CodeGen.JobsILPostProcessor, zzzUnity.Burst.CodeGen.BurstILPostProcessor

running Unity.Jobs.CodeGen.JobsILPostProcessor

running zzzUnity.Burst.CodeGen.BurstILPostProcessor
[1457/1669  1s] ILPostProcess Library/Bee/artifacts/1300b0aE.dag/post-processed/Unity.Burst.dll (+pdb)
Processing assembly Library/Bee/artifacts/1300b0aE.dag/Unity.Burst.dll, with 154 defines and 261 references

processors: Unity.Jobs.CodeGen.JobsILPostProcessor, zzzUnity.Burst.CodeGen.BurstILPostProcessor

running Unity.Jobs.CodeGen.JobsILPostProcessor

running zzzUnity.Burst.CodeGen.BurstILPostProcessor
[1458/1669  0s] ILPostProcess Library/Bee/artifacts/1300b0aE.dag/post-processed/Unity.AI.Assistant.Editor.dll (+pdb)
Processing assembly Library/Bee/artifacts/1300b0aE.dag/Unity.AI.Assistant.Editor.dll, with 152 defines and 284 references

processors: Unity.Jobs.CodeGen.JobsILPostProcessor, zzzUnity.Burst.CodeGen.BurstILPostProcessor

running Unity.Jobs.CodeGen.JobsILPostProcessor

running zzzUnity.Burst.CodeGen.BurstILPostProcessor
[1459/1669  0s] ILPostProcess Library/Bee/artifacts/1300b0aE.dag/post-processed/Unity.TestTools.CodeCoverage.Editor.OpenCover.Model.dll (+pdb)
Processing assembly Library/Bee/artifacts/1300b0aE.dag/Unity.TestTools.CodeCoverage.Editor.OpenCover.Model.dll, with 152 defines and 291 references

processors: Unity.Jobs.CodeGen.JobsILPostProcessor, zzzUnity.Burst.CodeGen.BurstILPostProcessor

running Unity.Jobs.CodeGen.JobsILPostProcessor

running zzzUnity.Burst.CodeGen.BurstILPostProcessor
[1460/1669  1s] ILPostProcess Library/Bee/artifacts/1300b0aE.dag/post-processed/Unity.RenderPipelines.Universal.2D.Runtime.dll (+pdb)
Processing assembly Library/Bee/artifacts/1300b0aE.dag/Unity.RenderPipelines.Universal.2D.Runtime.dll, with 157 defines and 284 references

processors: Unity.Jobs.CodeGen.JobsILPostProcessor, zzzUnity.Burst.CodeGen.BurstILPostProcessor

running Unity.Jobs.CodeGen.JobsILPostProcessor

running zzzUnity.Burst.CodeGen.BurstILPostProcessor
[1461/1669  0s] ILPostProcess Library/Bee/artifacts/1300b0aE.dag/post-processed/Unity.AI.Toolkit.Compliance.dll (+pdb)
Processing assembly Library/Bee/artifacts/1300b0aE.dag/Unity.AI.Toolkit.Compliance.dll, with 152 defines and 291 references

processors: Unity.Jobs.CodeGen.JobsILPostProcessor, zzzUnity.Burst.CodeGen.BurstILPostProcessor

running Unity.Jobs.CodeGen.JobsILPostProcessor

running zzzUnity.Burst.CodeGen.BurstILPostProcessor
[1462/1669  0s] ILPostProcess Library/Bee/artifacts/1300b0aE.dag/post-processed/Unity.AI.Search.Editor.dll (+pdb)
Processing assembly Library/Bee/artifacts/1300b0aE.dag/Unity.AI.Search.Editor.dll, with 153 defines and 281 references

processors: Unity.Jobs.CodeGen.JobsILPostProcessor, zzzUnity.Burst.CodeGen.BurstILPostProcessor

running Unity.Jobs.CodeGen.JobsILPostProcessor

running zzzUnity.Burst.CodeGen.BurstILPostProcessor
[1463/1669  0s] ILPostProcess Library/Bee/artifacts/1300b0aE.dag/post-processed/Unity.RenderPipelines.Core.Editor.dll (+pdb)
Processing assembly Library/Bee/artifacts/1300b0aE.dag/Unity.RenderPipelines.Core.Editor.dll, with 153 defines and 297 references

processors: Unity.Jobs.CodeGen.JobsILPostProcessor, zzzUnity.Burst.CodeGen.BurstILPostProcessor

running Unity.Jobs.CodeGen.JobsILPostProcessor

running zzzUnity.Burst.CodeGen.BurstILPostProcessor
[1464/1669  0s] ILPostProcess Library/Bee/artifacts/1300b0aE.dag/post-processed/Unity.AppUI.Editor.dll (+pdb)
Processing assembly Library/Bee/artifacts/1300b0aE.dag/Unity.AppUI.Editor.dll, with 154 defines and 293 references

processors: Unity.Jobs.CodeGen.JobsILPostProcessor, zzzUnity.Burst.CodeGen.BurstILPostProcessor

running Unity.Jobs.CodeGen.JobsILPostProcessor

running zzzUnity.Burst.CodeGen.BurstILPostProcessor
[1465/1669  0s] ILPostProcess Library/Bee/artifacts/1300b0aE.dag/post-processed/Unity.InferenceEngine.Editor.Visualizer.dll (+pdb)
Processing assembly Library/Bee/artifacts/1300b0aE.dag/Unity.InferenceEngine.Editor.Visualizer.dll, with 152 defines and 298 references

processors: Unity.Jobs.CodeGen.JobsILPostProcessor, zzzUnity.Burst.CodeGen.BurstILPostProcessor

running Unity.Jobs.CodeGen.JobsILPostProcessor

running zzzUnity.Burst.CodeGen.BurstILPostProcessor
[1466/1669  0s] ILPostProcess Library/Bee/artifacts/1300b0aE.dag/post-processed/Unity.AI.Assistant.UI.Editor.dll (+pdb)
Processing assembly Library/Bee/artifacts/1300b0aE.dag/Unity.AI.Assistant.UI.Editor.dll, with 152 defines and 287 references

processors: Unity.Jobs.CodeGen.JobsILPostProcessor, zzzUnity.Burst.CodeGen.BurstILPostProcessor

running Unity.Jobs.CodeGen.JobsILPostProcessor

running zzzUnity.Burst.CodeGen.BurstILPostProcessor
[1467/1669  0s] ILPostProcess Library/Bee/artifacts/1300b0aE.dag/post-processed/Unity.ShaderGraph.Utilities.dll (+pdb)
Processing assembly Library/Bee/artifacts/1300b0aE.dag/Unity.ShaderGraph.Utilities.dll, with 152 defines and 291 references

processors: Unity.Jobs.CodeGen.JobsILPostProcessor, zzzUnity.Burst.CodeGen.BurstILPostProcessor

running Unity.Jobs.CodeGen.JobsILPostProcessor

running zzzUnity.Burst.CodeGen.BurstILPostProcessor
[1468/1669  0s] ILPostProcess Library/Bee/artifacts/1300b0aE.dag/post-processed/PPv2URPConverters.dll (+pdb)
Processing assembly Library/Bee/artifacts/1300b0aE.dag/PPv2URPConverters.dll, with 153 defines and 297 references

processors: Unity.Jobs.CodeGen.JobsILPostProcessor, zzzUnity.Burst.CodeGen.BurstILPostProcessor

running Unity.Jobs.CodeGen.JobsILPostProcessor

running zzzUnity.Burst.CodeGen.BurstILPostProcessor
[1469/1669  0s] ILPostProcess Library/Bee/artifacts/1300b0aE.dag/post-processed/Unity.AI.Assistant.Agent.Dynamic.Extension.Editor.dll (+pdb)
Processing assembly Library/Bee/artifacts/1300b0aE.dag/Unity.AI.Assistant.Agent.Dynamic.Extension.Editor.dll, with 152 defines and 291 references

processors: Unity.Jobs.CodeGen.JobsILPostProcessor, zzzUnity.Burst.CodeGen.BurstILPostProcessor

running Unity.Jobs.CodeGen.JobsILPostProcessor

running zzzUnity.Burst.CodeGen.BurstILPostProcessor
[1470/1669  0s] ILPostProcess Library/Bee/artifacts/1300b0aE.dag/post-processed/Unity.AI.Toolkit.Asset.dll (+pdb)
Processing assembly Library/Bee/artifacts/1300b0aE.dag/Unity.AI.Toolkit.Asset.dll, with 152 defines and 292 references

processors: Unity.Jobs.CodeGen.JobsILPostProcessor, zzzUnity.Burst.CodeGen.BurstILPostProcessor

running Unity.Jobs.CodeGen.JobsILPostProcessor

running zzzUnity.Burst.CodeGen.BurstILPostProcessor
[1471/1669  1s] ILPostProcess Library/Bee/artifacts/1300b0aE.dag/post-processed/Unity.Collections.dll (+pdb)
Processing assembly Library/Bee/artifacts/1300b0aE.dag/Unity.Collections.dll, with 156 defines and 281 references

processors: Unity.Jobs.CodeGen.JobsILPostProcessor, zzzUnity.Burst.CodeGen.BurstILPostProcessor

running Unity.Jobs.CodeGen.JobsILPostProcessor

running zzzUnity.Burst.CodeGen.BurstILPostProcessor
[1472/1669  0s] ILPostProcess Library/Bee/artifacts/1300b0aE.dag/post-processed/Unity.AI.Toolkit.GenerationObjectPicker.dll (+pdb)
Processing assembly Library/Bee/artifacts/1300b0aE.dag/Unity.AI.Toolkit.GenerationObjectPicker.dll, with 153 defines and 294 references

processors: Unity.Jobs.CodeGen.JobsILPostProcessor, zzzUnity.Burst.CodeGen.BurstILPostProcessor

running Unity.Jobs.CodeGen.JobsILPostProcessor

running zzzUnity.Burst.CodeGen.BurstILPostProcessor
[1473/1669  0s] ILPostProcess Library/Bee/artifacts/1300b0aE.dag/post-processed/Unity.TestTools.CodeCoverage.Editor.OpenCover.Mono.Reflection.dll (+pdb)
Processing assembly Library/Bee/artifacts/1300b0aE.dag/Unity.TestTools.CodeCoverage.Editor.OpenCover.Mono.Reflection.dll, with 152 defines and 291 references

processors: Unity.Jobs.CodeGen.JobsILPostProcessor, zzzUnity.Burst.CodeGen.BurstILPostProcessor

running Unity.Jobs.CodeGen.JobsILPostProcessor

running zzzUnity.Burst.CodeGen.BurstILPostProcessor
[1474/1669  0s] ILPostProcess Library/Bee/artifacts/1300b0aE.dag/post-processed/Unity.AI.Toolkit.GenerationContextMenu.dll (+pdb)
Processing assembly Library/Bee/artifacts/1300b0aE.dag/Unity.AI.Toolkit.GenerationContextMenu.dll, with 152 defines and 292 references

processors: Unity.Jobs.CodeGen.JobsILPostProcessor, zzzUnity.Burst.CodeGen.BurstILPostProcessor

running Unity.Jobs.CodeGen.JobsILPostProcessor

running zzzUnity.Burst.CodeGen.BurstILPostProcessor
[1475/1669  2s] ILPostProcess Library/Bee/artifacts/1300b0aE.dag/post-processed/Unity.InferenceEngine.dll (+pdb)
Processing assembly Library/Bee/artifacts/1300b0aE.dag/Unity.InferenceEngine.dll, with 154 defines and 282 references

processors: Unity.Jobs.CodeGen.JobsILPostProcessor, zzzUnity.Burst.CodeGen.BurstILPostProcessor

running Unity.Jobs.CodeGen.JobsILPostProcessor

running zzzUnity.Burst.CodeGen.BurstILPostProcessor
[1476/1669  0s] ILPostProcess Library/Bee/artifacts/1300b0aE.dag/post-processed/Unity.AI.Navigation.Editor.ConversionSystem.dll (+pdb)
Processing assembly Library/Bee/artifacts/1300b0aE.dag/Unity.AI.Navigation.Editor.ConversionSystem.dll, with 152 defines and 291 references

processors: Unity.Jobs.CodeGen.JobsILPostProcessor, zzzUnity.Burst.CodeGen.BurstILPostProcessor

running Unity.Jobs.CodeGen.JobsILPostProcessor

running zzzUnity.Burst.CodeGen.BurstILPostProcessor
[1477/1669  0s] ILPostProcess Library/Bee/artifacts/1300b0aE.dag/post-processed/Unity.Mathematics.Editor.dll (+pdb)
Processing assembly Library/Bee/artifacts/1300b0aE.dag/Unity.Mathematics.Editor.dll, with 152 defines and 292 references

processors: Unity.Jobs.CodeGen.JobsILPostProcessor, zzzUnity.Burst.CodeGen.BurstILPostProcessor

running Unity.Jobs.CodeGen.JobsILPostProcessor

running zzzUnity.Burst.CodeGen.BurstILPostProcessor
[1478/1669  0s] ILPostProcess Library/Bee/artifacts/1300b0aE.dag/post-processed/Unity.Collections.Editor.dll (+pdb)
Processing assembly Library/Bee/artifacts/1300b0aE.dag/Unity.Collections.Editor.dll, with 153 defines and 292 references

processors: Unity.Jobs.CodeGen.JobsILPostProcessor, zzzUnity.Burst.CodeGen.BurstILPostProcessor

running Unity.Jobs.CodeGen.JobsILPostProcessor

running zzzUnity.Burst.CodeGen.BurstILPostProcessor
[1479/1669  0s] ILPostProcess Library/Bee/artifacts/1300b0aE.dag/post-processed/Unity.AI.Assistant.Tools.Editor.dll (+pdb)
Processing assembly Library/Bee/artifacts/1300b0aE.dag/Unity.AI.Assistant.Tools.Editor.dll, with 152 defines and 283 references

processors: Unity.Jobs.CodeGen.JobsILPostProcessor, zzzUnity.Burst.CodeGen.BurstILPostProcessor

running Unity.Jobs.CodeGen.JobsILPostProcessor

running zzzUnity.Burst.CodeGen.BurstILPostProcessor
[1480/1669  0s] ILPostProcess Library/Bee/artifacts/1300b0aE.dag/post-processed/Unity.RenderPipelines.Core.Editor.Shared.dll (+pdb)
Processing assembly Library/Bee/artifacts/1300b0aE.dag/Unity.RenderPipelines.Core.Editor.Shared.dll, with 152 defines and 292 references

processors: Unity.Jobs.CodeGen.JobsILPostProcessor, zzzUnity.Burst.CodeGen.BurstILPostProcessor

running Unity.Jobs.CodeGen.JobsILPostProcessor

running zzzUnity.Burst.CodeGen.BurstILPostProcessor
[1481/1669  0s] ILPostProcess Library/Bee/artifacts/1300b0aE.dag/post-processed/Unity.RenderPipelines.Universal.2D.Editor.Overrides.dll (+pdb)
Processing assembly Library/Bee/artifacts/1300b0aE.dag/Unity.RenderPipelines.Universal.2D.Editor.Overrides.dll, with 153 defines and 303 references

processors: Unity.Jobs.CodeGen.JobsILPostProcessor, zzzUnity.Burst.CodeGen.BurstILPostProcessor

running Unity.Jobs.CodeGen.JobsILPostProcessor

running zzzUnity.Burst.CodeGen.BurstILPostProcessor
[1482/1669  0s] ILPostProcess Library/Bee/artifacts/1300b0aE.dag/post-processed/Unity.AI.Toolkit.Utility.dll (+pdb)
Processing assembly Library/Bee/artifacts/1300b0aE.dag/Unity.AI.Toolkit.Utility.dll, with 152 defines and 291 references

processors: Unity.Jobs.CodeGen.JobsILPostProcessor, zzzUnity.Burst.CodeGen.BurstILPostProcessor

running Unity.Jobs.CodeGen.JobsILPostProcessor

running zzzUnity.Burst.CodeGen.BurstILPostProcessor
[1483/1669  0s] ILPostProcess Library/Bee/artifacts/1300b0aE.dag/post-processed/Unity.InputSystem.ForUI.Editor.dll (+pdb)
Processing assembly Library/Bee/artifacts/1300b0aE.dag/Unity.InputSystem.ForUI.Editor.dll, with 152 defines and 293 references

processors: Unity.Jobs.CodeGen.JobsILPostProcessor, zzzUnity.Burst.CodeGen.BurstILPostProcessor

running Unity.Jobs.CodeGen.JobsILPostProcessor

running zzzUnity.Burst.CodeGen.BurstILPostProcessor
[1484/1669  0s] ILPostProcess Library/Bee/artifacts/1300b0aE.dag/post-processed/Unity.AI.Assistant.Annotations.Editor.dll (+pdb)
Processing assembly Library/Bee/artifacts/1300b0aE.dag/Unity.AI.Assistant.Annotations.Editor.dll, with 152 defines and 291 references

processors: Unity.Jobs.CodeGen.JobsILPostProcessor, zzzUnity.Burst.CodeGen.BurstILPostProcessor

running Unity.Jobs.CodeGen.JobsILPostProcessor

running zzzUnity.Burst.CodeGen.BurstILPostProcessor
[1485/1669  0s] ILPostProcess Library/Bee/artifacts/1300b0aE.dag/post-processed/HFDownloader.dll (+pdb)
Processing assembly Library/Bee/artifacts/1300b0aE.dag/HFDownloader.dll, with 152 defines and 273 references

processors: Unity.Jobs.CodeGen.JobsILPostProcessor, zzzUnity.Burst.CodeGen.BurstILPostProcessor

running Unity.Jobs.CodeGen.JobsILPostProcessor

running zzzUnity.Burst.CodeGen.BurstILPostProcessor
[1486/1669  0s] ILPostProcess Library/Bee/artifacts/1300b0aE.dag/post-processed/Unity.PerformanceTesting.Editor.dll (+pdb)
Processing assembly Library/Bee/artifacts/1300b0aE.dag/Unity.PerformanceTesting.Editor.dll, with 153 defines and 273 references

processors: Unity.Jobs.CodeGen.JobsILPostProcessor, zzzUnity.Burst.CodeGen.BurstILPostProcessor

running Unity.Jobs.CodeGen.JobsILPostProcessor

running zzzUnity.Burst.CodeGen.BurstILPostProcessor
[1487/1669  0s] ILPostProcess Library/Bee/artifacts/1300b0aE.dag/post-processed/Unity.AI.Assistant.API.Editor.dll (+pdb)
Processing assembly Library/Bee/artifacts/1300b0aE.dag/Unity.AI.Assistant.API.Editor.dll, with 152 defines and 295 references

processors: Unity.Jobs.CodeGen.JobsILPostProcessor, zzzUnity.Burst.CodeGen.BurstILPostProcessor

running Unity.Jobs.CodeGen.JobsILPostProcessor

running zzzUnity.Burst.CodeGen.BurstILPostProcessor
[1488/1669  0s] ILPostProcess Library/Bee/artifacts/1300b0aE.dag/post-processed/Unity.ShaderGraph.Editor.dll (+pdb)
Processing assembly Library/Bee/artifacts/1300b0aE.dag/Unity.ShaderGraph.Editor.dll, with 152 defines and 295 references

processors: Unity.Jobs.CodeGen.JobsILPostProcessor, zzzUnity.Burst.CodeGen.BurstILPostProcessor

running Unity.Jobs.CodeGen.JobsILPostProcessor

running zzzUnity.Burst.CodeGen.BurstILPostProcessor
[1489/1669  0s] ILPostProcess Library/Bee/artifacts/1300b0aE.dag/post-processed/Unity.AI.Toolkit.Accounts.dll (+pdb)
Processing assembly Library/Bee/artifacts/1300b0aE.dag/Unity.AI.Toolkit.Accounts.dll, with 152 defines and 293 references

processors: Unity.Jobs.CodeGen.JobsILPostProcessor, zzzUnity.Burst.CodeGen.BurstILPostProcessor

running Unity.Jobs.CodeGen.JobsILPostProcessor

running zzzUnity.Burst.CodeGen.BurstILPostProcessor
[1490/1669  0s] ILPostProcess Library/Bee/artifacts/1300b0aE.dag/post-processed/Unity.AI.Sound.dll (+pdb)
Processing assembly Library/Bee/artifacts/1300b0aE.dag/Unity.AI.Sound.dll, with 152 defines and 307 references

processors: Unity.Jobs.CodeGen.JobsILPostProcessor, zzzUnity.Burst.CodeGen.BurstILPostProcessor

running Unity.Jobs.CodeGen.JobsILPostProcessor

running zzzUnity.Burst.CodeGen.BurstILPostProcessor
[1491/1669  0s] ILPostProcess Library/Bee/artifacts/1300b0aE.dag/post-processed/UnityEditor.UI.Analytics.dll (+pdb)
Processing assembly Library/Bee/artifacts/1300b0aE.dag/UnityEditor.UI.Analytics.dll, with 152 defines and 292 references

processors: Unity.Jobs.CodeGen.JobsILPostProcessor, zzzUnity.Burst.CodeGen.BurstILPostProcessor

running Unity.Jobs.CodeGen.JobsILPostProcessor

running zzzUnity.Burst.CodeGen.BurstILPostProcessor
[1492/1669  0s] ILPostProcess Library/Bee/artifacts/1300b0aE.dag/post-processed/Unity.AI.Image.dll (+pdb)
Processing assembly Library/Bee/artifacts/1300b0aE.dag/Unity.AI.Image.dll, with 152 defines and 308 references

processors: Unity.Jobs.CodeGen.JobsILPostProcessor, zzzUnity.Burst.CodeGen.BurstILPostProcessor

running Unity.Jobs.CodeGen.JobsILPostProcessor

running zzzUnity.Burst.CodeGen.BurstILPostProcessor
[1493/1669  0s] ILPostProcess Library/Bee/artifacts/1300b0aE.dag/post-processed/Unity.AI.ModelSelector.dll (+pdb)
Processing assembly Library/Bee/artifacts/1300b0aE.dag/Unity.AI.ModelSelector.dll, with 152 defines and 300 references

processors: Unity.Jobs.CodeGen.JobsILPostProcessor, zzzUnity.Burst.CodeGen.BurstILPostProcessor

running Unity.Jobs.CodeGen.JobsILPostProcessor

running zzzUnity.Burst.CodeGen.BurstILPostProcessor
[1494/1669  0s] ILPostProcess Library/Bee/artifacts/1300b0aE.dag/post-processed/Unity.VisualScripting.State.Editor.dll (+pdb)
Processing assembly Library/Bee/artifacts/1300b0aE.dag/Unity.VisualScripting.State.Editor.dll, with 152 defines and 296 references

processors: Unity.Jobs.CodeGen.JobsILPostProcessor, zzzUnity.Burst.CodeGen.BurstILPostProcessor

running Unity.Jobs.CodeGen.JobsILPostProcessor

running zzzUnity.Burst.CodeGen.BurstILPostProcessor
[1495/1669  0s] ILPostProcess Library/Bee/artifacts/1300b0aE.dag/post-processed/Unity.TestTools.CodeCoverage.Editor.dll (+pdb)
Processing assembly Library/Bee/artifacts/1300b0aE.dag/Unity.TestTools.CodeCoverage.Editor.dll, with 153 defines and 276 references

processors: Unity.Jobs.CodeGen.JobsILPostProcessor, zzzUnity.Burst.CodeGen.BurstILPostProcessor

running Unity.Jobs.CodeGen.JobsILPostProcessor

running zzzUnity.Burst.CodeGen.BurstILPostProcessor
[1496/1669  0s] ILPostProcess Library/Bee/artifacts/1300b0aE.dag/post-processed/Unity.AI.Mesh.dll (+pdb)
Processing assembly Library/Bee/artifacts/1300b0aE.dag/Unity.AI.Mesh.dll, with 152 defines and 305 references

processors: Unity.Jobs.CodeGen.JobsILPostProcessor, zzzUnity.Burst.CodeGen.BurstILPostProcessor

running Unity.Jobs.CodeGen.JobsILPostProcessor

running zzzUnity.Burst.CodeGen.BurstILPostProcessor
[1497/1669  0s] ILPostProcess Library/Bee/artifacts/1300b0aE.dag/post-processed/Unity.AI.Generators.Asset.dll (+pdb)
Processing assembly Library/Bee/artifacts/1300b0aE.dag/Unity.AI.Generators.Asset.dll, with 152 defines and 296 references

processors: Unity.Jobs.CodeGen.JobsILPostProcessor, zzzUnity.Burst.CodeGen.BurstILPostProcessor

running Unity.Jobs.CodeGen.JobsILPostProcessor

running zzzUnity.Burst.CodeGen.BurstILPostProcessor
[1498/1669  0s] ILPostProcess Library/Bee/artifacts/1300b0aE.dag/post-processed/Unity.AI.Pbr.dll (+pdb)
Processing assembly Library/Bee/artifacts/1300b0aE.dag/Unity.AI.Pbr.dll, with 152 defines and 307 references

processors: Unity.Jobs.CodeGen.JobsILPostProcessor, zzzUnity.Burst.CodeGen.BurstILPostProcessor

running Unity.Jobs.CodeGen.JobsILPostProcessor

running zzzUnity.Burst.CodeGen.BurstILPostProcessor
[1499/1669  0s] ILPostProcess Library/Bee/artifacts/1300b0aE.dag/post-processed/Unity.Postprocessing.Editor.dll (+pdb)
Processing assembly Library/Bee/artifacts/1300b0aE.dag/Unity.Postprocessing.Editor.dll, with 154 defines and 292 references

processors: Unity.Jobs.CodeGen.JobsILPostProcessor, zzzUnity.Burst.CodeGen.BurstILPostProcessor

running Unity.Jobs.CodeGen.JobsILPostProcessor

running zzzUnity.Burst.CodeGen.BurstILPostProcessor
[1500/1669  0s] ILPostProcess Library/Bee/artifacts/1300b0aE.dag/post-processed/Unity.2D.Tilemap.Editor.dll (+pdb)
Processing assembly Library/Bee/artifacts/1300b0aE.dag/Unity.2D.Tilemap.Editor.dll, with 152 defines and 291 references

processors: Unity.Jobs.CodeGen.JobsILPostProcessor, zzzUnity.Burst.CodeGen.BurstILPostProcessor

running Unity.Jobs.CodeGen.JobsILPostProcessor

running zzzUnity.Burst.CodeGen.BurstILPostProcessor
[1501/1669  0s] ILPostProcess Library/Bee/artifacts/1300b0aE.dag/post-processed/Unity.VisualScripting.Core.Editor.dll (+pdb)
Processing assembly Library/Bee/artifacts/1300b0aE.dag/Unity.VisualScripting.Core.Editor.dll, with 152 defines and 292 references

processors: Unity.Jobs.CodeGen.JobsILPostProcessor, zzzUnity.Burst.CodeGen.BurstILPostProcessor

running Unity.Jobs.CodeGen.JobsILPostProcessor

running zzzUnity.Burst.CodeGen.BurstILPostProcessor
[1502/1669  0s] ILPostProcess Library/Bee/artifacts/1300b0aE.dag/post-processed/Unity.AI.Generators.IO.dll (+pdb)
Processing assembly Library/Bee/artifacts/1300b0aE.dag/Unity.AI.Generators.IO.dll, with 152 defines and 296 references

processors: Unity.Jobs.CodeGen.JobsILPostProcessor, zzzUnity.Burst.CodeGen.BurstILPostProcessor

running Unity.Jobs.CodeGen.JobsILPostProcessor

running zzzUnity.Burst.CodeGen.BurstILPostProcessor
[1503/1669  0s] ILPostProcess Library/Bee/artifacts/1300b0aE.dag/post-processed/Unity.AI.Toolkit.Async.dll (+pdb)
Processing assembly Library/Bee/artifacts/1300b0aE.dag/Unity.AI.Toolkit.Async.dll, with 152 defines and 291 references

processors: Unity.Jobs.CodeGen.JobsILPostProcessor, zzzUnity.Burst.CodeGen.BurstILPostProcessor

running Unity.Jobs.CodeGen.JobsILPostProcessor

running zzzUnity.Burst.CodeGen.BurstILPostProcessor
[1504/1669  0s] ILPostProcess Library/Bee/artifacts/1300b0aE.dag/post-processed/Unity.AI.Assistant.Integrations.Profiler.Editor.dll (+pdb)
Processing assembly Library/Bee/artifacts/1300b0aE.dag/Unity.AI.Assistant.Integrations.Profiler.Editor.dll, with 152 defines and 296 references

processors: Unity.Jobs.CodeGen.JobsILPostProcessor, zzzUnity.Burst.CodeGen.BurstILPostProcessor

running Unity.Jobs.CodeGen.JobsILPostProcessor

running zzzUnity.Burst.CodeGen.BurstILPostProcessor
[1505/1669  0s] ILPostProcess Library/Bee/artifacts/1300b0aE.dag/post-processed/Unity.ProGrids.Editor.dll (+pdb)
Processing assembly Library/Bee/artifacts/1300b0aE.dag/Unity.ProGrids.Editor.dll, with 152 defines and 293 references

processors: Unity.Jobs.CodeGen.JobsILPostProcessor, zzzUnity.Burst.CodeGen.BurstILPostProcessor

running Unity.Jobs.CodeGen.JobsILPostProcessor

running zzzUnity.Burst.CodeGen.BurstILPostProcessor
[1506/1669  0s] ILPostProcess Library/Bee/artifacts/1300b0aE.dag/post-processed/Unity.AI.Animate.dll (+pdb)
Processing assembly Library/Bee/artifacts/1300b0aE.dag/Unity.AI.Animate.dll, with 152 defines and 308 references

processors: Unity.Jobs.CodeGen.JobsILPostProcessor, zzzUnity.Burst.CodeGen.BurstILPostProcessor

running Unity.Jobs.CodeGen.JobsILPostProcessor

running zzzUnity.Burst.CodeGen.BurstILPostProcessor
[1507/1669  0s] ILPostProcess Library/Bee/artifacts/1300b0aE.dag/post-processed/Unity.AI.Assistant.AssetGenerators.Editor.dll (+pdb)
Processing assembly Library/Bee/artifacts/1300b0aE.dag/Unity.AI.Assistant.AssetGenerators.Editor.dll, with 152 defines and 278 references

processors: Unity.Jobs.CodeGen.JobsILPostProcessor, zzzUnity.Burst.CodeGen.BurstILPostProcessor

running Unity.Jobs.CodeGen.JobsILPostProcessor

running zzzUnity.Burst.CodeGen.BurstILPostProcessor
[1508/1669  0s] ILPostProcess Library/Bee/artifacts/1300b0aE.dag/post-processed/Unity.AppUI.Navigation.Editor.dll (+pdb)
Processing assembly Library/Bee/artifacts/1300b0aE.dag/Unity.AppUI.Navigation.Editor.dll, with 152 defines and 295 references

processors: Unity.Jobs.CodeGen.JobsILPostProcessor, zzzUnity.Burst.CodeGen.BurstILPostProcessor

running Unity.Jobs.CodeGen.JobsILPostProcessor

running zzzUnity.Burst.CodeGen.BurstILPostProcessor
[1509/1669  0s] ILPostProcess Library/Bee/artifacts/1300b0aE.dag/post-processed/Unity.Settings.Editor.dll (+pdb)
Processing assembly Library/Bee/artifacts/1300b0aE.dag/Unity.Settings.Editor.dll, with 152 defines and 291 references

processors: Unity.Jobs.CodeGen.JobsILPostProcessor, zzzUnity.Burst.CodeGen.BurstILPostProcessor

running Unity.Jobs.CodeGen.JobsILPostProcessor

running zzzUnity.Burst.CodeGen.BurstILPostProcessor
[1510/1669  0s] ILPostProcess Library/Bee/artifacts/1300b0aE.dag/post-processed/Unity.VisualScripting.Shared.Editor.dll (+pdb)
Processing assembly Library/Bee/artifacts/1300b0aE.dag/Unity.VisualScripting.Shared.Editor.dll, with 152 defines and 297 references

processors: Unity.Jobs.CodeGen.JobsILPostProcessor, zzzUnity.Burst.CodeGen.BurstILPostProcessor

running Unity.Jobs.CodeGen.JobsILPostProcessor

running zzzUnity.Burst.CodeGen.BurstILPostProcessor
[1511/1669  0s] ILPostProcess Library/Bee/artifacts/1300b0aE.dag/post-processed/Unity.InferenceEngine.Editor.dll (+pdb)
Processing assembly Library/Bee/artifacts/1300b0aE.dag/Unity.InferenceEngine.Editor.dll, with 152 defines and 279 references

processors: Unity.Jobs.CodeGen.JobsILPostProcessor, zzzUnity.Burst.CodeGen.BurstILPostProcessor

running Unity.Jobs.CodeGen.JobsILPostProcessor

running zzzUnity.Burst.CodeGen.BurstILPostProcessor
[1512/1669  0s] ILPostProcess Library/Bee/artifacts/1300b0aE.dag/post-processed/Unity.AI.Navigation.Editor.dll (+pdb)
Processing assembly Library/Bee/artifacts/1300b0aE.dag/Unity.AI.Navigation.Editor.dll, with 153 defines and 293 references

processors: Unity.Jobs.CodeGen.JobsILPostProcessor, zzzUnity.Burst.CodeGen.BurstILPostProcessor

running Unity.Jobs.CodeGen.JobsILPostProcessor

running zzzUnity.Burst.CodeGen.BurstILPostProcessor
[1513/1669  0s] ILPostProcess Library/Bee/artifacts/1300b0aE.dag/post-processed/Unity.AppUI.Redux.Editor.dll (+pdb)
Processing assembly Library/Bee/artifacts/1300b0aE.dag/Unity.AppUI.Redux.Editor.dll, with 156 defines and 277 references

processors: Unity.Jobs.CodeGen.JobsILPostProcessor, zzzUnity.Burst.CodeGen.BurstILPostProcessor

running Unity.Jobs.CodeGen.JobsILPostProcessor

running zzzUnity.Burst.CodeGen.BurstILPostProcessor
[1514/1669  0s] ILPostProcess Library/Bee/artifacts/1300b0aE.dag/post-processed/Unity.InputSystem.DocCodeSamples.dll (+pdb)
Processing assembly Library/Bee/artifacts/1300b0aE.dag/Unity.InputSystem.DocCodeSamples.dll, with 152 defines and 273 references

processors: Unity.Jobs.CodeGen.JobsILPostProcessor, zzzUnity.Burst.CodeGen.BurstILPostProcessor

running Unity.Jobs.CodeGen.JobsILPostProcessor

running zzzUnity.Burst.CodeGen.BurstILPostProcessor
[1515/1669  0s] ILPostProcess Library/Bee/artifacts/1300b0aE.dag/post-processed/UnityEditor.UI.dll (+pdb)
Processing assembly Library/Bee/artifacts/1300b0aE.dag/UnityEditor.UI.dll, with 155 defines and 290 references

processors: Unity.Jobs.CodeGen.JobsILPostProcessor, zzzUnity.Burst.CodeGen.BurstILPostProcessor

running Unity.Jobs.CodeGen.JobsILPostProcessor

running zzzUnity.Burst.CodeGen.BurstILPostProcessor
[1516/1669  0s] ILPostProcess Library/Bee/artifacts/1300b0aE.dag/post-processed/Unity.AI.MCP.Editor.dll (+pdb)
Processing assembly Library/Bee/artifacts/1300b0aE.dag/Unity.AI.MCP.Editor.dll, with 152 defines and 281 references

processors: Unity.Jobs.CodeGen.JobsILPostProcessor, zzzUnity.Burst.CodeGen.BurstILPostProcessor

running Unity.Jobs.CodeGen.JobsILPostProcessor

running zzzUnity.Burst.CodeGen.BurstILPostProcessor
[1517/1669  0s] ILPostProcess Library/Bee/artifacts/1300b0aE.dag/post-processed/Unity.AI.Generators.UI.AIDropdownIntegrations.dll (+pdb)
Processing assembly Library/Bee/artifacts/1300b0aE.dag/Unity.AI.Generators.UI.AIDropdownIntegrations.dll, with 152 defines and 294 references

processors: Unity.Jobs.CodeGen.JobsILPostProcessor, zzzUnity.Burst.CodeGen.BurstILPostProcessor

running Unity.Jobs.CodeGen.JobsILPostProcessor

running zzzUnity.Burst.CodeGen.BurstILPostProcessor
[1518/1669  0s] CopyFiles Library/ScriptAssemblies/Unity.Timeline.dll
[1519/1669  0s] CopyFiles Library/ScriptAssemblies/Unity.RenderPipelines.ShaderGraph.ShaderGraphLibrary.dll
[1520/1669  0s] CopyFiles Library/ScriptAssemblies/Unity.Mathematics.dll
[1521/1669  0s] CopyFiles Library/ScriptAssemblies/Unity.Multiplayer.Center.Common.dll
[1522/1669  0s] CopyFiles Library/ScriptAssemblies/UnityEngine.UI.dll
[1523/1669  0s] CopyFiles Library/ScriptAssemblies/Unity.InternalAPIEngineBridge.004.dll
[1524/1669  0s] CopyFiles Library/ScriptAssemblies/Unity.VisualScripting.DocCodeExamples.dll
[1525/1669  0s] CopyFiles Library/ScriptAssemblies/Unity.AI.Navigation.dll
[1526/1669  0s] CopyFiles Library/ScriptAssemblies/Unity.AI.Assistant.Runtime.dll
[1527/1669  0s] CopyFiles Library/ScriptAssemblies/Unity.AI.Tracing.dll
[1528/1669  0s] CopyFiles Library/ScriptAssemblies/Unity.RenderPipeline.Universal.ShaderLibrary.dll
[1529/1669  0s] CopyFiles Library/ScriptAssemblies/Unity.InputSystem.ForUI.dll
[1530/1669  0s] CopyFiles Library/ScriptAssemblies/Unity.VisualScripting.Flow.dll
[1531/1669  0s] CopyFiles Library/ScriptAssemblies/Unity.AI.MCP.Runtime.dll
[1532/1669  0s] CopyFiles Library/ScriptAssemblies/AlienDefense.Tests.PlayMode.dll
[1533/1669  0s] CopyFiles Library/ScriptAssemblies/Unity.RenderPipelines.Universal.Runtime.dll
[1534/1669  0s] CopyFiles Library/ScriptAssemblies/AlienDefense.Runtime.dll
[1535/1669  0s] CopyFiles Library/ScriptAssemblies/Unity.RenderPipelines.Universal.Config.Runtime.dll
[1536/1669  0s] CopyFiles Library/ScriptAssemblies/Unity.AI.Animate.Motion.Runtime.dll
[1537/1669  0s] CopyFiles Library/ScriptAssemblies/Unity.RenderPipelines.GPUDriven.Runtime.dll
[1538/1669  0s] CopyFiles Library/ScriptAssemblies/Unity.PerformanceTesting.dll
[1539/1669  0s] CopyFiles Library/ScriptAssemblies/Unity.RenderPipelines.Core.Runtime.dll
[1540/1669  0s] CopyFiles Library/ScriptAssemblies/Unity.Collections.dll
[1541/1669  0s] CopyFiles Library/ScriptAssemblies/Unity.AppUI.dll
[1542/1669  0s] CopyFiles Library/ScriptAssemblies/Unity.InferenceEngine.MacBLAS.dll
[1543/1669  0s] CopyFiles Library/ScriptAssemblies/Unity.TextMeshPro.dll
[1544/1669  0s] CopyFiles Library/ScriptAssemblies/Unity.RenderPipelines.Core.ShaderLibrary.dll
[1545/1669  0s] CopyFiles Library/ScriptAssemblies/Unity.AppUI.Navigation.dll
[1546/1669  0s] CopyFiles Library/ScriptAssemblies/Unity.AppUI.MVVM.dll
[1547/1669  0s] CopyFiles Library/ScriptAssemblies/Unity.InferenceEngine.Tokenization.dll
[1548/1669  0s] CopyFiles Library/ScriptAssemblies/Unity.VisualScripting.State.dll
[1549/1669  0s] CopyFiles Library/ScriptAssemblies/Unity.Burst.dll
[1550/1669  0s] CopyFiles Library/ScriptAssemblies/Unity.RenderPipelines.Core.Runtime.Shared.dll
[1551/1669  0s] CopyFiles Library/ScriptAssemblies/Unity.RenderPipelines.Universal.Shaders.dll
[1552/1669  0s] CopyFiles Library/ScriptAssemblies/Unity.AppUI.InternalAPIBridge.dll
[1553/1669  0s] CopyFiles Library/ScriptAssemblies/Unity.AppUI.Undo.dll
[1554/1669  0s] CopyFiles Library/ScriptAssemblies/Unity.VisualScripting.Core.dll
[1555/1669  0s] CopyFiles Library/ScriptAssemblies/Unity.UnifiedRayTracing.Runtime.dll
[1556/1669  0s] CopyFiles Library/ScriptAssemblies/Unity.InputSystem.TestFramework.dll
[1557/1669  0s] CopyFiles Library/ScriptAssemblies/Unity.InputSystem.dll
[1558/1669  0s] CopyFiles Library/ScriptAssemblies/Unity.InferenceEngine.iOSBLAS.dll
[1559/1669  0s] CopyFiles Library/ScriptAssemblies/Unity.ProGrids.dll
[1560/1669  0s] CopyFiles Library/ScriptAssemblies/Unity.AppUI.Redux.dll
[1561/1669  0s] CopyFiles Library/ScriptAssemblies/Unity.Postprocessing.Runtime.dll
[1562/1669  0s] CopyFiles Library/ScriptAssemblies/Unity.RenderPipelines.Universal.2D.Runtime.dll
[1563/1669  0s] CopyFiles Library/ScriptAssemblies/Unity.AI.Generators.UI.AIDropdownIntegrations.dll
[1564/1669  0s] CopyFiles Library/ScriptAssemblies/Unity.InferenceEngine.dll
[1565/1669  0s] CopyFiles Library/ScriptAssemblies/Unity.AI.Generators.UI.AIDropdownIntegrations.pdb
[1566/1669  0s] CopyFiles Library/ScriptAssemblies/Unity.AI.MCP.Editor.pdb
[1567/1669  0s] CopyFiles Library/ScriptAssemblies/Unity.AppUI.Redux.Editor.pdb
[1568/1669  0s] CopyFiles Library/ScriptAssemblies/Unity.Settings.Editor.pdb
[1569/1669  0s] CopyFiles Library/ScriptAssemblies/Unity.InputSystem.DocCodeSamples.dll
[1570/1669  0s] CopyFiles Library/ScriptAssemblies/Unity.InputSystem.DocCodeSamples.pdb
[1571/1669  0s] CopyFiles Library/ScriptAssemblies/Unity.AI.Navigation.Editor.pdb
[1572/1669  0s] CopyFiles Library/ScriptAssemblies/Unity.AI.MCP.Editor.dll
[1573/1669  0s] CopyFiles Library/ScriptAssemblies/Unity.AppUI.Redux.Editor.dll
[1574/1669  0s] CopyFiles Library/ScriptAssemblies/UnityEditor.UI.pdb
[1575/1669  0s] CopyFiles Library/ScriptAssemblies/Unity.VisualScripting.Shared.Editor.pdb
[1576/1669  0s] CopyFiles Library/ScriptAssemblies/Unity.VisualScripting.Shared.Editor.dll
[1577/1669  0s] CopyFiles Library/ScriptAssemblies/Unity.Settings.Editor.dll
[1578/1669  0s] CopyFiles Library/ScriptAssemblies/Unity.InferenceEngine.Editor.pdb
[1579/1669  0s] CopyFiles Library/ScriptAssemblies/Unity.AppUI.Navigation.Editor.dll
[1580/1669  0s] CopyFiles Library/ScriptAssemblies/Unity.AppUI.Navigation.Editor.pdb
[1581/1669  0s] CopyFiles Library/ScriptAssemblies/Unity.AI.Toolkit.Async.pdb
[1582/1669  0s] CopyFiles Library/ScriptAssemblies/Unity.AI.Toolkit.Async.dll
[1583/1669  0s] CopyFiles Library/ScriptAssemblies/Unity.ProGrids.Editor.pdb
[1584/1669  0s] CopyFiles Library/ScriptAssemblies/Unity.InferenceEngine.Editor.dll
[1585/1669  0s] ILPostProcess Library/Bee/artifacts/1300b0aE.dag/post-processed/Unity.AI.Generators.Tools.dll (+pdb)
Processing assembly Library/Bee/artifacts/1300b0aE.dag/Unity.AI.Generators.Tools.dll, with 152 defines and 304 references

processors: Unity.Jobs.CodeGen.JobsILPostProcessor, zzzUnity.Burst.CodeGen.BurstILPostProcessor

running Unity.Jobs.CodeGen.JobsILPostProcessor

running zzzUnity.Burst.CodeGen.BurstILPostProcessor
[1586/1669  0s] ILPostProcess Library/Bee/artifacts/1300b0aE.dag/post-processed/Unity.2D.Sprite.Editor.dll (+pdb)
Processing assembly Library/Bee/artifacts/1300b0aE.dag/Unity.2D.Sprite.Editor.dll, with 152 defines and 291 references

processors: Unity.Jobs.CodeGen.JobsILPostProcessor, zzzUnity.Burst.CodeGen.BurstILPostProcessor

running Unity.Jobs.CodeGen.JobsILPostProcessor

running zzzUnity.Burst.CodeGen.BurstILPostProcessor
[1587/1669  0s] ILPostProcess Library/Bee/artifacts/1300b0aE.dag/post-processed/Assembly-CSharp.dll (+pdb)
Processing assembly Library/Bee/artifacts/1300b0aE.dag/Assembly-CSharp.dll, with 154 defines and 356 references

processors: Unity.Jobs.CodeGen.JobsILPostProcessor, zzzUnity.Burst.CodeGen.BurstILPostProcessor

running Unity.Jobs.CodeGen.JobsILPostProcessor

running zzzUnity.Burst.CodeGen.BurstILPostProcessor
[1588/1669  0s] ILPostProcess Library/Bee/artifacts/1300b0aE.dag/post-processed/Unity.AI.Generators.Contexts.dll (+pdb)
Processing assembly Library/Bee/artifacts/1300b0aE.dag/Unity.AI.Generators.Contexts.dll, with 152 defines and 291 references

processors: Unity.Jobs.CodeGen.JobsILPostProcessor, zzzUnity.Burst.CodeGen.BurstILPostProcessor

running Unity.Jobs.CodeGen.JobsILPostProcessor

running zzzUnity.Burst.CodeGen.BurstILPostProcessor
[1589/1669  0s] ILPostProcess Library/Bee/artifacts/1300b0aE.dag/post-processed/Unity.RenderPipelines.Universal.Editor.dll (+pdb)
Processing assembly Library/Bee/artifacts/1300b0aE.dag/Unity.RenderPipelines.Universal.Editor.dll, with 154 defines and 303 references

processors: Unity.Jobs.CodeGen.JobsILPostProcessor, zzzUnity.Burst.CodeGen.BurstILPostProcessor

running Unity.Jobs.CodeGen.JobsILPostProcessor

running zzzUnity.Burst.CodeGen.BurstILPostProcessor
[1590/1669  0s] ILPostProcess Library/Bee/artifacts/1300b0aE.dag/post-processed/Unity.CollabProxy.Editor.dll (+pdb)
Processing assembly Library/Bee/artifacts/1300b0aE.dag/Unity.CollabProxy.Editor.dll, with 152 defines and 292 references

processors: Unity.Jobs.CodeGen.JobsILPostProcessor, zzzUnity.Burst.CodeGen.BurstILPostProcessor

running Unity.Jobs.CodeGen.JobsILPostProcessor

running zzzUnity.Burst.CodeGen.BurstILPostProcessor
[1591/1669  0s] ILPostProcess Library/Bee/artifacts/1300b0aE.dag/post-processed/Unity.AI.Generators.UI.dll (+pdb)
Processing assembly Library/Bee/artifacts/1300b0aE.dag/Unity.AI.Generators.UI.dll, with 152 defines and 284 references

processors: Unity.Jobs.CodeGen.JobsILPostProcessor, zzzUnity.Burst.CodeGen.BurstILPostProcessor

running Unity.Jobs.CodeGen.JobsILPostProcessor

running zzzUnity.Burst.CodeGen.BurstILPostProcessor
[1592/1669  0s] ILPostProcess Library/Bee/artifacts/1300b0aE.dag/post-processed/Unity.VisualScripting.Flow.Editor.dll (+pdb)
Processing assembly Library/Bee/artifacts/1300b0aE.dag/Unity.VisualScripting.Flow.Editor.dll, with 154 defines and 295 references

processors: Unity.Jobs.CodeGen.JobsILPostProcessor, zzzUnity.Burst.CodeGen.BurstILPostProcessor

running Unity.Jobs.CodeGen.JobsILPostProcessor

running zzzUnity.Burst.CodeGen.BurstILPostProcessor
[1593/1669  0s] ILPostProcess Library/Bee/artifacts/1300b0aE.dag/post-processed/Assembly-CSharp-firstpass.dll (+pdb)
Processing assembly Library/Bee/artifacts/1300b0aE.dag/Assembly-CSharp-firstpass.dll, with 154 defines and 355 references

processors: Unity.Jobs.CodeGen.JobsILPostProcessor, zzzUnity.Burst.CodeGen.BurstILPostProcessor

running Unity.Jobs.CodeGen.JobsILPostProcessor

running zzzUnity.Burst.CodeGen.BurstILPostProcessor
[1594/1669  0s] ILPostProcess Library/Bee/artifacts/1300b0aE.dag/post-processed/Assembly-CSharp-Editor.dll (+pdb)
Processing assembly Library/Bee/artifacts/1300b0aE.dag/Assembly-CSharp-Editor.dll, with 152 defines and 385 references

processors: Unity.Jobs.CodeGen.JobsILPostProcessor, zzzUnity.Burst.CodeGen.BurstILPostProcessor

running Unity.Jobs.CodeGen.JobsILPostProcessor

running zzzUnity.Burst.CodeGen.BurstILPostProcessor
[1595/1669  0s] ILPostProcess Library/Bee/artifacts/1300b0aE.dag/post-processed/Unity.AI.Navigation.Updater.dll (+pdb)
Processing assembly Library/Bee/artifacts/1300b0aE.dag/Unity.AI.Navigation.Updater.dll, with 152 defines and 294 references

processors: Unity.Jobs.CodeGen.JobsILPostProcessor, zzzUnity.Burst.CodeGen.BurstILPostProcessor

running Unity.Jobs.CodeGen.JobsILPostProcessor

running zzzUnity.Burst.CodeGen.BurstILPostProcessor
[1596/1669  0s] ILPostProcess Library/Bee/artifacts/1300b0aE.dag/post-processed/Unity.AI.Generators.Sdk.dll (+pdb)
Processing assembly Library/Bee/artifacts/1300b0aE.dag/Unity.AI.Generators.Sdk.dll, with 152 defines and 295 references

processors: Unity.Jobs.CodeGen.JobsILPostProcessor, zzzUnity.Burst.CodeGen.BurstILPostProcessor

running Unity.Jobs.CodeGen.JobsILPostProcessor

running zzzUnity.Burst.CodeGen.BurstILPostProcessor
[1597/1669  0s] CopyFiles Library/ScriptAssemblies/Unity.AI.Generators.Contexts.pdb
[1598/1669  0s] CopyFiles Library/ScriptAssemblies/Assembly-CSharp.dll
[1599/1669  0s] CopyFiles Library/ScriptAssemblies/Assembly-CSharp.pdb
[1600/1669  0s] CopyFiles Library/ScriptAssemblies/Unity.RenderPipelines.Universal.Editor.pdb
[1601/1669  0s] CopyFiles Library/ScriptAssemblies/Unity.AI.Generators.Contexts.dll
[1602/1669  0s] CopyFiles Library/ScriptAssemblies/Unity.CollabProxy.Editor.pdb
[1603/1669  0s] CopyFiles Library/ScriptAssemblies/Unity.AI.Assistant.Integrations.Profiler.Editor.pdb
[1604/1669  0s] CopyFiles Library/ScriptAssemblies/Unity.CollabProxy.Editor.dll
[1605/1669  0s] CopyFiles Library/ScriptAssemblies/Unity.2D.Sprite.Editor.pdb
[1606/1669  0s] CopyFiles Library/ScriptAssemblies/Unity.AI.Generators.Tools.pdb
[1607/1669  0s] CopyFiles Library/ScriptAssemblies/Unity.AI.Assistant.AssetGenerators.Editor.pdb
[1608/1669  0s] CopyFiles Library/ScriptAssemblies/Unity.AI.Assistant.AssetGenerators.Editor.dll
[1609/1669  0s] CopyFiles Library/ScriptAssemblies/Unity.AI.Animate.pdb
[1610/1669  0s] CopyFiles Library/ScriptAssemblies/Unity.AI.Generators.UI.pdb
[1611/1669  0s] CopyFiles Library/ScriptAssemblies/Assembly-CSharp-firstpass.pdb
[1612/1669  0s] ILPostProcess Library/Bee/artifacts/1300b0aE.dag/post-processed/Unity.PlasticSCM.Editor.Entities.dll (+pdb)
Processing assembly Library/Bee/artifacts/1300b0aE.dag/Unity.PlasticSCM.Editor.Entities.dll, with 152 defines and 292 references

processors: Unity.Jobs.CodeGen.JobsILPostProcessor, zzzUnity.Burst.CodeGen.BurstILPostProcessor

running Unity.Jobs.CodeGen.JobsILPostProcessor

running zzzUnity.Burst.CodeGen.BurstILPostProcessor
[1613/1669  0s] ILPostProcess Library/Bee/artifacts/1300b0aE.dag/post-processed/Unity.TextMeshPro.Editor.dll (+pdb)
Processing assembly Library/Bee/artifacts/1300b0aE.dag/Unity.TextMeshPro.Editor.dll, with 152 defines and 293 references

processors: Unity.Jobs.CodeGen.JobsILPostProcessor, zzzUnity.Burst.CodeGen.BurstILPostProcessor

running Unity.Jobs.CodeGen.JobsILPostProcessor

running zzzUnity.Burst.CodeGen.BurstILPostProcessor
[1614/1669  0s] CopyFiles Library/ScriptAssemblies/Assembly-CSharp-Editor.pdb
[1615/1669  0s] CopyFiles Library/ScriptAssemblies/Unity.AI.Generators.Sdk.pdb
[1616/1669  0s] CopyFiles Library/ScriptAssemblies/Unity.AI.Generators.Sdk.dll
[1617/1669  0s] CopyFiles Library/ScriptAssemblies/Unity.VisualScripting.Flow.Editor.pdb
[1618/1669  0s] CopyFiles Library/ScriptAssemblies/Unity.AI.Navigation.Updater.pdb
[1619/1669  0s] CopyFiles Library/ScriptAssemblies/Unity.AI.Generators.IO.pdb
[1620/1669  0s] CopyFiles Library/ScriptAssemblies/Unity.Postprocessing.Editor.pdb
[1621/1669  0s] CopyFiles Library/ScriptAssemblies/Unity.2D.Tilemap.Editor.pdb
[1622/1669  0s] CopyFiles Library/ScriptAssemblies/Unity.2D.Tilemap.Editor.dll
[1623/1669  0s] CopyFiles Library/ScriptAssemblies/Unity.VisualScripting.Core.Editor.pdb
[1624/1669  0s] CopyFiles Library/ScriptAssemblies/Unity.PlasticSCM.Editor.Entities.pdb
[1625/1669  0s] CopyFiles Library/ScriptAssemblies/Unity.VisualScripting.Core.Editor.dll
[1626/1669  0s] CopyFiles Library/ScriptAssemblies/Unity.TextMeshPro.Editor.pdb
[1627/1669  0s] CopyFiles Library/ScriptAssemblies/Unity.PlasticSCM.Editor.Entities.dll
[1628/1669  0s] CopyFiles Library/ScriptAssemblies/Unity.AI.Generators.Asset.dll
[1629/1669  0s] CopyFiles Library/ScriptAssemblies/Unity.AI.Generators.Asset.pdb
[1630/1669  0s] CopyFiles Library/ScriptAssemblies/Unity.AI.Pbr.pdb
[1631/1669  0s] CopyFiles Library/ScriptAssemblies/Unity.AI.Navigation.Updater.dll
[1632/1669  0s] ILPostProcess Library/Bee/artifacts/1300b0aE.dag/post-processed/Unity.Timeline.Editor.dll (+pdb)
Processing assembly Library/Bee/artifacts/1300b0aE.dag/Unity.Timeline.Editor.dll, with 153 defines and 292 references

processors: Unity.Jobs.CodeGen.JobsILPostProcessor, zzzUnity.Burst.CodeGen.BurstILPostProcessor

running Unity.Jobs.CodeGen.JobsILPostProcessor

running zzzUnity.Burst.CodeGen.BurstILPostProcessor
[1633/1669  0s] ILPostProcess Library/Bee/artifacts/1300b0aE.dag/post-processed/Unity.Multiplayer.Center.Editor.dll (+pdb)
Processing assembly Library/Bee/artifacts/1300b0aE.dag/Unity.Multiplayer.Center.Editor.dll, with 152 defines and 292 references

processors: Unity.Jobs.CodeGen.JobsILPostProcessor, zzzUnity.Burst.CodeGen.BurstILPostProcessor

running Unity.Jobs.CodeGen.JobsILPostProcessor

running zzzUnity.Burst.CodeGen.BurstILPostProcessor
[1634/1669  0s] CopyFiles Library/ScriptAssemblies/Unity.AI.Mesh.pdb
[1635/1669  0s] CopyFiles Library/ScriptAssemblies/Unity.TestTools.CodeCoverage.Editor.pdb
[1636/1669  0s] CopyFiles Library/ScriptAssemblies/Unity.Multiplayer.Center.Editor.pdb
[1637/1669  0s] CopyFiles Library/ScriptAssemblies/Unity.2D.Sprite.Editor.dll
[1638/1669  0s] CopyFiles Library/ScriptAssemblies/Unity.Timeline.Editor.pdb
[1639/1669  0s] CopyFiles Library/ScriptAssemblies/Unity.VisualScripting.State.Editor.dll
[1640/1669  0s] CopyFiles Library/ScriptAssemblies/Unity.VisualScripting.State.Editor.pdb
[1641/1669  0s] CopyFiles Library/ScriptAssemblies/Assembly-CSharp-firstpass.dll
[1642/1669  0s] CopyFiles Library/ScriptAssemblies/Unity.AI.ModelSelector.pdb
[1643/1669  0s] CopyFiles Library/ScriptAssemblies/Unity.AI.Image.dll
[1644/1669  0s] CopyFiles Library/ScriptAssemblies/Unity.AI.Image.pdb
[1645/1669  0s] CopyFiles Library/ScriptAssemblies/UnityEditor.UI.Analytics.dll
[1646/1669  0s] CopyFiles Library/ScriptAssemblies/UnityEditor.UI.Analytics.pdb
[1647/1669  0s] CopyFiles Library/ScriptAssemblies/Unity.AI.Sound.dll
[1648/1669  0s] CopyFiles Library/ScriptAssemblies/Unity.AI.Sound.pdb
[1649/1669  0s] CopyFiles Library/ScriptAssemblies/Unity.PerformanceTesting.Editor.dll
[1650/1669  0s] CopyFiles Library/ScriptAssemblies/Unity.PerformanceTesting.Editor.pdb
[1651/1669  0s] CopyFiles Library/ScriptAssemblies/Unity.AI.Toolkit.Accounts.dll
[1652/1669  0s] CopyFiles Library/ScriptAssemblies/Unity.AI.Toolkit.Accounts.pdb
[1653/1669  0s] CopyFiles Library/ScriptAssemblies/Unity.AI.Animate.dll
[1654/1669  0s] CopyFiles Library/ScriptAssemblies/Unity.ShaderGraph.Editor.pdb
[1655/1669  0s] CopyFiles Library/ScriptAssemblies/Unity.AI.Assistant.API.Editor.dll
[1656/1669  0s] CopyFiles Library/ScriptAssemblies/Unity.AI.Assistant.API.Editor.pdb
[1657/1669  0s] CopyFiles Library/ScriptAssemblies/Unity.AI.Assistant.Annotations.Editor.pdb
[1658/1669  0s] CopyFiles Library/ScriptAssemblies/Unity.AI.Assistant.Annotations.Editor.dll
[1659/1669  0s] CopyFiles Library/ScriptAssemblies/HFDownloader.pdb
[1660/1669  0s] CopyFiles Library/ScriptAssemblies/Unity.AI.Pbr.dll
[1661/1669  0s] CopyFiles Library/ScriptAssemblies/Unity.AI.Assistant.Tools.Editor.dll
[1662/1669  0s] CopyFiles Library/ScriptAssemblies/Unity.AI.Assistant.Tools.Editor.pdb
[1663/1669  0s] CopyFiles Library/ScriptAssemblies/Unity.AI.Toolkit.Utility.pdb
[1664/1669  0s] CopyFiles Library/ScriptAssemblies/Unity.AI.Toolkit.Utility.dll
[1665/1669  0s] CopyFiles Library/ScriptAssemblies/Unity.InputSystem.ForUI.Editor.dll
[1666/1669  0s] CopyFiles Library/ScriptAssemblies/Unity.InputSystem.ForUI.Editor.pdb
[1667/1669  0s] CopyFiles Library/ScriptAssemblies/Unity.Mathematics.Editor.pdb
[1668/1669  0s] CopyFiles Library/ScriptAssemblies/Unity.Mathematics.Editor.dll
[1669/1669  0s] CopyFiles Library/ScriptAssemblies/Unity.RenderPipelines.Core.Editor.Shared.dll
[1670/1669  0s] CopyFiles Library/ScriptAssemblies/Unity.RenderPipelines.Core.Editor.Shared.pdb
[1671/1669  0s] CopyFiles Library/ScriptAssemblies/Unity.Collections.Editor.pdb
[1672/1669  0s] CopyFiles Library/ScriptAssemblies/Unity.Collections.Editor.dll
[1673/1669  0s] CopyFiles Library/ScriptAssemblies/Unity.AI.Navigation.Editor.ConversionSystem.dll
[1674/1669  0s] CopyFiles Library/ScriptAssemblies/Unity.AI.Navigation.Editor.ConversionSystem.pdb
[1675/1669  0s] CopyFiles Library/ScriptAssemblies/Unity.RenderPipelines.Universal.2D.Editor.Overrides.pdb
[1676/1669  0s] CopyFiles Library/ScriptAssemblies/Unity.RenderPipelines.Universal.2D.Editor.Overrides.dll
[1677/1669  0s] CopyFiles Library/ScriptAssemblies/Unity.InferenceEngine.pdb
[1678/1669  0s] CopyFiles Library/ScriptAssemblies/PPv2URPConverters.pdb
[1679/1669  0s] CopyFiles Library/ScriptAssemblies/PPv2URPConverters.dll
[1680/1669  0s] CopyFiles Library/ScriptAssemblies/Unity.AI.Assistant.UI.Editor.dll
[1681/1669  0s] CopyFiles Library/ScriptAssemblies/Unity.AI.Assistant.UI.Editor.pdb
[1682/1669  0s] CopyFiles Library/ScriptAssemblies/Unity.AI.Toolkit.GenerationContextMenu.pdb
[1683/1669  0s] CopyFiles Library/ScriptAssemblies/Unity.AI.Toolkit.GenerationContextMenu.dll
[1684/1669  0s] CopyFiles Library/ScriptAssemblies/Unity.AI.Toolkit.Asset.dll
[1685/1669  0s] CopyFiles Library/ScriptAssemblies/Unity.ProGrids.Editor.dll
[1686/1669  0s] CopyFiles Library/ScriptAssemblies/Unity.AI.Toolkit.Asset.pdb
[1687/1669  0s] CopyFiles Library/ScriptAssemblies/Unity.ShaderGraph.Utilities.pdb
[1688/1669  0s] CopyFiles Library/ScriptAssemblies/Unity.ShaderGraph.Utilities.dll
[1689/1669  0s] CopyFiles Library/ScriptAssemblies/Unity.TestTools.CodeCoverage.Editor.OpenCover.Mono.Reflection.dll
[1690/1669  0s] CopyFiles Library/ScriptAssemblies/Unity.TestTools.CodeCoverage.Editor.OpenCover.Mono.Reflection.pdb
[1691/1669  0s] CopyFiles Library/ScriptAssemblies/Unity.AI.Toolkit.GenerationObjectPicker.dll
[1692/1669  0s] CopyFiles Library/ScriptAssemblies/Unity.AI.Toolkit.GenerationObjectPicker.pdb
[1693/1669  0s] CopyFiles Library/ScriptAssemblies/Unity.AI.Assistant.Agent.Dynamic.Extension.Editor.dll
[1694/1669  0s] CopyFiles Library/ScriptAssemblies/Unity.Collections.pdb
[1695/1669  0s] CopyFiles Library/ScriptAssemblies/Unity.AI.Assistant.Agent.Dynamic.Extension.Editor.pdb
[1696/1669  0s] CopyFiles Library/ScriptAssemblies/Unity.InferenceEngine.Editor.Visualizer.dll
[1697/1669  0s] CopyFiles Library/ScriptAssemblies/Unity.InferenceEngine.Editor.Visualizer.pdb
[1698/1669  0s] CopyFiles Library/ScriptAssemblies/Unity.AppUI.Editor.dll
[1699/1669  0s] CopyFiles Library/ScriptAssemblies/Unity.AppUI.Editor.pdb
[1700/1669  0s] CopyFiles Library/ScriptAssemblies/Unity.RenderPipelines.Core.Editor.pdb
[1701/1669  0s] CopyFiles Library/ScriptAssemblies/Unity.AI.Search.Editor.pdb
[1702/1669  0s] CopyFiles Library/ScriptAssemblies/Unity.RenderPipelines.Core.Editor.dll
[1703/1669  0s] CopyFiles Library/ScriptAssemblies/Unity.AI.Search.Editor.dll
[1704/1669  0s] CopyFiles Library/ScriptAssemblies/Unity.AI.Toolkit.Compliance.pdb
[1705/1669  0s] CopyFiles Library/ScriptAssemblies/Unity.AI.Toolkit.Compliance.dll
[1706/1669  0s] CopyFiles Library/ScriptAssemblies/Unity.TestTools.CodeCoverage.Editor.OpenCover.Model.dll
[1707/1669  0s] CopyFiles Library/ScriptAssemblies/Unity.TestTools.CodeCoverage.Editor.OpenCover.Model.pdb
[1708/1669  0s] CopyFiles Library/ScriptAssemblies/Unity.AI.ModelSelector.dll
[1709/1669  0s] CopyFiles Library/ScriptAssemblies/Unity.RenderPipelines.Universal.2D.Runtime.pdb
[1710/1669  0s] CopyFiles Library/ScriptAssemblies/Unity.RenderPipelines.GPUDriven.Runtime.pdb
[1711/1669  0s] CopyFiles Library/ScriptAssemblies/Unity.AI.Assistant.Editor.pdb
[1712/1669  0s] CopyFiles Library/ScriptAssemblies/Unity.InferenceEngine.ONNX.Editor.pdb
[1713/1669  0s] CopyFiles Library/ScriptAssemblies/Unity.Burst.pdb
[1714/1669  0s] CopyFiles Library/ScriptAssemblies/Unity.AI.Assistant.Editor.dll
[1715/1669  0s] CopyFiles Library/ScriptAssemblies/Unity.InferenceEngine.ONNX.Editor.dll
[1716/1669  0s] CopyFiles Library/ScriptAssemblies/Unity.AI.Generators.Redux.dll
[1717/1669  0s] CopyFiles Library/ScriptAssemblies/Unity.AI.Generators.Redux.pdb
[1718/1669  0s] CopyFiles Library/ScriptAssemblies/Unity.AI.Generators.IO.Srp.dll
[1719/1669  0s] CopyFiles Library/ScriptAssemblies/Unity.AI.Generators.IO.Srp.pdb
[1720/1669  0s] CopyFiles Library/ScriptAssemblies/Unity.UnifiedRayTracing.Runtime.pdb
[1721/1669  0s] CopyFiles Library/ScriptAssemblies/Unity.PlasticSCM.Editor.pdb
[1722/1669  0s] CopyFiles Library/ScriptAssemblies/Unity.Performance.Profile-Analyzer.Editor.dll
[1723/1669  0s] CopyFiles Library/ScriptAssemblies/Unity.PlasticSCM.Editor.dll
[1724/1669  0s] CopyFiles Library/ScriptAssemblies/Unity.Performance.Profile-Analyzer.Editor.pdb
[1725/1669  0s] CopyFiles Library/ScriptAssemblies/Unity.Burst.Editor.pdb
[1726/1669  0s] CopyFiles Library/ScriptAssemblies/Unity.Rendering.LightTransport.Editor.pdb
[1727/1669  0s] CopyFiles Library/ScriptAssemblies/Unity.AI.Generators.IO.dll
[1728/1669  0s] CopyFiles Library/ScriptAssemblies/Unity.Burst.Editor.dll
[1729/1669  0s] CopyFiles Library/ScriptAssemblies/Unity.Rendering.LightTransport.Editor.dll
[1730/1669  0s] CopyFiles Library/ScriptAssemblies/Unity.VisualScripting.SettingsProvider.Editor.dll
[1731/1669  0s] CopyFiles Library/ScriptAssemblies/Unity.AI.Assistant.Bridge.Editor.pdb
[1732/1669  0s] CopyFiles Library/ScriptAssemblies/Unity.EditorCoroutines.Editor.dll
[1733/1669  0s] CopyFiles Library/ScriptAssemblies/Unity.VisualScripting.SettingsProvider.Editor.pdb
[1734/1669  0s] CopyFiles Library/ScriptAssemblies/Unity.AI.Assistant.Bridge.Editor.dll
[1735/1669  0s] CopyFiles Library/ScriptAssemblies/Unity.EditorCoroutines.Editor.pdb
[1736/1669  0s] CopyFiles Library/ScriptAssemblies/Unity.Searcher.Editor.pdb
[1737/1669  0s] CopyFiles Library/ScriptAssemblies/Unity.InferenceEngine.Microsoft.Msagl.pdb
[1738/1669  0s] CopyFiles Library/ScriptAssemblies/Unity.RenderPipelines.Universal.Runtime.pdb
[1739/1669  0s] CopyFiles Library/ScriptAssemblies/Unity.TestTools.CodeCoverage.Editor.dll
[1740/1669  0s] CopyFiles Library/ScriptAssemblies/Unity.InferenceEngine.Microsoft.Msagl.dll
[1741/1669  0s] CopyFiles Library/ScriptAssemblies/AlienDefense.Tests.EditMode.pdb
[1742/1669  0s] CopyFiles Library/ScriptAssemblies/Unity.Searcher.Editor.dll
[1743/1669  0s] CopyFiles Library/ScriptAssemblies/AlienDefense.Tests.EditMode.dll
[1744/1669  0s] CopyFiles Library/ScriptAssemblies/Unity.RenderPipelines.Core.Runtime.pdb
[1745/1669  0s] CopyFiles Library/ScriptAssemblies/Unity.AppUI.Redux.pdb
[1746/1669  0s] CopyFiles Library/ScriptAssemblies/Unity.AppUI.pdb
[1747/1669  0s] CopyFiles Library/ScriptAssemblies/AlienDefense.Editor.dll
[1748/1669  0s] CopyFiles Library/ScriptAssemblies/AlienDefense.Editor.pdb
[1749/1669  0s] CopyFiles Library/ScriptAssemblies/Unity.AI.Pbr.Srp.dll
[1750/1669  0s] CopyFiles Library/ScriptAssemblies/Unity.Multiplayer.Center.Common.pdb
[1751/1669  0s] CopyFiles Library/ScriptAssemblies/Unity.AppUI.MVVM.pdb
[1752/1669  0s] CopyFiles Library/ScriptAssemblies/Unity.AI.Pbr.Srp.pdb
[1753/1669  0s] CopyFiles Library/ScriptAssemblies/Unity.AppUI.Navigation.pdb
[1754/1669  0s] CopyFiles Library/ScriptAssemblies/Unity.Timeline.pdb
[1755/1669  0s] CopyFiles Library/ScriptAssemblies/Unity.RenderPipelines.Core.Runtime.Shared.pdb
[1756/1669  0s] CopyFiles Library/ScriptAssemblies/Unity.AI.Navigation.pdb
[1757/1669  0s] CopyFiles Library/ScriptAssemblies/Unity.InternalAPIEngineBridge.004.pdb
[1758/1669  0s] CopyFiles Library/ScriptAssemblies/Unity.Postprocessing.Runtime.pdb
[1759/1669  0s] CopyFiles Library/ScriptAssemblies/Unity.RenderPipelines.ShaderGraph.ShaderGraphLibrary.pdb
[1760/1669  0s] CopyFiles Library/ScriptAssemblies/Unity.InputSystem.pdb
[1761/1669  0s] CopyFiles Library/ScriptAssemblies/Unity.VisualScripting.Flow.pdb
[1762/1669  0s] CopyFiles Library/ScriptAssemblies/Unity.RenderPipelines.Universal.Shaders.pdb
[1763/1669  0s] CopyFiles Library/ScriptAssemblies/Unity.InputSystem.ForUI.pdb
[1764/1669  0s] CopyFiles Library/ScriptAssemblies/Unity.AI.MCP.Runtime.pdb
[1765/1669  0s] CopyFiles Library/ScriptAssemblies/Unity.AI.Assistant.Runtime.pdb
[1766/1669  0s] CopyFiles Library/ScriptAssemblies/Unity.InputSystem.TestFramework.pdb
[1767/1669  0s] CopyFiles Library/ScriptAssemblies/Unity.RenderPipelines.Universal.Config.Runtime.pdb
[1768/1669  0s] CopyFiles Library/ScriptAssemblies/Unity.AppUI.Undo.pdb
[1769/1669  0s] CopyFiles Library/ScriptAssemblies/Unity.AI.Animate.Motion.Runtime.pdb
[1770/1669  0s] CopyFiles Library/ScriptAssemblies/Unity.RenderPipelines.Core.ShaderLibrary.pdb
[1771/1669  0s] CopyFiles Library/ScriptAssemblies/Unity.VisualScripting.State.pdb
[1772/1669  0s] CopyFiles Library/ScriptAssemblies/Unity.RenderPipeline.Universal.ShaderLibrary.pdb
[1773/1669  0s] CopyFiles Library/ScriptAssemblies/Unity.AI.Tracing.pdb
[1774/1669  0s] CopyFiles Library/ScriptAssemblies/AlienDefense.Runtime.pdb
[1775/1669  0s] CopyFiles Library/ScriptAssemblies/Unity.Mathematics.pdb
[1776/1669  0s] CopyFiles Library/ScriptAssemblies/Unity.AppUI.InternalAPIBridge.pdb
[1777/1669  0s] CopyFiles Library/ScriptAssemblies/Unity.TextMeshPro.pdb
[1778/1669  0s] CopyFiles Library/ScriptAssemblies/Unity.InferenceEngine.Tokenization.pdb
[1779/1669  0s] CopyFiles Library/ScriptAssemblies/Unity.VisualScripting.DocCodeExamples.pdb
[1780/1669  0s] CopyFiles Library/ScriptAssemblies/AlienDefense.Tests.PlayMode.pdb
[1781/1669  0s] CopyFiles Library/ScriptAssemblies/Unity.InferenceEngine.MacBLAS.pdb
[1782/1669  0s] CopyFiles Library/ScriptAssemblies/Unity.InferenceEngine.iOSBLAS.pdb
[1783/1669  0s] CopyFiles Library/ScriptAssemblies/Unity.VisualScripting.Core.pdb
[1784/1669  0s] CopyFiles Library/ScriptAssemblies/Unity.PerformanceTesting.pdb
[1785/1669  0s] CopyFiles Library/ScriptAssemblies/Unity.ProGrids.pdb
[1786/1669  0s] CopyFiles Library/ScriptAssemblies/UnityEngine.UI.pdb
[1787/1669  0s] CopyFiles Library/ScriptAssemblies/Unity.AI.Assistant.Integrations.Profiler.Editor.dll
[1788/1669  0s] CopyFiles Library/ScriptAssemblies/Unity.AI.Navigation.Editor.dll
[1789/1669  0s] CopyFiles Library/ScriptAssemblies/Unity.AI.Mesh.dll
[1790/1669  0s] CopyFiles Library/ScriptAssemblies/Unity.VisualScripting.Flow.Editor.dll
[1791/1669  0s] CopyFiles Library/ScriptAssemblies/HFDownloader.dll
[1792/1669  0s] CopyFiles Library/ScriptAssemblies/Unity.AI.Generators.UI.dll
[1793/1669  0s] CopyFiles Library/ScriptAssemblies/Unity.Multiplayer.Center.Editor.dll
[1794/1669  0s] CopyFiles Library/ScriptAssemblies/Unity.AI.Generators.Tools.dll
[1795/1669  0s] CopyFiles Library/ScriptAssemblies/Assembly-CSharp-Editor.dll
[1796/1669  0s] CopyFiles Library/ScriptAssemblies/Unity.ShaderGraph.Editor.dll
[1797/1669  0s] CopyFiles Library/ScriptAssemblies/UnityEditor.UI.dll
[1798/1669  0s] CopyFiles Library/ScriptAssemblies/Unity.RenderPipelines.Universal.Editor.dll
[1799/1669  0s] CopyFiles Library/ScriptAssemblies/Unity.Postprocessing.Editor.dll
[1800/1669  0s] CopyFiles Library/ScriptAssemblies/Unity.Timeline.Editor.dll
[1801/1669  0s] CopyFiles Library/ScriptAssemblies/Unity.TextMeshPro.Editor.dll
*** Tundra build success (7.45 seconds), 696 items updated, 1669 evaluated
Total cache size 268243652
Total cache size after purge 268243652, took 00:00:00.1787789
Reloading assemblies after forced synchronous recompile.
Begin MonoManager ReloadAssembly
- Loaded All Assemblies, in  2.746 seconds
Refreshing native plugins compatible for Editor in 3.04 ms, found 5 plugins.
Native extension for Android target not found
Native extension for UWP target not found
Native extension for WindowsStandalone target not found
Refreshing native plugins compatible for Editor in 3.45 ms, found 5 plugins.
[Licensing::Client] Error: Code 404 while processing request (status: Found 0 entitlement groups and 0 free entitlements matching requested entitlement ids)
[Licensing::Client] Error: Code 404 while processing request (status: Found 0 entitlement groups and 0 free entitlements matching requested entitlement ids)
[Licensing::Client] Error: Code 404 while processing request (status: Found 0 entitlement groups and 0 free entitlements matching requested entitlement ids)
ScheduleIndexationOnStartup MainProcess:True IndexOnStartup:True
Mono: successfully reloaded assembly
- Finished resetting the current domain, in  3.311 seconds
Domain Reload Profiling: 6064ms
	BeginReloadAssembly (540ms)
		ExecutionOrderSort (0ms)
		DisableScriptedObjects (26ms)
		BackupInstance (0ms)
		ReleaseScriptingObjects (0ms)
		CreateAndSetChildDomain (376ms)
	RebuildCommonClasses (34ms)
	RebuildNativeTypeToScriptingClass (13ms)
	initialDomainReloadingComplete (49ms)
	LoadAllAssembliesAndSetupDomain (2116ms)
		LoadAssemblies (1362ms)
		RebuildTransferFunctionScriptingTraits (0ms)
		AnalyzeDomain (839ms)
			TypeCache.Refresh (555ms)
				TypeCache.ScanAssembly (535ms)
			BuildScriptInfoCaches (263ms)
			ResolveRequiredComponents (15ms)
	FinalizeReload (3311ms)
		ReleaseScriptCaches (0ms)
		RebuildScriptCaches (0ms)
		SetupLoadedEditorAssemblies (2954ms)
			LogAssemblyErrors (0ms)
			InitializePlatformSupportModulesInManaged (57ms)
			SetLoadedEditorAssemblies (6ms)
			BeforeProcessingInitializeOnLoad (370ms)
			ProcessInitializeOnLoadAttributes (1986ms)
			ProcessInitializeOnLoadMethodAttributes (534ms)
			AfterProcessingInitializeOnLoad (2ms)
			EditorAssembliesLoaded (1ms)
		ExecutionOrderSort2 (0ms)
		AwakeInstancesAfterBackupRestoration (44ms)
Could not extract 'FileID' at "9303847562910384760" in text file Assets/_Game/Prefabs/Pickups/EnergyPickup.prefab at line 50. This number overflows internal type.
Start importing Packages/com.unity.render-pipelines.core/Tests/Editor/UnifiedRayTracing/TraceRays.urtshader using Guid(1142bbad8b9e8c44c83a9775ff120d37) (ScriptedImporter)Launched and connected shader compiler UnityShaderCompiler.exe after 0.02 seconds
 -> (artifact id: 'a935e0b58b0d13b4df40e791381fc341') in 0.1517768 seconds
Start importing Packages/com.unity.render-pipelines.universal/Runtime/RendererFeatures/SurfaceCacheGI/SurfaceCacheCore/RisEstimation.urtshader using Guid(713f6141bd66a134383b787f2eaa7c11) (ScriptedImporter) -> (artifact id: '34da84b3bbc796b7a9ac3764db6cd16a') in 0.1670051 seconds
Start importing Packages/com.unity.render-pipelines.core/Editor/Lighting/ProbeVolume/RenderingLayerMask/TraceRenderingLayerMask.urtshader using Guid(94a070d33e408384bafc1dea4a565df9) (ScriptedImporter) -> (artifact id: '8bb470ced3a4bee9d2e048d6950e3adf') in 0.0674843 seconds
Start importing Packages/com.unity.render-pipelines.universal/Runtime/RendererFeatures/SurfaceCacheGI/SurfaceCacheCore/UniformEstimation.urtshader using Guid(94a39d12848d8d64ca962a72b74e7c50) (ScriptedImporter) -> (artifact id: '9b3e119e27df5b850ab1efa38bb7e58c') in 0.0319606 seconds
Start importing Packages/com.unity.render-pipelines.core/Tests/Editor/UnifiedRayTracing/TraceTransparentRays.urtshader using Guid(6513c3b892e933c4f8d00c19d5c47532) (ScriptedImporter) -> (artifact id: '8fbb2ef0c9a529fd9d4edaf5f7d6674b') in 0.0200614 seconds
Start importing Packages/com.unity.render-pipelines.core/Editor/Lighting/ProbeVolume/DynamicGI/DynamicGISkyOcclusion.urtshader using Guid(5a2a534753fbdb44e96c3c78b5a6999d) (ScriptedImporter) -> (artifact id: '6853ee87340daaea6fabc1f00e72c7c3') in 0.0228163 seconds
Start importing Packages/com.unity.render-pipelines.core/Tests/Editor/UnifiedRayTracing/TraceRaysAndFetchAttributes.urtshader using Guid(fbc59f55df2416344b008dc23753cae2) (ScriptedImporter) -> (artifact id: '9b0e99da797903afa50630d48ca830f3') in 0.0225378 seconds
Start importing Packages/com.unity.render-pipelines.universal/Runtime/RendererFeatures/SurfaceCacheGI/SurfaceCacheCore/RestirCandidateTemporal.urtshader using Guid(ad3a9f9982f8c4f4a839a78955e78458) (ScriptedImporter) -> (artifact id: 'b774796902cae3c9c291a25b7bdca493') in 0.0399745 seconds
Start importing Packages/com.unity.render-pipelines.core/Editor/Lighting/ProbeVolume/VirtualOffset/TraceVirtualOffset.urtshader using Guid(ff2cbab5da58bf04d82c5f34037ed123) (ScriptedImporter) -> (artifact id: 'b7d9109baddaab08fd526f1e36ed8c7d') in 0.024823 seconds
Start importing Assets/_Game/Prefabs/Pickups/EnergyPickup.prefab using Guid(1546f24eeca1d1f45b730955b0f7e114) (PrefabImporter)Could not extract 'FileID' at "9303847562910384760" in text file Assets/_Game/Prefabs/Pickups/EnergyPickup.prefab at line 50. This number overflows internal type.
Could not extract 'FileID' at "9303847562910384760" in text file Assets/_Game/Prefabs/Pickups/EnergyPickup.prefab at line 50. This number overflows internal type.
Failed to convert 9303847562910384760 to a signed 64 bit int in file 'Assets/_Game/Prefabs/Pickups/EnergyPickup.prefab':0
Broken text PPtr in file(Library/Unused/1792ab129efe9424ca5c7e061208148d). Local file identifier (9223372036854775807) doesn't exist!
Problem detected while importing the Prefab file: 'Assets/_Game/Prefabs/Pickups/EnergyPickup.prefab'.
The file might be corrupt or have a missing Variant parent or nested Prefabs. See details below.
Warnings:
	Component at index 2 could not be loaded when loading game object 'EnergyPickup'. Removing it.
 -> (artifact id: 'eddd8518cd8d9b4d96009e5cdfe4f719') in 0.0077263 seconds
Refreshing native plugins compatible for Editor in 3.07 ms, found 5 plugins.
Preloading 1 native plugins for Editor in 0.07 ms.
Asset Pipeline Refresh (id=68cd2e0c6ec549d46bf3c3abe4dcb25c): Total: 54.459 seconds - Initiated by InitialRefreshV2(ForceSynchronousImport)
	Summary:
		Imports: total=10 (actual=10, local cache=0, cache server=0)
		Asset DB Process Time: managed=5 ms, native=10544 ms
		Asset DB Callback time: managed=776 ms, native=150 ms
		Scripting: domain reloads=2, domain reload time=17359 ms, compile time=25562 ms, other=61 ms
		Project Asset Count: scripts=2551, non-scripts=7762
		Asset File Changes: new=0, changed=1, moved=0, deleted=0
		Scan Filter Count: 0
	InvokeCustomDependenciesCallbacks: 0.002ms
	InvokePackagesCallback: 27.901ms
	ApplyChangesToAssetFolders: 1.010ms
	Scan: 196.248ms
	OnSourceAssetsModified: 0.988ms
	CategorizeAssetsWithTransientArtifact: 82.323ms
	ProcessAssetsWithTransientArtifactChanges: 122.764ms
	CategorizeAssets: 206.125ms
	ImportOutOfDateAssets: 9746.936ms (-16428.465ms without children)
		ImportManagerImport: 585.088ms (23.849ms without children)
			ImportInProcess: 560.638ms
			UpdateCategorizedAssets: 0.602ms
		CompileScripts: 25562.246ms
		CollectScriptTypesHashes: 2.729ms
		ReloadNativeAssets: 1.012ms
		UnloadImportedAssets: 0.856ms
		ReloadImportedAssets: 20.091ms
		EnsureUptoDateAssetsAreRegisteredWithGuidPM: 2.255ms
		InitializingProgressBar: 0.011ms
		PostProcessAllAssetNotificationsAddChangedAssets: 0.001ms
		OnDemandSchedulerStart: 1.112ms
	PostProcessAllAssets: 894.081ms
	Hotreload: 5.779ms
	GatherAllCurrentPrimaryArtifactRevisions: 0.002ms
	UnloadStreamsBegin: 4.200ms
	PersistCurrentRevisions: 0.757ms
	UnloadStreamsEnd: 0.003ms
	GenerateScriptTypeHashes: 9.159ms
	Untracked: 43169.846ms

Application.AssetDatabase Initial Refresh End
Scanning for USB devices : 1.449ms
Initializing Unity extensions:
[MODES] ModeService[none].Initialize
[MODES] ModeService[none].LoadModes
[MODES] Loading mode Default (0) for mode-current-id-AlienDefense3D
Unloading 80 Unused Serialized files (Serialized files now loaded: 0)
Unloading 10943 unused Assets / (5.1 MB). Loaded Objects now: 11909.
Memory consumption went from 304.1 MB to 299.0 MB.
Total: 20.974700 ms (FindLiveObjects: 1.033400 ms CreateObjectMapping: 0.889400 ms MarkObjects: 15.605500 ms  DeleteObjects: 3.444900 ms)

Opening scene 'Assets/_Game/Scenes/Levels/Level_01.unity'
Unloading 82 Unused Serialized files (Serialized files now loaded: 0)
Loaded scene 'Assets/_Game/Scenes/Levels/Level_01.unity'
	Deserialize:            397.542 ms
	Integration:            1692.581 ms
	Integration of assets:  64.759 ms
	Thread Wait Time:       0.003 ms
	Total Operation Time:   2154.886 ms
Unloading 2 unused Assets / (1.0 KB). Loaded Objects now: 28815.
Memory consumption went from 493.8 MB to 493.8 MB.
Total: 21.407100 ms (FindLiveObjects: 1.983100 ms CreateObjectMapping: 0.742800 ms MarkObjects: 18.618100 ms  DeleteObjects: 0.062200 ms)

Curl error 7: Failed to connect to config.uca.cloud.unity3d.com port 443 after 2272 ms: Could not connect to server
Start importing ProjectSettings/ProjectSettings.asset using Guid(00000000000000004000000000000000) (LibraryAssetImporter) -> (artifact id: '8475e54372a1a27f3a46da9e30216af8') in 0.0031232 seconds
Start importing ProjectSettings/EditorBuildSettings.asset using Guid(0000000000000000b000000000000000) (LibraryAssetImporter) -> (artifact id: 'd27fd89788b1c44aaa28995cb011ecf9') in 0.0014866 seconds
Refreshing native plugins compatible for Editor in 1.79 ms, found 5 plugins.
Preloading 1 native plugins for Editor in 0.05 ms.
Asset Pipeline Refresh (id=b5d44d035f6ea534bb9806b27b4a01cd): Total: 0.114 seconds - Initiated by StopAssetImportingV2(NoUpdateAssetOptions)
Start importing Assets/_Game/Scenes/Levels/Level_01.unity using Guid(e8e3473addd2f614682476d9cbb0f450) (DefaultImporter) -> (artifact id: '8e70be053adc60cf2103cbb8998798cc') in 0.0010073 seconds
Refreshing native plugins compatible for Editor in 2.11 ms, found 5 plugins.
Preloading 1 native plugins for Editor in 0.05 ms.
Asset Pipeline Refresh (id=7e7963743c670a64bad8d317894d982a): Total: 0.065 seconds - Initiated by StopAssetImportingV2(NoUpdateAssetOptions)
[CargoFullHudSetup] Patched 1 GameHUDView(s) in Assets/_Game/Scenes/Levels/Level_01.unity
UnityEngine.Debug:ExtractStackTraceNoAlloc (byte*,int,string)
UnityEngine.StackTraceUtility:ExtractStackTrace ()
UnityEngine.DebugLogHandler:Internal_Log (UnityEngine.LogType,UnityEngine.LogOption,string,UnityEngine.Object)
UnityEngine.DebugLogHandler:LogFormat (UnityEngine.LogType,UnityEngine.Object,string,object[])
UnityEngine.Logger:Log (UnityEngine.LogType,object)
UnityEngine.Debug:Log (object)
AlienDefense.EditorTools.CargoFullHudSetup:UpgradeAllLevels () (at Assets/_Game/Scripts/Editor/CargoFullHudSetup.cs:35)

(Filename: Assets/_Game/Scripts/Editor/CargoFullHudSetup.cs Line: 35)

Opening scene 'Assets/_Game/Scenes/Levels/Level_02.unity'
Unloading 25 Unused Serialized files (Serialized files now loaded: 0)
[Licensing::Client] Successfully resolved entitlement details
Problem detected while opening the Scene file: 'Assets/_Game/Scenes/Levels/Level_02.unity'.
Check the following logs for more details.
UnityEngine.Debug:ExtractStackTraceNoAlloc (byte*,int,string)
UnityEngine.StackTraceUtility:ExtractStackTrace ()
UnityEditor.SceneManagement.EditorSceneManager:OpenScene (string,UnityEditor.SceneManagement.OpenSceneMode)
AlienDefense.EditorTools.CargoFullHudSetup:UpgradeAllLevels () (at Assets/_Game/Scripts/Editor/CargoFullHudSetup.cs:32)

[Assets/_Game/Scripts/Editor/CargoFullHudSetup.cs line 32]

Prefab instance problem. Missing Prefab Asset: 'Cartoon_zombie1 (Missing Prefab with guid: 145452290c92ecd4d98ed8fcaaca0f43)'
UnityEngine.Debug:ExtractStackTraceNoAlloc (byte*,int,string)
UnityEngine.StackTraceUtility:ExtractStackTrace ()
UnityEditor.SceneManagement.EditorSceneManager:OpenScene (string,UnityEditor.SceneManagement.OpenSceneMode)
AlienDefense.EditorTools.CargoFullHudSetup:UpgradeAllLevels () (at Assets/_Game/Scripts/Editor/CargoFullHudSetup.cs:32)

[Assets/_Game/Scripts/Editor/CargoFullHudSetup.cs line 32]

Prefab instance problem. Missing Prefab Asset: 'RL_BoneRoot 6 (Missing Prefab with guid: 1821cb5762367a641914bad091fc597e)'
UnityEngine.Debug:ExtractStackTraceNoAlloc (byte*,int,string)
UnityEngine.StackTraceUtility:ExtractStackTrace ()
UnityEditor.SceneManagement.EditorSceneManager:OpenScene (string,UnityEditor.SceneManagement.OpenSceneMode)
AlienDefense.EditorTools.CargoFullHudSetup:UpgradeAllLevels () (at Assets/_Game/Scripts/Editor/CargoFullHudSetup.cs:32)

[Assets/_Game/Scripts/Editor/CargoFullHudSetup.cs line 32]

Prefab instance problem. Missing Prefab Asset: 'Cartoon_zombie2 (Missing Prefab with guid: 222dbec31a6c07441ad3968f2adc0b4f)'
UnityEngine.Debug:ExtractStackTraceNoAlloc (byte*,int,string)
UnityEngine.StackTraceUtility:ExtractStackTrace ()
UnityEditor.SceneManagement.EditorSceneManager:OpenScene (string,UnityEditor.SceneManagement.OpenSceneMode)
AlienDefense.EditorTools.CargoFullHudSetup:UpgradeAllLevels () (at Assets/_Game/Scripts/Editor/CargoFullHudSetup.cs:32)

[Assets/_Game/Scripts/Editor/CargoFullHudSetup.cs line 32]

Prefab instance problem. Missing Prefab Asset: 'RL_BoneRoot (Missing Prefab with guid: 2da4ef9392791fc4eb1fcfc8ba15c176)'
UnityEngine.Debug:ExtractStackTraceNoAlloc (byte*,int,string)
UnityEngine.StackTraceUtility:ExtractStackTrace ()
UnityEditor.SceneManagement.EditorSceneManager:OpenScene (string,UnityEditor.SceneManagement.OpenSceneMode)
AlienDefense.EditorTools.CargoFullHudSetup:UpgradeAllLevels () (at Assets/_Game/Scripts/Editor/CargoFullHudSetup.cs:32)

[Assets/_Game/Scripts/Editor/CargoFullHudSetup.cs line 32]

Prefab instance problem. Missing Prefab Asset: 'RL_BoneRoot 3 (Missing Prefab with guid: 55fb3f0bffcac954eb1ac2e78dc249a4)'
UnityEngine.Debug:ExtractStackTraceNoAlloc (byte*,int,string)
UnityEngine.StackTraceUtility:ExtractStackTrace ()
UnityEditor.SceneManagement.EditorSceneManager:OpenScene (string,UnityEditor.SceneManagement.OpenSceneMode)
AlienDefense.EditorTools.CargoFullHudSetup:UpgradeAllLevels () (at Assets/_Game/Scripts/Editor/CargoFullHudSetup.cs:32)

[Assets/_Game/Scripts/Editor/CargoFullHudSetup.cs line 32]

Prefab instance problem. Missing Prefab Asset: 'RL_BoneRoot 5 (Missing Prefab with guid: 5df06361268fcf847be3b34fef754ac7)'
UnityEngine.Debug:ExtractStackTraceNoAlloc (byte*,int,string)
UnityEngine.StackTraceUtility:ExtractStackTrace ()
UnityEditor.SceneManagement.EditorSceneManager:OpenScene (string,UnityEditor.SceneManagement.OpenSceneMode)
AlienDefense.EditorTools.CargoFullHudSetup:UpgradeAllLevels () (at Assets/_Game/Scripts/Editor/CargoFullHudSetup.cs:32)

[Assets/_Game/Scripts/Editor/CargoFullHudSetup.cs line 32]

Prefab instance problem. Missing Prefab Asset: 'Cartoon_zombie3 (Missing Prefab with guid: 68198f4eba5b29c4a9ce602a75e4325f)'
UnityEngine.Debug:ExtractStackTraceNoAlloc (byte*,int,string)
UnityEngine.StackTraceUtility:ExtractStackTrace ()
UnityEditor.SceneManagement.EditorSceneManager:OpenScene (string,UnityEditor.SceneManagement.OpenSceneMode)
AlienDefense.EditorTools.CargoFullHudSetup:UpgradeAllLevels () (at Assets/_Game/Scripts/Editor/CargoFullHudSetup.cs:32)

[Assets/_Game/Scripts/Editor/CargoFullHudSetup.cs line 32]

Prefab instance problem. Missing Prefab Asset: 'Cartoon_zombie4 (Missing Prefab with guid: 9a286a8ba7917fc4f94469973cfdfa62)'
UnityEngine.Debug:ExtractStackTraceNoAlloc (byte*,int,string)
UnityEngine.StackTraceUtility:ExtractStackTrace ()
UnityEditor.SceneManagement.EditorSceneManager:OpenScene (string,UnityEditor.SceneManagement.OpenSceneMode)
AlienDefense.EditorTools.CargoFullHudSetup:UpgradeAllLevels () (at Assets/_Game/Scripts/Editor/CargoFullHudSetup.cs:32)

[Assets/_Game/Scripts/Editor/CargoFullHudSetup.cs line 32]

Prefab instance problem. Missing Prefab Asset: 'RL_BoneRoot 2 (Missing Prefab with guid: ac58181b45468e64dad27d0ad0a024b3)'
UnityEngine.Debug:ExtractStackTraceNoAlloc (byte*,int,string)
UnityEngine.StackTraceUtility:ExtractStackTrace ()
UnityEditor.SceneManagement.EditorSceneManager:OpenScene (string,UnityEditor.SceneManagement.OpenSceneMode)
AlienDefense.EditorTools.CargoFullHudSetup:UpgradeAllLevels () (at Assets/_Game/Scripts/Editor/CargoFullHudSetup.cs:32)

[Assets/_Game/Scripts/Editor/CargoFullHudSetup.cs line 32]

Prefab instance problem. Missing Prefab Asset: 'RL_BoneRoot 4 (Missing Prefab with guid: ae2fdb79ef91bd043ab46e6b4f87c864)'
UnityEngine.Debug:ExtractStackTraceNoAlloc (byte*,int,string)
UnityEngine.StackTraceUtility:ExtractStackTrace ()
UnityEditor.SceneManagement.EditorSceneManager:OpenScene (string,UnityEditor.SceneManagement.OpenSceneMode)
AlienDefense.EditorTools.CargoFullHudSetup:UpgradeAllLevels () (at Assets/_Game/Scripts/Editor/CargoFullHudSetup.cs:32)

[Assets/_Game/Scripts/Editor/CargoFullHudSetup.cs line 32]

Prefab instance problem. Missing Prefab Asset: 'Cartoon_zombie5_female (Missing Prefab with guid: b65cecb698523d343af398c3ce5dd4cd)'
UnityEngine.Debug:ExtractStackTraceNoAlloc (byte*,int,string)
UnityEngine.StackTraceUtility:ExtractStackTrace ()
UnityEditor.SceneManagement.EditorSceneManager:OpenScene (string,UnityEditor.SceneManagement.OpenSceneMode)
AlienDefense.EditorTools.CargoFullHudSetup:UpgradeAllLevels () (at Assets/_Game/Scripts/Editor/CargoFullHudSetup.cs:32)

[Assets/_Game/Scripts/Editor/CargoFullHudSetup.cs line 32]

Prefab instance problem. Missing Prefab Asset: 'RL_BoneRoot 1 (Missing Prefab with guid: e00f7377bff60654d9b6ef69226251fe)'
UnityEngine.Debug:ExtractStackTraceNoAlloc (byte*,int,string)
UnityEngine.StackTraceUtility:ExtractStackTrace ()
UnityEditor.SceneManagement.EditorSceneManager:OpenScene (string,UnityEditor.SceneManagement.OpenSceneMode)
AlienDefense.EditorTools.CargoFullHudSetup:UpgradeAllLevels () (at Assets/_Game/Scripts/Editor/CargoFullHudSetup.cs:32)

[Assets/_Game/Scripts/Editor/CargoFullHudSetup.cs line 32]

Prefab instance problem. Missing Prefab Asset: 'base_basic_shaded (Missing Prefab with guid: e695a0a88ffa4484db188237f9671e28)'
UnityEngine.Debug:ExtractStackTraceNoAlloc (byte*,int,string)
UnityEngine.StackTraceUtility:ExtractStackTrace ()
UnityEditor.SceneManagement.EditorSceneManager:OpenScene (string,UnityEditor.SceneManagement.OpenSceneMode)
AlienDefense.EditorTools.CargoFullHudSetup:UpgradeAllLevels () (at Assets/_Game/Scripts/Editor/CargoFullHudSetup.cs:32)

[Assets/_Game/Scripts/Editor/CargoFullHudSetup.cs line 32]

Prefab instance problem. Missing Prefab Asset: 'Cartoon_zombie6_female (Missing Prefab with guid: eec27fe3aae45a6449b7b1ae2fa7449b)'
UnityEngine.Debug:ExtractStackTraceNoAlloc (byte*,int,string)
UnityEngine.StackTraceUtility:ExtractStackTrace ()
UnityEditor.SceneManagement.EditorSceneManager:OpenScene (string,UnityEditor.SceneManagement.OpenSceneMode)
AlienDefense.EditorTools.CargoFullHudSetup:UpgradeAllLevels () (at Assets/_Game/Scripts/Editor/CargoFullHudSetup.cs:32)

[Assets/_Game/Scripts/Editor/CargoFullHudSetup.cs line 32]

Loaded scene 'Assets/_Game/Scenes/Levels/Level_02.unity'
	Deserialize:            19.648 ms
	Integration:            402.298 ms
	Integration of assets:  0.073 ms
	Thread Wait Time:       19.130 ms
	Total Operation Time:   441.149 ms
Unloading 1140 unused Assets / (30.6 MB). Loaded Objects now: 15241.
Memory consumption went from 491.0 MB to 460.4 MB.
Total: 20.170800 ms (FindLiveObjects: 1.357200 ms CreateObjectMapping: 0.530000 ms MarkObjects: 17.216300 ms  DeleteObjects: 1.066400 ms)

[CargoFullHudSetup] No EnergyRing under GameHUD
UnityEngine.Debug:ExtractStackTraceNoAlloc (byte*,int,string)
UnityEngine.StackTraceUtility:ExtractStackTrace ()
UnityEngine.DebugLogHandler:Internal_Log (UnityEngine.LogType,UnityEngine.LogOption,string,UnityEngine.Object)
UnityEngine.DebugLogHandler:LogFormat (UnityEngine.LogType,UnityEngine.Object,string,object[])
UnityEngine.Logger:Log (UnityEngine.LogType,object)
UnityEngine.Debug:LogWarning (object)
AlienDefense.EditorTools.CargoFullHudSetup:UpgradeView (AlienDefense.UI.GameHUDView) (at Assets/_Game/Scripts/Editor/CargoFullHudSetup.cs:81)
AlienDefense.EditorTools.CargoFullHudSetup:UpgradeOpenScene () (at Assets/_Game/Scripts/Editor/CargoFullHudSetup.cs:65)
AlienDefense.EditorTools.CargoFullHudSetup:UpgradeAllLevels () (at Assets/_Game/Scripts/Editor/CargoFullHudSetup.cs:33)

(Filename: Assets/_Game/Scripts/Editor/CargoFullHudSetup.cs Line: 81)

Start importing Assets/_Game/Scenes/Levels/Level_02.unity using Guid(57afcc0a0d8198349a9f9893af29cc89) (DefaultImporter) -> (artifact id: 'fd5da7a4f3084509eb23d8c48342a48d') in 0.000858 seconds
Refreshing native plugins compatible for Editor in 1.66 ms, found 5 plugins.
Preloading 1 native plugins for Editor in 0.06 ms.
Asset Pipeline Refresh (id=ec552c75ebc014d45bd1e8a3689e39a2): Total: 0.061 seconds - Initiated by StopAssetImportingV2(NoUpdateAssetOptions)
[CargoFullHudSetup] Patched 0 GameHUDView(s) in Assets/_Game/Scenes/Levels/Level_02.unity
UnityEngine.Debug:ExtractStackTraceNoAlloc (byte*,int,string)
UnityEngine.StackTraceUtility:ExtractStackTrace ()
UnityEngine.DebugLogHandler:Internal_Log (UnityEngine.LogType,UnityEngine.LogOption,string,UnityEngine.Object)
UnityEngine.DebugLogHandler:LogFormat (UnityEngine.LogType,UnityEngine.Object,string,object[])
UnityEngine.Logger:Log (UnityEngine.LogType,object)
UnityEngine.Debug:Log (object)
AlienDefense.EditorTools.CargoFullHudSetup:UpgradeAllLevels () (at Assets/_Game/Scripts/Editor/CargoFullHudSetup.cs:35)

(Filename: Assets/_Game/Scripts/Editor/CargoFullHudSetup.cs Line: 35)

Opening scene 'Assets/_Game/Scenes/Levels/Level_03.unity'
Unloading 22 Unused Serialized files (Serialized files now loaded: 0)
Problem detected while opening the Scene file: 'Assets/_Game/Scenes/Levels/Level_03.unity'.
Check the following logs for more details.
UnityEngine.Debug:ExtractStackTraceNoAlloc (byte*,int,string)
UnityEngine.StackTraceUtility:ExtractStackTrace ()
UnityEditor.SceneManagement.EditorSceneManager:OpenScene (string,UnityEditor.SceneManagement.OpenSceneMode)
AlienDefense.EditorTools.CargoFullHudSetup:UpgradeAllLevels () (at Assets/_Game/Scripts/Editor/CargoFullHudSetup.cs:32)

[Assets/_Game/Scripts/Editor/CargoFullHudSetup.cs line 32]

Prefab instance problem. Missing Prefab Asset: 'Cartoon_zombie1 (Missing Prefab with guid: 145452290c92ecd4d98ed8fcaaca0f43)'
UnityEngine.Debug:ExtractStackTraceNoAlloc (byte*,int,string)
UnityEngine.StackTraceUtility:ExtractStackTrace ()
UnityEditor.SceneManagement.EditorSceneManager:OpenScene (string,UnityEditor.SceneManagement.OpenSceneMode)
AlienDefense.EditorTools.CargoFullHudSetup:UpgradeAllLevels () (at Assets/_Game/Scripts/Editor/CargoFullHudSetup.cs:32)

[Assets/_Game/Scripts/Editor/CargoFullHudSetup.cs line 32]

Prefab instance problem. Missing Prefab Asset: 'RL_BoneRoot 6 (Missing Prefab with guid: 1821cb5762367a641914bad091fc597e)'
UnityEngine.Debug:ExtractStackTraceNoAlloc (byte*,int,string)
UnityEngine.StackTraceUtility:ExtractStackTrace ()
UnityEditor.SceneManagement.EditorSceneManager:OpenScene (string,UnityEditor.SceneManagement.OpenSceneMode)
AlienDefense.EditorTools.CargoFullHudSetup:UpgradeAllLevels () (at Assets/_Game/Scripts/Editor/CargoFullHudSetup.cs:32)

[Assets/_Game/Scripts/Editor/CargoFullHudSetup.cs line 32]

Prefab instance problem. Missing Prefab Asset: 'Cartoon_zombie2 (Missing Prefab with guid: 222dbec31a6c07441ad3968f2adc0b4f)'
UnityEngine.Debug:ExtractStackTraceNoAlloc (byte*,int,string)
UnityEngine.StackTraceUtility:ExtractStackTrace ()
UnityEditor.SceneManagement.EditorSceneManager:OpenScene (string,UnityEditor.SceneManagement.OpenSceneMode)
AlienDefense.EditorTools.CargoFullHudSetup:UpgradeAllLevels () (at Assets/_Game/Scripts/Editor/CargoFullHudSetup.cs:32)

[Assets/_Game/Scripts/Editor/CargoFullHudSetup.cs line 32]

Prefab instance problem. Missing Prefab Asset: 'RL_BoneRoot (Missing Prefab with guid: 2da4ef9392791fc4eb1fcfc8ba15c176)'
UnityEngine.Debug:ExtractStackTraceNoAlloc (byte*,int,string)
UnityEngine.StackTraceUtility:ExtractStackTrace ()
UnityEditor.SceneManagement.EditorSceneManager:OpenScene (string,UnityEditor.SceneManagement.OpenSceneMode)
AlienDefense.EditorTools.CargoFullHudSetup:UpgradeAllLevels () (at Assets/_Game/Scripts/Editor/CargoFullHudSetup.cs:32)

[Assets/_Game/Scripts/Editor/CargoFullHudSetup.cs line 32]

Prefab instance problem. Missing Prefab Asset: 'RL_BoneRoot 3 (Missing Prefab with guid: 55fb3f0bffcac954eb1ac2e78dc249a4)'
UnityEngine.Debug:ExtractStackTraceNoAlloc (byte*,int,string)
UnityEngine.StackTraceUtility:ExtractStackTrace ()
UnityEditor.SceneManagement.EditorSceneManager:OpenScene (string,UnityEditor.SceneManagement.OpenSceneMode)
AlienDefense.EditorTools.CargoFullHudSetup:UpgradeAllLevels () (at Assets/_Game/Scripts/Editor/CargoFullHudSetup.cs:32)

[Assets/_Game/Scripts/Editor/CargoFullHudSetup.cs line 32]

Prefab instance problem. Missing Prefab Asset: 'RL_BoneRoot 5 (Missing Prefab with guid: 5df06361268fcf847be3b34fef754ac7)'
UnityEngine.Debug:ExtractStackTraceNoAlloc (byte*,int,string)
UnityEngine.StackTraceUtility:ExtractStackTrace ()
UnityEditor.SceneManagement.EditorSceneManager:OpenScene (string,UnityEditor.SceneManagement.OpenSceneMode)
AlienDefense.EditorTools.CargoFullHudSetup:UpgradeAllLevels () (at Assets/_Game/Scripts/Editor/CargoFullHudSetup.cs:32)

[Assets/_Game/Scripts/Editor/CargoFullHudSetup.cs line 32]

Prefab instance problem. Missing Prefab Asset: 'Cartoon_zombie3 (Missing Prefab with guid: 68198f4eba5b29c4a9ce602a75e4325f)'
UnityEngine.Debug:ExtractStackTraceNoAlloc (byte*,int,string)
UnityEngine.StackTraceUtility:ExtractStackTrace ()
UnityEditor.SceneManagement.EditorSceneManager:OpenScene (string,UnityEditor.SceneManagement.OpenSceneMode)
AlienDefense.EditorTools.CargoFullHudSetup:UpgradeAllLevels () (at Assets/_Game/Scripts/Editor/CargoFullHudSetup.cs:32)

[Assets/_Game/Scripts/Editor/CargoFullHudSetup.cs line 32]

Prefab instance problem. Missing Prefab Asset: 'Cartoon_zombie4 (Missing Prefab with guid: 9a286a8ba7917fc4f94469973cfdfa62)'
UnityEngine.Debug:ExtractStackTraceNoAlloc (byte*,int,string)
UnityEngine.StackTraceUtility:ExtractStackTrace ()
UnityEditor.SceneManagement.EditorSceneManager:OpenScene (string,UnityEditor.SceneManagement.OpenSceneMode)
AlienDefense.EditorTools.CargoFullHudSetup:UpgradeAllLevels () (at Assets/_Game/Scripts/Editor/CargoFullHudSetup.cs:32)

[Assets/_Game/Scripts/Editor/CargoFullHudSetup.cs line 32]

Prefab instance problem. Missing Prefab Asset: 'RL_BoneRoot 2 (Missing Prefab with guid: ac58181b45468e64dad27d0ad0a024b3)'
UnityEngine.Debug:ExtractStackTraceNoAlloc (byte*,int,string)
UnityEngine.StackTraceUtility:ExtractStackTrace ()
UnityEditor.SceneManagement.EditorSceneManager:OpenScene (string,UnityEditor.SceneManagement.OpenSceneMode)
AlienDefense.EditorTools.CargoFullHudSetup:UpgradeAllLevels () (at Assets/_Game/Scripts/Editor/CargoFullHudSetup.cs:32)

[Assets/_Game/Scripts/Editor/CargoFullHudSetup.cs line 32]

Prefab instance problem. Missing Prefab Asset: 'RL_BoneRoot 4 (Missing Prefab with guid: ae2fdb79ef91bd043ab46e6b4f87c864)'
UnityEngine.Debug:ExtractStackTraceNoAlloc (byte*,int,string)
UnityEngine.StackTraceUtility:ExtractStackTrace ()
UnityEditor.SceneManagement.EditorSceneManager:OpenScene (string,UnityEditor.SceneManagement.OpenSceneMode)
AlienDefense.EditorTools.CargoFullHudSetup:UpgradeAllLevels () (at Assets/_Game/Scripts/Editor/CargoFullHudSetup.cs:32)

[Assets/_Game/Scripts/Editor/CargoFullHudSetup.cs line 32]

Prefab instance problem. Missing Prefab Asset: 'Cartoon_zombie5_female (Missing Prefab with guid: b65cecb698523d343af398c3ce5dd4cd)'
UnityEngine.Debug:ExtractStackTraceNoAlloc (byte*,int,string)
UnityEngine.StackTraceUtility:ExtractStackTrace ()
UnityEditor.SceneManagement.EditorSceneManager:OpenScene (string,UnityEditor.SceneManagement.OpenSceneMode)
AlienDefense.EditorTools.CargoFullHudSetup:UpgradeAllLevels () (at Assets/_Game/Scripts/Editor/CargoFullHudSetup.cs:32)

[Assets/_Game/Scripts/Editor/CargoFullHudSetup.cs line 32]

Prefab instance problem. Missing Prefab Asset: 'RL_BoneRoot 1 (Missing Prefab with guid: e00f7377bff60654d9b6ef69226251fe)'
UnityEngine.Debug:ExtractStackTraceNoAlloc (byte*,int,string)
UnityEngine.StackTraceUtility:ExtractStackTrace ()
UnityEditor.SceneManagement.EditorSceneManager:OpenScene (string,UnityEditor.SceneManagement.OpenSceneMode)
AlienDefense.EditorTools.CargoFullHudSetup:UpgradeAllLevels () (at Assets/_Game/Scripts/Editor/CargoFullHudSetup.cs:32)

[Assets/_Game/Scripts/Editor/CargoFullHudSetup.cs line 32]

Prefab instance problem. Missing Prefab Asset: 'base_basic_shaded (Missing Prefab with guid: e695a0a88ffa4484db188237f9671e28)'
UnityEngine.Debug:ExtractStackTraceNoAlloc (byte*,int,string)
UnityEngine.StackTraceUtility:ExtractStackTrace ()
UnityEditor.SceneManagement.EditorSceneManager:OpenScene (string,UnityEditor.SceneManagement.OpenSceneMode)
AlienDefense.EditorTools.CargoFullHudSetup:UpgradeAllLevels () (at Assets/_Game/Scripts/Editor/CargoFullHudSetup.cs:32)

[Assets/_Game/Scripts/Editor/CargoFullHudSetup.cs line 32]

Prefab instance problem. Missing Prefab Asset: 'Cartoon_zombie6_female (Missing Prefab with guid: eec27fe3aae45a6449b7b1ae2fa7449b)'
UnityEngine.Debug:ExtractStackTraceNoAlloc (byte*,int,string)
UnityEngine.StackTraceUtility:ExtractStackTrace ()
UnityEditor.SceneManagement.EditorSceneManager:OpenScene (string,UnityEditor.SceneManagement.OpenSceneMode)
AlienDefense.EditorTools.CargoFullHudSetup:UpgradeAllLevels () (at Assets/_Game/Scripts/Editor/CargoFullHudSetup.cs:32)

[Assets/_Game/Scripts/Editor/CargoFullHudSetup.cs line 32]

Loaded scene 'Assets/_Game/Scenes/Levels/Level_03.unity'
	Deserialize:            12.851 ms
	Integration:            376.914 ms
	Integration of assets:  0.003 ms
	Thread Wait Time:       0.019 ms
	Total Operation Time:   389.787 ms
Unloading 168 unused Assets / (34.7 KB). Loaded Objects now: 15242.
Memory consumption went from 406.0 MB to 405.9 MB.
Total: 17.785000 ms (FindLiveObjects: 0.769200 ms CreateObjectMapping: 0.447900 ms MarkObjects: 16.366200 ms  DeleteObjects: 0.200600 ms)

[CargoFullHudSetup] No EnergyRing under GameHUD
UnityEngine.Debug:ExtractStackTraceNoAlloc (byte*,int,string)
UnityEngine.StackTraceUtility:ExtractStackTrace ()
UnityEngine.DebugLogHandler:Internal_Log (UnityEngine.LogType,UnityEngine.LogOption,string,UnityEngine.Object)
UnityEngine.DebugLogHandler:LogFormat (UnityEngine.LogType,UnityEngine.Object,string,object[])
UnityEngine.Logger:Log (UnityEngine.LogType,object)
UnityEngine.Debug:LogWarning (object)
AlienDefense.EditorTools.CargoFullHudSetup:UpgradeView (AlienDefense.UI.GameHUDView) (at Assets/_Game/Scripts/Editor/CargoFullHudSetup.cs:81)
AlienDefense.EditorTools.CargoFullHudSetup:UpgradeOpenScene () (at Assets/_Game/Scripts/Editor/CargoFullHudSetup.cs:65)
AlienDefense.EditorTools.CargoFullHudSetup:UpgradeAllLevels () (at Assets/_Game/Scripts/Editor/CargoFullHudSetup.cs:33)

(Filename: Assets/_Game/Scripts/Editor/CargoFullHudSetup.cs Line: 81)

Start importing Assets/_Game/Scenes/Levels/Level_03.unity using Guid(1d5f54b210de10041a7a0598ba9962da) (DefaultImporter) -> (artifact id: '084ee30072c502b30ecf9347fb08de60') in 0.0010368 seconds
Refreshing native plugins compatible for Editor in 2.06 ms, found 5 plugins.
Preloading 1 native plugins for Editor in 0.05 ms.
Asset Pipeline Refresh (id=c90a094b61faa5144bbf199a2bbaebf5): Total: 0.060 seconds - Initiated by StopAssetImportingV2(NoUpdateAssetOptions)
[CargoFullHudSetup] Patched 0 GameHUDView(s) in Assets/_Game/Scenes/Levels/Level_03.unity
UnityEngine.Debug:ExtractStackTraceNoAlloc (byte*,int,string)
UnityEngine.StackTraceUtility:ExtractStackTrace ()
UnityEngine.DebugLogHandler:Internal_Log (UnityEngine.LogType,UnityEngine.LogOption,string,UnityEngine.Object)
UnityEngine.DebugLogHandler:LogFormat (UnityEngine.LogType,UnityEngine.Object,string,object[])
UnityEngine.Logger:Log (UnityEngine.LogType,object)
UnityEngine.Debug:Log (object)
AlienDefense.EditorTools.CargoFullHudSetup:UpgradeAllLevels () (at Assets/_Game/Scripts/Editor/CargoFullHudSetup.cs:35)

(Filename: Assets/_Game/Scripts/Editor/CargoFullHudSetup.cs Line: 35)

Curl error 7: Failed to connect to cdp.cloud.unity3d.com port 443 after 2074 ms: Could not connect to server
Batchmode quit successfully invoked - shutting down!
Clearing [Fredoka-Bold SDF] dynamic font asset data.
UnityEngine.Debug:ExtractStackTraceNoAlloc (byte*,int,string)
UnityEngine.StackTraceUtility:ExtractStackTrace ()
UnityEngine.DebugLogHandler:Internal_Log (UnityEngine.LogType,UnityEngine.LogOption,string,UnityEngine.Object)
UnityEngine.DebugLogHandler:LogFormat (UnityEngine.LogType,UnityEngine.Object,string,object[])
UnityEngine.Logger:Log (UnityEngine.LogType,object)
UnityEngine.Debug:Log (object)
TMPro.EditorEventCallbacks/<>c:<InitializeFontAssetResourceChangeCallBacks>b__0_0 () (at ./Library/PackageCache/com.unity.ugui@e20f1880fa04/Editor/TMP/TMP_EditorResourceManager.cs:36)
UnityEditor.EditorApplication:Internal_EditorApplicationQuit ()

(Filename: ./Library/PackageCache/com.unity.ugui@e20f1880fa04/Editor/TMP/TMP_EditorResourceManager.cs Line: 36)

Killing ADB server in 0.0609304 seconds.
Start importing Assets/_Game/Font/Fredoka-Bold SDF.asset using Guid(bc513423574e793478d16ce27858de07) (NativeFormatImporter) -> (artifact id: '834281b09da0c8b7c659e05517082b88') in 0.0037543 seconds
Refreshing native plugins compatible for Editor in 1.90 ms, found 5 plugins.
Preloading 1 native plugins for Editor in 0.05 ms.
Asset Pipeline Refresh (id=e818817ecc31b6b41a11bd8957e7560d): Total: 0.060 seconds - Initiated by StopAssetImportingV2(NoUpdateAssetOptions)
[Physics::Module] Cleanup current backend.
[Physics::Module] Id: 0xf2b8ea05
Input System module state changed to: ShutdownInProgress.
Input System polling thread exited.
Input System module state changed to: Shutdown.
[Licensing::IpcConnector] LicenseClient-Tus-6000.3.21-notifications channel disconnected successfully.
[Licensing::IpcConnector] LicenseClient-Tus-6000.3.21 channel disconnected successfully.
AcceleratorClientConnectionCallback - disconnected - :0
Cleanup mono
Exiting batchmode successfully now!
Exiting without the bug reporter. Application will terminate with return code 0