[Licensing::Module] Trying to connect to existing licensing client channel...
Built from '6000.3/staging' branch; Version is '6000.3.21f1 (c02631ffc030) revision 12592689'; Using compiler version '194234433'; Build Type 'Release'
OS: 'Windows 11  (10.0.26200) CoreSingleLanguage' Language: 'en' Physical Memory: 32492 MB
BatchMode: 1, IsHumanControllingUs: 0, StartBugReporterOnCrash: 0, Is64bit: 1
System  architecture: x64
Process architecture: x64
[Licensing::IpcConnector] Successfully connected to: "LicenseClient-Tus" at "2026-09-14T09:48:32.1688225Z"
Date: 2026-09-14T09:48:32Z

COMMAND LINE ARGUMENTS:
E:\Unity\Material\6000.3.21f1\Editor\Unity.exe
-batchmode
-nographics
-projectPath
E:\Unity\Project\TowerDefense\TowerDefense
-executeMethod
AlienDefense.EditorTools.ZombieVariantBuilder.FixZombieVariant5MixamoTextures
-logFile
E:\Unity\Project\TowerDefense\TowerDefense\Temp_FixZombieVariant5.log
-quit
Successfully changed project path to: E:\Unity\Project\TowerDefense\TowerDefense
E:/Unity/Project/TowerDefense/TowerDefense
[UnityMemory] Configuration Parameters - Can be set up in boot.config
    "memorysetup-temp-allocator-size-nav-mesh-worker=65536"
    "memorysetup-temp-allocator-size-audio-worker=65536"
    "memorysetup-temp-allocator-size-gfx=262144"
    "memorysetup-allocator-temp-initial-block-size-main=262144"
    "memorysetup-allocator-temp-initial-block-size-worker=262144"
    "memorysetup-temp-allocator-size-background-worker=32768"
    "memorysetup-temp-allocator-size-job-worker=262144"
    "memorysetup-temp-allocator-size-preload-manager=33554432"
    "memorysetup-temp-allocator-size-gi-baking-worker=262144"
    "memorysetup-temp-allocator-size-gi-baking-worker=262144"
    "memorysetup-temp-allocator-size-gi-baking-worker=262144"
    "memorysetup-temp-allocator-size-gi-baking-worker=262144"
    "memorysetup-temp-allocator-size-gi-baking-worker=262144"
    "memorysetup-bucket-allocator-granularity=16"
    "memorysetup-bucket-allocator-bucket-count=8"
    "memorysetup-bucket-allocator-block-size=33554432"
    "memorysetup-bucket-allocator-block-count=8"
    "memorysetup-main-allocator-block-size=16777216"
    "memorysetup-thread-allocator-block-size=16777216"
    "memorysetup-gfx-main-allocator-block-size=16777216"
    "memorysetup-gfx-thread-allocator-block-size=16777216"
    "memorysetup-cache-allocator-block-size=4194304"
    "memorysetup-typetree-allocator-block-size=2097152"
    "memorysetup-profiler-bucket-allocator-granularity=16"
    "memorysetup-profiler-bucket-allocator-bucket-count=8"
    "memorysetup-profiler-bucket-allocator-block-size=33554432"
    "memorysetup-profiler-bucket-allocator-block-count=8"
    "memorysetup-profiler-allocator-block-size=16777216"
    "memorysetup-profiler-editor-allocator-block-size=1048576"
    "memorysetup-temp-allocator-size-main=16777216"
    "memorysetup-job-temp-allocator-block-size=2097152"
    "memorysetup-job-temp-allocator-block-size-background=1048576"
    "memorysetup-job-temp-allocator-reduction-small-platforms=262144"
    "memorysetup-temp-allocator-size-cloud-worker=32768"
Player connection [10712]  Target information:

Player connection [10712]  * "[IP] 172.31.99.75 [Port] 55504 [Flags] 2 [Guid] 2950236822 [EditorId] 2950236822 [Version] 1048832 [Id] WindowsEditor(7,LAPTOP-VEL5EC45) [Debug] 1 [PackageName] WindowsEditor [ProjectName] Editor" 

Player connection [10712] Host joined multi-casting on [225.0.0.222:54997]...
Player connection [10712] Host joined alternative multi-casting on [225.0.0.222:34997]...
Input System module state changed to: Initialized.
[Physics::Module] Initialized fallback backend.
[Physics::Module] Id: 0xdecafbad
[Package Manager] Connected to IPC stream "Upm-33544" after 0.2 seconds.
[Licensing::Module] Licensing is not yet initialized.
[Licensing::Client] Error: HandshakeResponse reported an error:
	ResponseCode: 505
	ResponseStatus: Unsupported protocol version '1.18.1'.
[Licensing::Module] Error: Failed to handshake to channel: "LicenseClient-Tus"
[Licensing::IpcConnector] LicenseClient-Tus channel disconnected successfully.
[Licensing::IpcConnector] Channel LicenseClient-Tus-6000.3.21 doesn't exist
[Licensing::Module] Successfully launched the LicensingClient (PId: 5704)
[Licensing::IpcConnector] Successfully connected to: "LicenseClient-Tus-6000.3.21" at "2026-09-14T09:48:34.3051825Z"
[Licensing::Client] Code 10 while verifying Licensing Client signature (process Id: 5704, path: "E:/Unity/Material/6000.3.21f1/Editor/Data/Resources/Licensing/Client/Unity.Licensing.Client.exe")
[Licensing::Module] LicensingClient has failed validation; ignoring
[Licensing::Client] Handshaking with LicensingClient:
  Version:                 1.18.1+9fbee8e
  Session Id:              ee642f12d3af42a2a1572dc2c56de2b3
  Correlation Id:          3e9808e97510e3771849ae8ddb231d28
  External correlation Id: 982600474154560060
  Machine Id:              8TkmXJ1lDM6kyMXBpLFkyOeZPUY=
[Licensing::Module] Successfully connected to LicensingClient on channel: "LicenseClient-Tus-6000.3.21" (connect: 0.25s, validation: 0.10s, handshake: 0.01s)
[Licensing::IpcConnector] Successfully connected to: "LicenseClient-Tus-6000.3.21-notifications" at "2026-09-14T09:48:34.4104427Z"
[Licensing::Module] Connected to LicensingClient (PId: 5704, launch time: 0.01, total connection time: 0.35s)
[Licensing::Module] Error: Access token is unavailable; failed to update
[Licensing::Client] Successfully resolved entitlement details
[Licensing::Module] License group:
  Id: 18968293043658-tulklk32-UnityProStuXXXX
  Product: Unity Student
  Type: Assigned
  Expiration: 2027-07-10T16:59:39Z
[Licensing::Client] Successfully updated license, isAsync: True, time: 0.01
[Licensing::Client] Successfully resolved entitlement details
[Licensing::Module] Licensing Background thread has ended after 2.28s
[Licensing::Module] Licensing is initialized (took 1.88s).
[Licensing::Client] Successfully resolved entitlement details
Library Redirect Path: Library/
[Physics::Module] Selected backend.
[Physics::Module] Name: PhysX
[Physics::Module] Id: 0xf2b8ea05
[Physics::Module] SDK Version: 4.1.2
[Physics::Module] Integration Version: 1.0.0
[Physics::Module] Threading Mode: Multi-Threaded
[Licensing::Client] Successfully resolved entitlement details
Refreshing native plugins compatible for Editor in 0.30 ms, found 0 plugins.
Preloading 0 native plugins for Editor in 0.00 ms.
Initialize engine version: 6000.3.21f1 (c02631ffc030)
[Subsystems] Discovering subsystems at path E:/Unity/Material/6000.3.21f1/Editor/Data/Resources/UnitySubsystems
[Subsystems] Discovering subsystems at path E:/Unity/Project/TowerDefense/TowerDefense/Assets
Forcing GfxDevice: Null
GfxDevice: creating device client; kGfxThreadingModeNonThreaded
NullGfxDevice:
    Version:  NULL 1.0 [1.0]
    Renderer: Null Device
    Vendor:   Unity Technologies
Initialize mono
Mono path[0] = 'E:/Unity/Material/6000.3.21f1/Editor/Data/Managed'
Mono path[1] = 'E:/Unity/Material/6000.3.21f1/Editor/Data/MonoBleedingEdge/lib/mono/unityjit-win32'
Mono config path = 'E:/Unity/Material/6000.3.21f1/Editor/Data/MonoBleedingEdge/etc'
Using monoOptions --debugger-agent=transport=dt_socket,embedding=1,server=y,suspend=n,address=127.0.0.1:56544
Using cacheserver namespaces - metadata:defaultmetadata, artifacts:defaultartifacts
Using cacheserver namespaces - metadata:defaultmetadata, artifacts:defaultartifacts
ImportWorker Server TCP listen port: 0
AcceleratorClientConnectionCallback - disconnected - :0
Begin MonoManager ReloadAssembly
Registering precompiled unity dll's ...
Register platform support module: E:/Unity/Material/6000.3.21f1/Editor/Data/PlaybackEngines/WindowsStandaloneSupport/UnityEditor.WindowsStandalone.Extensions.dll
[Licensing::Client] Successfully resolved entitlement details
Register platform support module: E:/Unity/Material/6000.3.21f1/Editor/Data/PlaybackEngines/MetroSupport/UnityEditor.UWP.Extensions.dll
Register platform support module: E:/Unity/Material/6000.3.21f1/Editor/Data/PlaybackEngines/AndroidPlayer/UnityEditor.Android.Extensions.dll
Registered in 0.003614 seconds.
- Loaded All Assemblies, in  0.354 seconds
Native extension for Android target not found
Native extension for UWP target not found
Native extension for WindowsStandalone target not found
Package Manager log level set to [2]
ScheduleIndexationOnStartup MainProcess:False IndexOnStartup:True
Mono: successfully reloaded assembly
- Finished resetting the current domain, in  0.329 seconds
Domain Reload Profiling: 683ms
	BeginReloadAssembly (121ms)
		ExecutionOrderSort (0ms)
		DisableScriptedObjects (0ms)
		BackupInstance (0ms)
		ReleaseScriptingObjects (0ms)
		CreateAndSetChildDomain (17ms)
	RebuildCommonClasses (37ms)
	RebuildNativeTypeToScriptingClass (11ms)
	initialDomainReloadingComplete (38ms)
	LoadAllAssembliesAndSetupDomain (147ms)
		LoadAssemblies (105ms)
		RebuildTransferFunctionScriptingTraits (0ms)
		AnalyzeDomain (143ms)
			TypeCache.Refresh (142ms)
				TypeCache.ScanAssembly (130ms)
			BuildScriptInfoCaches (0ms)
			ResolveRequiredComponents (0ms)
	FinalizeReload (330ms)
		ReleaseScriptCaches (0ms)
		RebuildScriptCaches (0ms)
		SetupLoadedEditorAssemblies (296ms)
			LogAssemblyErrors (0ms)
			InitializePlatformSupportModulesInManaged (78ms)
			SetLoadedEditorAssemblies (3ms)
			BeforeProcessingInitializeOnLoad (60ms)
			ProcessInitializeOnLoadAttributes (109ms)
			ProcessInitializeOnLoadMethodAttributes (46ms)
			AfterProcessingInitializeOnLoad (0ms)
			EditorAssembliesLoaded (0ms)
		ExecutionOrderSort2 (0ms)
		AwakeInstancesAfterBackupRestoration (0ms)
[Licensing::Client] Successfully resolved entitlement details
[Licensing::Client] Successfully resolved entitlement details
Application.AssetDatabase Initial Refresh Start
[Package Manager] Restoring resolved packages state from cache
[Licensing::Client] Successfully resolved entitlement details
[Package Manager] Registered 68 packages:
  Packages from [https://packages.unity.com]:
    com.unity.ai.assistant@2.17.0-pre.1 (location: E:\Unity\Project\TowerDefense\TowerDefense\Library\PackageCache\com.unity.ai.assistant@284c75a8d208)
    com.unity.ai.inference@2.6.1 (location: E:\Unity\Project\TowerDefense\TowerDefense\Library\PackageCache\com.unity.ai.inference@9a123aee5df7)
    com.unity.ai.navigation@2.0.14 (location: E:\Unity\Project\TowerDefense\TowerDefense\Library\PackageCache\com.unity.ai.navigation@134dd6a3b97b)
    com.unity.burst@1.8.30 (location: E:\Unity\Project\TowerDefense\TowerDefense\Library\PackageCache\com.unity.burst@2f3d916873ea)
    com.unity.collab-proxy@2.12.4 (location: E:\Unity\Project\TowerDefense\TowerDefense\Library\PackageCache\com.unity.collab-proxy@0b1559bcd34e)
    com.unity.collections@2.6.8 (location: E:\Unity\Project\TowerDefense\TowerDefense\Library\PackageCache\com.unity.collections@84e8eb3fc12e)
    com.unity.device-simulator.devices@1.0.1 (location: E:\Unity\Project\TowerDefense\TowerDefense\Library\PackageCache\com.unity.device-simulator.devices@2af643ceec84)
    com.unity.ide.rider@3.0.40 (location: E:\Unity\Project\TowerDefense\TowerDefense\Library\PackageCache\com.unity.ide.rider@e4950c6d131b)
    com.unity.ide.visualstudio@2.0.26 (location: E:\Unity\Project\TowerDefense\TowerDefense\Library\PackageCache\com.unity.ide.visualstudio@a99d56dec63f)
    com.unity.inputsystem@1.20.0 (location: E:\Unity\Project\TowerDefense\TowerDefense\Library\PackageCache\com.unity.inputsystem@7a4e1a2a8194)
    com.unity.mathematics@1.3.3 (location: E:\Unity\Project\TowerDefense\TowerDefense\Library\PackageCache\com.unity.mathematics@19a9377c4ffa)
    com.unity.nuget.mono-cecil@1.11.6 (location: E:\Unity\Project\TowerDefense\TowerDefense\Library\PackageCache\com.unity.nuget.mono-cecil@ecb9724e46ff)
    com.unity.nuget.newtonsoft-json@3.2.2 (location: E:\Unity\Project\TowerDefense\TowerDefense\Library\PackageCache\com.unity.nuget.newtonsoft-json@4dfd81071c64)
    com.unity.searcher@4.9.4 (location: E:\Unity\Project\TowerDefense\TowerDefense\Library\PackageCache\com.unity.searcher@d45a78918735)
    com.unity.test-framework.performance@3.5.0 (location: E:\Unity\Project\TowerDefense\TowerDefense\Library\PackageCache\com.unity.test-framework.performance@8b56083ec0f0)
    com.unity.timeline@1.8.12 (location: E:\Unity\Project\TowerDefense\TowerDefense\Library\PackageCache\com.unity.timeline@8cd8509afae5)
    com.unity.visualscripting@1.9.12 (location: E:\Unity\Project\TowerDefense\TowerDefense\Library\PackageCache\com.unity.visualscripting@4edfcc09512f)
    com.unity.editorcoroutines@1.1.0 (location: E:\Unity\Project\TowerDefense\TowerDefense\Library\PackageCache\com.unity.editorcoroutines@87a15ed012c2)
    com.unity.performance.profile-analyzer@1.4.0 (location: E:\Unity\Project\TowerDefense\TowerDefense\Library\PackageCache\com.unity.performance.profile-analyzer@2bb26871883c)
    com.unity.testtools.codecoverage@1.3.0 (location: E:\Unity\Project\TowerDefense\TowerDefense\Library\PackageCache\com.unity.testtools.codecoverage@19a841221620)
    com.unity.dt.app-ui@2.1.1 (location: E:\Unity\Project\TowerDefense\TowerDefense\Library\PackageCache\com.unity.dt.app-ui@8ac7e730dd5d)
    com.unity.settings-manager@2.1.1 (location: E:\Unity\Project\TowerDefense\TowerDefense\Library\PackageCache\com.unity.settings-manager@0b8638c5ce86)
  Built-in packages:
    com.unity.ext.nunit@2.0.5 (location: E:\Unity\Project\TowerDefense\TowerDefense\Library\PackageCache\com.unity.ext.nunit@d8c07649098d)
    com.unity.feature.development@1.0.2 (location: E:\Unity\Project\TowerDefense\TowerDefense\Library\PackageCache\com.unity.feature.development@767aadbc6eb7)
    com.unity.multiplayer.center@1.0.1 (location: E:\Unity\Project\TowerDefense\TowerDefense\Library\PackageCache\com.unity.multiplayer.center@f01f4ba8d00a)
    com.unity.render-pipelines.core@17.3.0 (location: E:\Unity\Project\TowerDefense\TowerDefense\Library\PackageCache\com.unity.render-pipelines.core@c67c01575725)
    com.unity.render-pipelines.universal@17.3.0 (location: E:\Unity\Project\TowerDefense\TowerDefense\Library\PackageCache\com.unity.render-pipelines.universal@8aa8d736cba6)
    com.unity.render-pipelines.universal-config@17.0.3 (location: E:\Unity\Project\TowerDefense\TowerDefense\Library\PackageCache\com.unity.render-pipelines.universal-config@8dc1aab4af1d)
    com.unity.shadergraph@17.3.0 (location: E:\Unity\Project\TowerDefense\TowerDefense\Library\PackageCache\com.unity.shadergraph@aa8306cf39d6)
    com.unity.test-framework@1.6.0 (location: E:\Unity\Project\TowerDefense\TowerDefense\Library\PackageCache\com.unity.test-framework@bd7f943e9647)
    com.unity.ugui@2.0.0 (location: E:\Unity\Project\TowerDefense\TowerDefense\Library\PackageCache\com.unity.ugui@e20f1880fa04)
    com.unity.modules.accessibility@1.0.0 (location: E:\Unity\Project\TowerDefense\TowerDefense\Library\PackageCache\com.unity.modules.accessibility)
    com.unity.modules.adaptiveperformance@1.0.0 (location: E:\Unity\Project\TowerDefense\TowerDefense\Library\PackageCache\com.unity.modules.adaptiveperformance)
    com.unity.modules.ai@1.0.0 (location: E:\Unity\Project\TowerDefense\TowerDefense\Library\PackageCache\com.unity.modules.ai)
    com.unity.modules.androidjni@1.0.0 (location: E:\Unity\Project\TowerDefense\TowerDefense\Library\PackageCache\com.unity.modules.androidjni)
    com.unity.modules.animation@1.0.0 (location: E:\Unity\Project\TowerDefense\TowerDefense\Library\PackageCache\com.unity.modules.animation)
    com.unity.modules.assetbundle@1.0.0 (location: E:\Unity\Project\TowerDefense\TowerDefense\Library\PackageCache\com.unity.modules.assetbundle)
    com.unity.modules.audio@1.0.0 (location: E:\Unity\Project\TowerDefense\TowerDefense\Library\PackageCache\com.unity.modules.audio)
    com.unity.modules.cloth@1.0.0 (location: E:\Unity\Project\TowerDefense\TowerDefense\Library\PackageCache\com.unity.modules.cloth)
    com.unity.modules.director@1.0.0 (location: E:\Unity\Project\TowerDefense\TowerDefense\Library\PackageCache\com.unity.modules.director)
    com.unity.modules.imageconversion@1.0.0 (location: E:\Unity\Project\TowerDefense\TowerDefense\Library\PackageCache\com.unity.modules.imageconversion)
    com.unity.modules.imgui@1.0.0 (location: E:\Unity\Project\TowerDefense\TowerDefense\Library\PackageCache\com.unity.modules.imgui)
    com.unity.modules.jsonserialize@1.0.0 (location: E:\Unity\Project\TowerDefense\TowerDefense\Library\PackageCache\com.unity.modules.jsonserialize)
    com.unity.modules.particlesystem@1.0.0 (location: E:\Unity\Project\TowerDefense\TowerDefense\Library\PackageCache\com.unity.modules.particlesystem)
    com.unity.modules.physics@1.0.0 (location: E:\Unity\Project\TowerDefense\TowerDefense\Library\PackageCache\com.unity.modules.physics)
    com.unity.modules.physics2d@1.0.0 (location: E:\Unity\Project\TowerDefense\TowerDefense\Library\PackageCache\com.unity.modules.physics2d)
    com.unity.modules.screencapture@1.0.0 (location: E:\Unity\Project\TowerDefense\TowerDefense\Library\PackageCache\com.unity.modules.screencapture)
    com.unity.modules.terrain@1.0.0 (location: E:\Unity\Project\TowerDefense\TowerDefense\Library\PackageCache\com.unity.modules.terrain)
    com.unity.modules.terrainphysics@1.0.0 (location: E:\Unity\Project\TowerDefense\TowerDefense\Library\PackageCache\com.unity.modules.terrainphysics)
    com.unity.modules.tilemap@1.0.0 (location: E:\Unity\Project\TowerDefense\TowerDefense\Library\PackageCache\com.unity.modules.tilemap)
    com.unity.modules.ui@1.0.0 (location: E:\Unity\Project\TowerDefense\TowerDefense\Library\PackageCache\com.unity.modules.ui)
    com.unity.modules.uielements@1.0.0 (location: E:\Unity\Project\TowerDefense\TowerDefense\Library\PackageCache\com.unity.modules.uielements)
    com.unity.modules.umbra@1.0.0 (location: E:\Unity\Project\TowerDefense\TowerDefense\Library\PackageCache\com.unity.modules.umbra)
    com.unity.modules.unityanalytics@1.0.0 (location: E:\Unity\Project\TowerDefense\TowerDefense\Library\PackageCache\com.unity.modules.unityanalytics)
    com.unity.modules.unitywebrequest@1.0.0 (location: E:\Unity\Project\TowerDefense\TowerDefense\Library\PackageCache\com.unity.modules.unitywebrequest)
    com.unity.modules.unitywebrequestassetbundle@1.0.0 (location: E:\Unity\Project\TowerDefense\TowerDefense\Library\PackageCache\com.unity.modules.unitywebrequestassetbundle)
    com.unity.modules.unitywebrequestaudio@1.0.0 (location: E:\Unity\Project\TowerDefense\TowerDefense\Library\PackageCache\com.unity.modules.unitywebrequestaudio)
    com.unity.modules.unitywebrequesttexture@1.0.0 (location: E:\Unity\Project\TowerDefense\TowerDefense\Library\PackageCache\com.unity.modules.unitywebrequesttexture)
    com.unity.modules.unitywebrequestwww@1.0.0 (location: E:\Unity\Project\TowerDefense\TowerDefense\Library\PackageCache\com.unity.modules.unitywebrequestwww)
    com.unity.modules.vectorgraphics@1.0.0 (location: E:\Unity\Project\TowerDefense\TowerDefense\Library\PackageCache\com.unity.modules.vectorgraphics)
    com.unity.modules.vehicles@1.0.0 (location: E:\Unity\Project\TowerDefense\TowerDefense\Library\PackageCache\com.unity.modules.vehicles)
    com.unity.modules.video@1.0.0 (location: E:\Unity\Project\TowerDefense\TowerDefense\Library\PackageCache\com.unity.modules.video)
    com.unity.modules.vr@1.0.0 (location: E:\Unity\Project\TowerDefense\TowerDefense\Library\PackageCache\com.unity.modules.vr)
    com.unity.modules.wind@1.0.0 (location: E:\Unity\Project\TowerDefense\TowerDefense\Library\PackageCache\com.unity.modules.wind)
    com.unity.modules.xr@1.0.0 (location: E:\Unity\Project\TowerDefense\TowerDefense\Library\PackageCache\com.unity.modules.xr)
    com.unity.modules.subsystems@1.0.0 (location: E:\Unity\Project\TowerDefense\TowerDefense\Library\PackageCache\com.unity.modules.subsystems)
    com.unity.modules.hierarchycore@1.0.0 (location: E:\Unity\Project\TowerDefense\TowerDefense\Library\PackageCache\com.unity.modules.hierarchycore)
    com.unity.2d.sprite@1.0.0 (location: E:\Unity\Project\TowerDefense\TowerDefense\Library\PackageCache\com.unity.2d.sprite@d8bb22511404)
[Subsystems] No new subsystems found in resolved package list.
[Package Manager] Done registering packages in 0.02 seconds
[ScriptCompilation] Requested script compilation because: Assetdatabase observed changes in script compilation related files
Refreshing native plugins compatible for Editor in 1.86 ms, found 5 plugins.
Starting: E:\Unity\Material\6000.3.21f1\Editor\Data\Tools\BuildPipeline\bee_backend.exe --ipc --defer-dag-verification --dagfile="Library/Bee/1300b0aE.dag" --continue-on-failure --profile="Library/Bee/backend1.traceevents" ScriptAssemblies
WorkingDir: E:/Unity/Project/TowerDefense/TowerDefense
DisplayProgressbar: Compiling Scripts
ExitCode: 0 Duration: 1s823ms
[1222/1614  0s] ILPP-Configuration Library/ilpp-configuration.nevergeneratedoutput
[1598/1614  0s] Csc Library/Bee/artifacts/1300b0aE.dag/AlienDefense.Editor.dll (+2 others)
[1599/1614  0s] Csc Library/Bee/artifacts/1300b0aE.dag/Assembly-CSharp-firstpass.dll (+2 others)
[1600/1614  0s] ILPostProcess Library/Bee/artifacts/1300b0aE.dag/post-processed/AlienDefense.Editor.dll (+pdb)
Processing assembly Library/Bee/artifacts/1300b0aE.dag/AlienDefense.Editor.dll, with 151 defines and 296 references

processors: Unity.Jobs.CodeGen.JobsILPostProcessor, zzzUnity.Burst.CodeGen.BurstILPostProcessor

running Unity.Jobs.CodeGen.JobsILPostProcessor

running zzzUnity.Burst.CodeGen.BurstILPostProcessor
[1601/1614  0s] CopyFiles Library/ScriptAssemblies/AlienDefense.Editor.pdb
[1602/1614  0s] Csc Library/Bee/artifacts/1300b0aE.dag/Assembly-CSharp.dll (+2 others)
[1603/1614  0s] ILPostProcess Library/Bee/artifacts/1300b0aE.dag/post-processed/Assembly-CSharp-firstpass.dll (+pdb)
Processing assembly Library/Bee/artifacts/1300b0aE.dag/Assembly-CSharp-firstpass.dll, with 153 defines and 350 references

processors: Unity.Jobs.CodeGen.JobsILPostProcessor, zzzUnity.Burst.CodeGen.BurstILPostProcessor

running Unity.Jobs.CodeGen.JobsILPostProcessor

running zzzUnity.Burst.CodeGen.BurstILPostProcessor
[1604/1614  0s] ILPostProcess Library/Bee/artifacts/1300b0aE.dag/post-processed/Assembly-CSharp.dll (+pdb)
Processing assembly Library/Bee/artifacts/1300b0aE.dag/Assembly-CSharp.dll, with 153 defines and 351 references

processors: Unity.Jobs.CodeGen.JobsILPostProcessor, zzzUnity.Burst.CodeGen.BurstILPostProcessor

running Unity.Jobs.CodeGen.JobsILPostProcessor

running zzzUnity.Burst.CodeGen.BurstILPostProcessor
[1605/1614  0s] CopyFiles Library/ScriptAssemblies/Assembly-CSharp-firstpass.dll
[1606/1614  0s] CopyFiles Library/ScriptAssemblies/Assembly-CSharp.pdb
[1607/1614  0s] CopyFiles Library/ScriptAssemblies/Assembly-CSharp-firstpass.pdb
[1608/1614  0s] CopyFiles Library/ScriptAssemblies/Assembly-CSharp.dll
[1609/1614  0s] Csc Library/Bee/artifacts/1300b0aE.dag/Assembly-CSharp-Editor.dll (+2 others)
[1610/1614  0s] CopyFiles Library/ScriptAssemblies/AlienDefense.Editor.dll
[1611/1614  0s] ILPostProcess Library/Bee/artifacts/1300b0aE.dag/post-processed/Assembly-CSharp-Editor.dll (+pdb)
Processing assembly Library/Bee/artifacts/1300b0aE.dag/Assembly-CSharp-Editor.dll, with 151 defines and 380 references

processors: Unity.Jobs.CodeGen.JobsILPostProcessor, zzzUnity.Burst.CodeGen.BurstILPostProcessor

running Unity.Jobs.CodeGen.JobsILPostProcessor

running zzzUnity.Burst.CodeGen.BurstILPostProcessor
[1612/1614  0s] CopyFiles Library/ScriptAssemblies/Assembly-CSharp-Editor.pdb
[1613/1614  0s] CopyFiles Library/ScriptAssemblies/Assembly-CSharp-Editor.dll
*** Tundra build success (1.79 seconds), 17 items updated, 1614 evaluated
AssetDatabase: script compilation time: 2.263376s
Begin MonoManager ReloadAssembly
- Loaded All Assemblies, in  1.712 seconds
Start importing Assets/_Game/EditorReports/Walking5_Extracted using Guid(4ad79ef5e6a5cf146ad00eb8aa94ff4c) (DefaultImporter) -> (artifact id: '8377093006e4a452eaf1c8f456726301') in 0.0193694 seconds
Refreshing native plugins compatible for Editor in 1.93 ms, found 5 plugins.
Native extension for Android target not found
Native extension for UWP target not found
Native extension for WindowsStandalone target not found
Refreshing native plugins compatible for Editor in 2.24 ms, found 5 plugins.
[PlayModeStartSceneEnforcer] Pinned Play Mode start scene to Bootstrap.unity.
UnityEngine.Debug:ExtractStackTraceNoAlloc (byte*,int,string)
UnityEngine.StackTraceUtility:ExtractStackTrace ()
UnityEngine.DebugLogHandler:Internal_Log (UnityEngine.LogType,UnityEngine.LogOption,string,UnityEngine.Object)
UnityEngine.DebugLogHandler:LogFormat (UnityEngine.LogType,UnityEngine.Object,string,object[])
UnityEngine.Logger:Log (UnityEngine.LogType,object)
UnityEngine.Debug:Log (object)
AlienDefense.EditorTools.PlayModeStartSceneEnforcer:Apply () (at Assets/_Game/Scripts/Editor/PlayModeStartSceneEnforcer.cs:41)
AlienDefense.EditorTools.PlayModeStartSceneEnforcer:.cctor () (at Assets/_Game/Scripts/Editor/PlayModeStartSceneEnforcer.cs:23)
System.Runtime.CompilerServices.RuntimeHelpers:RunClassConstructor (System.RuntimeTypeHandle)
UnityEditor.EditorAssemblies:ProcessInitializeOnLoadAttributes (System.Type[])

(Filename: Assets/_Game/Scripts/Editor/PlayModeStartSceneEnforcer.cs Line: 41)

Refreshing native plugins compatible for Editor in 2.45 ms, found 5 plugins.
[Licensing::Client] Error: Code 404 while processing request (status: Found 0 entitlement groups and 0 free entitlements matching requested entitlement ids)
[Licensing::Client] Error: Code 404 while processing request (status: Found 0 entitlement groups and 0 free entitlements matching requested entitlement ids)
[Licensing::Client] Error: Code 404 while processing request (status: Found 0 entitlement groups and 0 free entitlements matching requested entitlement ids)
ScheduleIndexationOnStartup MainProcess:True IndexOnStartup:True
Mono: successfully reloaded assembly
- Finished resetting the current domain, in  4.073 seconds
Domain Reload Profiling: 5784ms
	BeginReloadAssembly (294ms)
		ExecutionOrderSort (0ms)
		DisableScriptedObjects (21ms)
		BackupInstance (0ms)
		ReleaseScriptingObjects (0ms)
		CreateAndSetChildDomain (155ms)
	RebuildCommonClasses (31ms)
	RebuildNativeTypeToScriptingClass (11ms)
	initialDomainReloadingComplete (45ms)
	LoadAllAssembliesAndSetupDomain (1330ms)
		LoadAssemblies (975ms)
		RebuildTransferFunctionScriptingTraits (0ms)
		AnalyzeDomain (438ms)
			TypeCache.Refresh (341ms)
				TypeCache.ScanAssembly (322ms)
			BuildScriptInfoCaches (80ms)
			ResolveRequiredComponents (10ms)
	FinalizeReload (4074ms)
		ReleaseScriptCaches (0ms)
		RebuildScriptCaches (0ms)
		SetupLoadedEditorAssemblies (3897ms)
			LogAssemblyErrors (0ms)
			InitializePlatformSupportModulesInManaged (33ms)
			SetLoadedEditorAssemblies (4ms)
			BeforeProcessingInitializeOnLoad (173ms)
			ProcessInitializeOnLoadAttributes (3219ms)
			ProcessInitializeOnLoadMethodAttributes (467ms)
			AfterProcessingInitializeOnLoad (2ms)
			EditorAssembliesLoaded (0ms)
		ExecutionOrderSort2 (0ms)
		AwakeInstancesAfterBackupRestoration (16ms)
Start importing Assets/_Game/EditorReports/Walking5_Extracted/embedded_30.jpg using Guid(50f439a7dbf2a6947b4724835706e89b) (TextureImporter)FREEIMAGE MSG : Corrupt JPEG data: 9 extraneous bytes before marker 0x4cFREEIMAGE MSG : Unsupported marker type 0x4cFREEIMAGE MSG : Unsupported marker type 0x82FREEIMAGE MSG : Unsupported marker type 0x22FREEIMAGE MSG : Unsupported JPEG process: SOF type 0xceCould not create asset from Assets/_Game/EditorReports/Walking5_Extracted/embedded_30.jpg: File could not be read
 -> (artifact id: '27ebf4c7321008c8e8a9baf907e0e867') in 0.0744188 seconds
Start importing Assets/_Game/EditorReports/Walking5_Extracted/embedded_91.jpg using Guid(60793ac594c03c343a7931e1506fcafc) (TextureImporter)FREEIMAGE MSG : Corrupt JPEG data: 104 extraneous bytes before marker 0x0aFREEIMAGE MSG : Unsupported marker type 0x0aFREEIMAGE MSG : Unsupported marker type 0xb6FREEIMAGE MSG : Bogus DQT index 14Could not create asset from Assets/_Game/EditorReports/Walking5_Extracted/embedded_91.jpg: File could not be read
 -> (artifact id: '223e517f035224967ce181fdd5dd43f6') in 0.0089101 seconds
Start importing Assets/_Game/EditorReports/Walking5_Extracted/embedded_21.jpg using Guid(8093c811336ac8347ab3bde6079e28f4) (TextureImporter)FREEIMAGE MSG : Corrupt JPEG data: 43 extraneous bytes before marker 0xb9FREEIMAGE MSG : Unsupported marker type 0xb9FREEIMAGE MSG : Unsupported marker type 0xa7FREEIMAGE MSG : Unsupported marker type 0x62FREEIMAGE MSG : Unsupported marker type 0x63FREEIMAGE MSG : Bogus marker lengthCould not create asset from Assets/_Game/EditorReports/Walking5_Extracted/embedded_21.jpg: File could not be read
 -> (artifact id: 'addc2da422f19b23337d11a7d48e2b8b') in 0.0099646 seconds
Start importing Assets/_Game/EditorReports/Walking5_Extracted/embedded_15.jpg using Guid(809fb2f7ad365f94aaed960a21675a2f) (TextureImporter)FREEIMAGE MSG : Corrupt JPEG data: 142 extraneous bytes before marker 0x17FREEIMAGE MSG : Unsupported marker type 0x17FREEIMAGE MSG : Unsupported marker type 0xf2FREEIMAGE MSG : Unsupported JPEG process: SOF type 0xceCould not create asset from Assets/_Game/EditorReports/Walking5_Extracted/embedded_15.jpg: File could not be read
 -> (artifact id: 'd2210ae22903ddc20400687f6256f6ad') in 0.0095181 seconds
Start importing Assets/_Game/EditorReports/Walking5_Extracted/embedded_63.jpg using Guid(c0c9f8024f76758428e7014aa0f6ea40) (TextureImporter)FREEIMAGE MSG : Corrupt JPEG data: 2 extraneous bytes before marker 0xf4FREEIMAGE MSG : Unsupported marker type 0xf4FREEIMAGE MSG : Unsupported marker type 0x8dFREEIMAGE MSG : Unsupported marker type 0x6bFREEIMAGE MSG : Unsupported marker type 0x75FREEIMAGE MSG : Bogus marker lengthCould not create asset from Assets/_Game/EditorReports/Walking5_Extracted/embedded_63.jpg: File could not be read
 -> (artifact id: 'fc6625cea9558a2de1f26000b64f795a') in 0.0092841 seconds
Start importing Assets/_Game/EditorReports/Walking5_Extracted/embedded_46.jpg using Guid(f0c7cada07e1da84ab2e01c99f24b7d5) (TextureImporter)FREEIMAGE MSG : Corrupt JPEG data: 631 extraneous bytes before marker 0x6cFREEIMAGE MSG : Unsupported marker type 0x6cFREEIMAGE MSG : Unsupported JPEG process: SOF type 0xcfCould not create asset from Assets/_Game/EditorReports/Walking5_Extracted/embedded_46.jpg: File could not be read
 -> (artifact id: '1e4cb0924ef160d90d5127d508f4587e') in 0.0093558 seconds
Start importing Assets/_Game/EditorReports/Walking5_Extracted/embedded_73.jpg using Guid(01b3be5fa27ef034a95fe858cae938b7) (TextureImporter)FREEIMAGE MSG : Corrupt JPEG data: 30 extraneous bytes before marker 0x71FREEIMAGE MSG : Unsupported marker type 0x71FREEIMAGE MSG : Unsupported marker type 0x34FREEIMAGE MSG : Unsupported marker type 0x0eFREEIMAGE MSG : Unsupported marker type 0x9dFREEIMAGE MSG : Unsupported marker type 0x70FREEIMAGE MSG : Unsupported marker type 0x9dFREEIMAGE MSG : Unsupported marker type 0xbdFREEIMAGE MSG : Unsupported JPEG process: SOF type 0xceCould not create asset from Assets/_Game/EditorReports/Walking5_Extracted/embedded_73.jpg: File could not be read
 -> (artifact id: '222fcd8357991a3688c92f046c223303') in 0.0110952 seconds
Start importing Assets/_Game/EditorReports/Walking5_Extracted/embedded_65.jpg using Guid(21b2248def493eb41bddc73253aea8fd) (TextureImporter)FREEIMAGE MSG : Corrupt JPEG data: 285 extraneous bytes before marker 0xe9FREEIMAGE MSG : JPEG datastream contains no imageCould not create asset from Assets/_Game/EditorReports/Walking5_Extracted/embedded_65.jpg: File could not be read
 -> (artifact id: 'b75c12f650f468f3dde96d7010872a41') in 0.008645 seconds
Start importing Assets/_Game/EditorReports/Walking5_Extracted/embedded_80.jpg using Guid(a1e160533653c6544bf71440959bed0f) (TextureImporter)FREEIMAGE MSG : Corrupt JPEG data: 90 extraneous bytes before marker 0x53FREEIMAGE MSG : Unsupported marker type 0x53FREEIMAGE MSG : Unsupported marker type 0x3cFREEIMAGE MSG : Unsupported marker type 0x23FREEIMAGE MSG : Bogus marker lengthCould not create asset from Assets/_Game/EditorReports/Walking5_Extracted/embedded_80.jpg: File could not be read
 -> (artifact id: '83c6ed5349f5446154b2ab795ed784e0') in 0.0082118 seconds
Start importing Assets/_Game/EditorReports/Walking5_Extracted/embedded_89.jpg using Guid(b1d694815518a9243b5f7ffeac96e4a4) (TextureImporter)FREEIMAGE MSG : Corrupt JPEG data: 405 extraneous bytes before marker 0x02FREEIMAGE MSG : Unsupported marker type 0x02FREEIMAGE MSG : Unsupported marker type 0x40FREEIMAGE MSG : Unsupported marker type 0x1bFREEIMAGE MSG : Unsupported marker type 0xabFREEIMAGE MSG : Unsupported marker type 0x77FREEIMAGE MSG : Unsupported marker type 0xf1FREEIMAGE MSG : Unsupported marker type 0x9aFREEIMAGE MSG : Unsupported marker type 0x6eFREEIMAGE MSG : Unsupported marker type 0x64FREEIMAGE MSG : Unsupported marker type 0xa2FREEIMAGE MSG : Bogus marker lengthCould not create asset from Assets/_Game/EditorReports/Walking5_Extracted/embedded_89.jpg: File could not be read
 -> (artifact id: 'ad1201cc01628c92f5eb99f7f80357ce') in 0.0081801 seconds
Start importing Assets/_Game/EditorReports/Walking5_Extracted/embedded_52.jpg using Guid(c1ac2b2aa4f20a5488e58ccf63b56d7c) (TextureImporter)FREEIMAGE MSG : Corrupt JPEG data: 28 extraneous bytes before marker 0xdaFREEIMAGE MSG : Invalid JPEG file structure: SOS before SOFCould not create asset from Assets/_Game/EditorReports/Walking5_Extracted/embedded_52.jpg: File could not be read
 -> (artifact id: 'aec8cc6e8c0d14653af650bd81870583') in 0.0105731 seconds
Start importing Assets/_Game/EditorReports/Walking5_Extracted/embedded_34.jpg using Guid(e17df38b36d49594ebb8bca270708593) (TextureImporter)FREEIMAGE MSG : Corrupt JPEG data: 22 extraneous bytes before marker 0x3fFREEIMAGE MSG : Unsupported marker type 0x3fFREEIMAGE MSG : Unsupported marker type 0x41FREEIMAGE MSG : Unsupported marker type 0x72FREEIMAGE MSG : Unsupported marker type 0xa7FREEIMAGE MSG : Unsupported marker type 0xfaFREEIMAGE MSG : Unsupported marker type 0x9eFREEIMAGE MSG : Unsupported marker type 0x22FREEIMAGE MSG : Unsupported marker type 0xf2FREEIMAGE MSG : Unsupported marker type 0x8dFREEIMAGE MSG : Unsupported marker type 0x7cFREEIMAGE MSG : Unsupported marker type 0x5cFREEIMAGE MSG : Unsupported marker type 0x20FREEIMAGE MSG : Unsupported marker type 0xbeFREEIMAGE MSG : Unsupported marker type 0x0bFREEIMAGE MSG : Unsupported marker type 0x9fFREEIMAGE MSG : Unsupported marker type 0xa9FREEIMAGE MSG : Unsupported marker type 0x65FREEIMAGE MSG : Unsupported marker type 0x14FREEIMAGE MSG : Unsupported marker type 0x85FREEIMAGE MSG : Bogus Huffman table definitionCould not create asset from Assets/_Game/EditorReports/Walking5_Extracted/embedded_34.jpg: File could not be read
 -> (artifact id: '3031fb8ead99129398a6742663616035') in 0.0114548 seconds
Start importing Assets/_Game/EditorReports/Walking5_Extracted/embedded_79.jpg using Guid(024b7e4193e4ac44cbbb0a4828035902) (TextureImporter)FREEIMAGE MSG : Corrupt JPEG data: 134 extraneous bytes before marker 0x8eFREEIMAGE MSG : Unsupported marker type 0x8eFREEIMAGE MSG : Unsupported marker type 0x29FREEIMAGE MSG : Unsupported marker type 0xb3FREEIMAGE MSG : Unsupported marker type 0x9aFREEIMAGE MSG : Unsupported marker type 0x28FREEIMAGE MSG : Unsupported marker type 0x0cFREEIMAGE MSG : Unsupported marker type 0x1dFREEIMAGE MSG : Unsupported marker type 0xa2FREEIMAGE MSG : Unsupported marker type 0x14FREEIMAGE MSG : Unsupported marker type 0x12FREEIMAGE MSG : Unsupported marker type 0x9fFREEIMAGE MSG : Unsupported marker type 0x92FREEIMAGE MSG : Unsupported marker type 0x33FREEIMAGE MSG : Unsupported marker type 0x8fFREEIMAGE MSG : Unsupported marker type 0xfcFREEIMAGE MSG : Unsupported marker type 0x0cFREEIMAGE MSG : Unsupported marker type 0x1dFREEIMAGE MSG : Unsupported marker type 0x51FREEIMAGE MSG : Unsupported marker type 0x93FREEIMAGE MSG : Unsupported marker type 0x61FREEIMAGE MSG : Unsupported JPEG process: SOF type 0xceCould not create asset from Assets/_Game/EditorReports/Walking5_Extracted/embedded_79.jpg: File could not be read
 -> (artifact id: 'eeb218eec96755845ed089be84f9a995') in 0.0105592 seconds
Start importing Assets/_Game/EditorReports/Walking5_Extracted/embedded_82.jpg using Guid(328d6904c8c0da64297b3f42b83b49c6) (TextureImporter)FREEIMAGE MSG : Corrupt JPEG data: 115 extraneous bytes before marker 0x53FREEIMAGE MSG : Unsupported marker type 0x53FREEIMAGE MSG : Unsupported marker type 0x3dFREEIMAGE MSG : Unsupported marker type 0x7bFREEIMAGE MSG : Unsupported marker type 0x5bFREEIMAGE MSG : Unsupported marker type 0x3dFREEIMAGE MSG : Unsupported marker type 0x23FREEIMAGE MSG : Unsupported marker type 0x73FREEIMAGE MSG : Unsupported marker type 0x27FREEIMAGE MSG : Unsupported marker type 0x50FREEIMAGE MSG : Unsupported marker type 0x39FREEIMAGE MSG : Unsupported marker type 0x77FREEIMAGE MSG : Unsupported marker type 0x63FREEIMAGE MSG : Unsupported marker type 0x4aFREEIMAGE MSG : Unsupported marker type 0xf5FREEIMAGE MSG : Unsupported marker type 0x0cFREEIMAGE MSG : Unsupported marker type 0x24FREEIMAGE MSG : Unsupported marker type 0xf3FREEIMAGE MSG : Unsupported marker type 0x37FREEIMAGE MSG : Unsupported marker type 0x57FREEIMAGE MSG : Unsupported marker type 0x80FREEIMAGE MSG : Unsupported marker type 0x1fFREEIMAGE MSG : Unsupported marker type 0x75FREEIMAGE MSG : Unsupported marker type 0x0aFREEIMAGE MSG : Unsupported marker type 0x44FREEIMAGE MSG : Unsupported marker type 0x06FREEIMAGE MSG : Unsupported marker type 0x4bFREEIMAGE MSG : Unsupported marker type 0xfdFREEIMAGE MSG : Bogus DAC index 211Could not create asset from Assets/_Game/EditorReports/Walking5_Extracted/embedded_82.jpg: File could not be read
 -> (artifact id: '0e2342d764802bcc809744e12369cb23') in 0.0104325 seconds
Start importing Assets/_Game/EditorReports/Walking5_Extracted/embedded_43.jpg using Guid(5279735a4b67aae419d6c93755c7374b) (TextureImporter)FREEIMAGE MSG : Corrupt JPEG data: 112 extraneous bytes before marker 0x53FREEIMAGE MSG : Unsupported marker type 0x53FREEIMAGE MSG : Invalid JPEG file structure: LSE before SOFCould not create asset from Assets/_Game/EditorReports/Walking5_Extracted/embedded_43.jpg: File could not be read
 -> (artifact id: 'd29b4f68a9901d79d4fc60d91a8071db') in 0.0093386 seconds
Start importing Assets/_Game/EditorReports/Walking5_Extracted/embedded_54.jpg using Guid(82cc7c50186bf09469fd4b07139b8faf) (TextureImporter)FREEIMAGE MSG : Corrupt JPEG data: 223 extraneous bytes before marker 0x87FREEIMAGE MSG : Unsupported marker type 0x87FREEIMAGE MSG : Unsupported marker type 0xa7FREEIMAGE MSG : Unsupported marker type 0x44FREEIMAGE MSG : Unsupported marker type 0xbcFREEIMAGE MSG : Unsupported marker type 0x0aFREEIMAGE MSG : Unsupported marker type 0x89FREEIMAGE MSG : Unsupported marker type 0x3aFREEIMAGE MSG : Unsupported marker type 0xb4FREEIMAGE MSG : Unsupported marker type 0x67FREEIMAGE MSG : Unsupported marker type 0x8bFREEIMAGE MSG : Unsupported marker type 0x77FREEIMAGE MSG : Unsupported marker type 0xb0FREEIMAGE MSG : Unsupported marker type 0x9bFREEIMAGE MSG : Unsupported marker type 0xa1FREEIMAGE MSG : Unsupported marker type 0x4fFREEIMAGE MSG : Unsupported marker type 0x5dFREEIMAGE MSG : Unsupported marker type 0x8aFREEIMAGE MSG : Unsupported marker type 0x17FREEIMAGE MSG : Unsupported marker type 0x66FREEIMAGE MSG : Unsupported marker type 0xaaFREEIMAGE MSG : Unsupported marker type 0x3cFREEIMAGE MSG : Unsupported marker type 0x59FREEIMAGE MSG : Unsupported marker type 0xf9FREEIMAGE MSG : Invalid JPEG file structure: two SOI markersCould not create asset from Assets/_Game/EditorReports/Walking5_Extracted/embedded_54.jpg: File could not be read
 -> (artifact id: '1e3225d20776c1bdc381a7480f2b9096') in 0.2779849 seconds
Start importing Assets/_Game/EditorReports/Walking5_Extracted/embedded_8.jpg using Guid(c247bd1ee8fa40b4ea34a73ce126fcb2) (TextureImporter)FREEIMAGE MSG : Corrupt JPEG data: 70 extraneous bytes before marker 0xb9FREEIMAGE MSG : Unsupported marker type 0xb9FREEIMAGE MSG : Unsupported marker type 0x45FREEIMAGE MSG : Unsupported marker type 0xb2FREEIMAGE MSG : Unsupported marker type 0x47FREEIMAGE MSG : Unsupported marker type 0x2cFREEIMAGE MSG : Unsupported JPEG process: SOF type 0xceCould not create asset from Assets/_Game/EditorReports/Walking5_Extracted/embedded_8.jpg: File could not be read
 -> (artifact id: 'e9db683feeb7a071ace54dc389c591ca') in 0.0152679 seconds
Start importing Assets/_Game/EditorReports/Walking5_Extracted/embedded_5.jpg using Guid(d2f5a5df9387fc54785251d019afcb4d) (TextureImporter)FREEIMAGE MSG : Corrupt JPEG data: 624 extraneous bytes before marker 0x0bFREEIMAGE MSG : Unsupported marker type 0x0bFREEIMAGE MSG : Unsupported marker type 0x93FREEIMAGE MSG : Unsupported JPEG process: SOF type 0xcfCould not create asset from Assets/_Game/EditorReports/Walking5_Extracted/embedded_5.jpg: File could not be read
 -> (artifact id: 'e9393f794ec81dcb0d543af52b0c8a4d') in 0.0094502 seconds
Start importing Assets/_Game/EditorReports/Walking5_Extracted/embedded_6.jpg using Guid(e2fea28387665664096ee002d1712673) (TextureImporter)FREEIMAGE MSG : Corrupt JPEG data: 270 extraneous bytes before marker 0x73FREEIMAGE MSG : Unsupported marker type 0x73FREEIMAGE MSG : Unsupported marker type 0x28FREEIMAGE MSG : Unsupported marker type 0x9dFREEIMAGE MSG : Unsupported marker type 0x67FREEIMAGE MSG : Unsupported marker type 0x70FREEIMAGE MSG : Unsupported marker type 0x85FREEIMAGE MSG : Unsupported marker type 0x44FREEIMAGE MSG : Unsupported marker type 0x79FREEIMAGE MSG : Unsupported marker type 0x1cFREEIMAGE MSG : Unsupported marker type 0x9cFREEIMAGE MSG : Unsupported marker type 0x39FREEIMAGE MSG : Unsupported marker type 0xdeFREEIMAGE MSG : JPEG datastream contains no imageCould not create asset from Assets/_Game/EditorReports/Walking5_Extracted/embedded_6.jpg: File could not be read
 -> (artifact id: 'f6f5466195be570d78dc2f16ec0543d3') in 0.012013 seconds
Start importing Assets/_Game/EditorReports/Walking5_Extracted/embedded_4.jpg using Guid(031150fba16e75541ad82e0a8d611f96) (TextureImporter)FREEIMAGE MSG : Corrupt JPEG data: 83 extraneous bytes before marker 0x2eFREEIMAGE MSG : Unsupported marker type 0x2eFREEIMAGE MSG : Unsupported marker type 0x9bFREEIMAGE MSG : Unsupported marker type 0xf3FREEIMAGE MSG : Unsupported marker type 0x3dFREEIMAGE MSG : Bogus Huffman table definitionCould not create asset from Assets/_Game/EditorReports/Walking5_Extracted/embedded_4.jpg: File could not be read
 -> (artifact id: '0bd518d8f52acd1b23a1a3407e9930d6') in 0.0132249 seconds
Start importing Assets/_Game/EditorReports/Walking5_Extracted/embedded_51.jpg using Guid(5389cc028ba93b044bfcedabf5bd252a) (TextureImporter)FREEIMAGE MSG : Corrupt JPEG data: 15 extraneous bytes before marker 0x70FREEIMAGE MSG : Unsupported marker type 0x70FREEIMAGE MSG : Unsupported marker type 0x27FREEIMAGE MSG : Unsupported marker type 0x47FREEIMAGE MSG : Unsupported marker type 0x9fFREEIMAGE MSG : Unsupported marker type 0x62FREEIMAGE MSG : Bogus marker lengthCould not create asset from Assets/_Game/EditorReports/Walking5_Extracted/embedded_51.jpg: File could not be read
 -> (artifact id: '7d6f927f8579aee61fe929243087a6ab') in 0.0110392 seconds
Start importing Assets/_Game/EditorReports/Walking5_Extracted/embedded_33.jpg using Guid(53ccac1f540a26545b46a97767dc02c1) (TextureImporter)FREEIMAGE MSG : Corrupt JPEG data: 505 extraneous bytes before marker 0x46FREEIMAGE MSG : Unsupported marker type 0x46FREEIMAGE MSG : Unsupported marker type 0x99FREEIMAGE MSG : Unsupported marker type 0x53FREEIMAGE MSG : Unsupported marker type 0x26FREEIMAGE MSG : Unsupported marker type 0x8dFREEIMAGE MSG : Unsupported marker type 0x0dFREEIMAGE MSG : Bogus marker lengthCould not create asset from Assets/_Game/EditorReports/Walking5_Extracted/embedded_33.jpg: File could not be read
 -> (artifact id: 'a539a25de87c83b5f0595ccc6fbe43f7') in 0.0121365 seconds
Start importing Assets/_Game/EditorReports/Walking5_Extracted/embedded_78.jpg using Guid(630348c11060f1e4c89f9561fe8b4777) (TextureImporter)FREEIMAGE MSG : Corrupt JPEG data: 181 extraneous bytes before marker 0x37FREEIMAGE MSG : Unsupported marker type 0x37FREEIMAGE MSG : Unsupported marker type 0x20FREEIMAGE MSG : Unsupported JPEG process: SOF type 0xc3Could not create asset from Assets/_Game/EditorReports/Walking5_Extracted/embedded_78.jpg: File could not be read
 -> (artifact id: 'a5aaf634de447d8db4ea2b644b1362af') in 0.0118994 seconds
Start importing Assets/_Game/EditorReports/Walking5_Extracted/embedded_84.jpg using Guid(73605f2ce4b555b4c9c76c008e3c536d) (TextureImporter)FREEIMAGE MSG : Corrupt JPEG data: 190 extraneous bytes before marker 0x1eFREEIMAGE MSG : Unsupported marker type 0x1eFREEIMAGE MSG : Unsupported marker type 0xf6FREEIMAGE MSG : Unsupported marker type 0x2cFREEIMAGE MSG : Unsupported marker type 0x95FREEIMAGE MSG : Unsupported marker type 0x5cFREEIMAGE MSG : Unsupported marker type 0xfaFREEIMAGE MSG : Unsupported marker type 0xb0FREEIMAGE MSG : Unsupported marker type 0x3cFREEIMAGE MSG : Unsupported marker type 0x60FREEIMAGE MSG : Unsupported marker type 0x19FREEIMAGE MSG : Unsupported marker type 0x9cFREEIMAGE MSG : Bogus Huffman table definitionCould not create asset from Assets/_Game/EditorReports/Walking5_Extracted/embedded_84.jpg: File could not be read
 -> (artifact id: 'd8f7ae47786d6b6806f3972bd59b3e93') in 0.0123037 seconds
Start importing Assets/_Game/EditorReports/Walking5_Extracted/embedded_3.jpg using Guid(738c9ef1f0015da48861f6e51b0b9467) (TextureImporter)FREEIMAGE MSG : Corrupt JPEG data: 97 extraneous bytes before marker 0x9fFREEIMAGE MSG : Unsupported marker type 0x9fFREEIMAGE MSG : Unsupported marker type 0x71FREEIMAGE MSG : Unsupported marker type 0xbbFREEIMAGE MSG : Unsupported marker type 0xf3FREEIMAGE MSG : Unsupported marker type 0x68FREEIMAGE MSG : JPEG datastream contains no imageCould not create asset from Assets/_Game/EditorReports/Walking5_Extracted/embedded_3.jpg: File could not be read
 -> (artifact id: 'a41963b4d3943d743ce5d6798b155285') in 0.0125345 seconds
Start importing Assets/_Game/EditorReports/Walking5_Extracted/embedded_68.jpg using Guid(8327509ed591cc345b4b7d8a5584913e) (TextureImporter)FREEIMAGE MSG : Corrupt JPEG data: 39 extraneous bytes before marker 0xb9FREEIMAGE MSG : Unsupported marker type 0xb9FREEIMAGE MSG : Unsupported marker type 0x5eFREEIMAGE MSG : Unsupported marker type 0x4eFREEIMAGE MSG : Unsupported marker type 0x47FREEIMAGE MSG : Unsupported JPEG process: SOF type 0xc5Could not create asset from Assets/_Game/EditorReports/Walking5_Extracted/embedded_68.jpg: File could not be read
 -> (artifact id: '2fb00563047e1bcedd8f6dbdc112021e') in 0.0107131 seconds
Start importing Assets/_Game/EditorReports/Walking5_Extracted/embedded_45.jpg using Guid(8308efa7197219847aafdd1c09a83cd8) (TextureImporter)FREEIMAGE MSG : Corrupt JPEG data: 2 extraneous bytes before marker 0x17FREEIMAGE MSG : Unsupported marker type 0x17FREEIMAGE MSG : Unsupported marker type 0x05FREEIMAGE MSG : Unsupported marker type 0x40FREEIMAGE MSG : Bogus DAC index 103Could not create asset from Assets/_Game/EditorReports/Walking5_Extracted/embedded_45.jpg: File could not be read
 -> (artifact id: '13618529497856ca5ab7de68208ec137') in 0.011835 seconds
Start importing Assets/_Game/EditorReports/Walking5_Extracted/embedded_71.jpg using Guid(e3179f9d093933549b469cab67224c18) (TextureImporter)FREEIMAGE MSG : Corrupt JPEG data: 42 extraneous bytes before marker 0x6cFREEIMAGE MSG : Unsupported marker type 0x6cFREEIMAGE MSG : Bogus DAC index 77Could not create asset from Assets/_Game/EditorReports/Walking5_Extracted/embedded_71.jpg: File could not be read
 -> (artifact id: '9c994c4af8ef551b9da7fde5f5f670f2') in 0.013225 seconds
Start importing Assets/_Game/EditorReports/Walking5_Extracted/embedded_35.jpg using Guid(141ea0686ebf38c4ba2cf5f7b7870cf6) (TextureImporter)FREEIMAGE MSG : Corrupt JPEG data: 99 extraneous bytes before marker 0x1aFREEIMAGE MSG : Unsupported marker type 0x1aFREEIMAGE MSG : Unsupported marker type 0x14FREEIMAGE MSG : Unsupported marker type 0x61FREEIMAGE MSG : Unsupported marker type 0x3eFREEIMAGE MSG : Unsupported marker type 0xf1FREEIMAGE MSG : Unsupported marker type 0x4eFREEIMAGE MSG : Unsupported marker type 0x76FREEIMAGE MSG : Unsupported marker type 0xfbFREEIMAGE MSG : Unsupported marker type 0x18FREEIMAGE MSG : Unsupported marker type 0x3aFREEIMAGE MSG : Unsupported marker type 0x18FREEIMAGE MSG : Unsupported marker type 0x1bFREEIMAGE MSG : Unsupported marker type 0x0cFREEIMAGE MSG : Unsupported marker type 0x7eFREEIMAGE MSG : Unsupported marker type 0x33FREEIMAGE MSG : Unsupported marker type 0x08FREEIMAGE MSG : Unsupported marker type 0xf1FREEIMAGE MSG : Unsupported marker type 0x3cFREEIMAGE MSG : Unsupported marker type 0x4eFREEIMAGE MSG : JPEG datastream contains no imageCould not create asset from Assets/_Game/EditorReports/Walking5_Extracted/embedded_35.jpg: File could not be read
 -> (artifact id: 'bd76645f35f575df92929666b67aebbe') in 0.0109611 seconds
Start importing Assets/_Game/EditorReports/Walking5_Extracted/embedded_85.jpg using Guid(64d9e48a5338782449041d4a20a61211) (TextureImporter)FREEIMAGE MSG : Corrupt JPEG data: 271 extraneous bytes before marker 0xaeFREEIMAGE MSG : Unsupported marker type 0xaeFREEIMAGE MSG : Unsupported marker type 0xdfFREEIMAGE MSG : Unsupported marker type 0x81FREEIMAGE MSG : Unsupported marker type 0x77FREEIMAGE MSG : Unsupported marker type 0xadFREEIMAGE MSG : Unsupported marker type 0x9bFREEIMAGE MSG : Unsupported marker type 0xafFREEIMAGE MSG : Unsupported marker type 0xbdFREEIMAGE MSG : Unsupported marker type 0x58FREEIMAGE MSG : Unsupported marker type 0x11FREEIMAGE MSG : Unsupported JPEG process: SOF type 0xc5Could not create asset from Assets/_Game/EditorReports/Walking5_Extracted/embedded_85.jpg: File could not be read
 -> (artifact id: '2181119adaf0e51e709594b5125be7fb') in 0.0103513 seconds
Start importing Assets/_Game/EditorReports/Walking5_Extracted/embedded_72.jpg using Guid(740308c2700c5ed46979c681926e9551) (TextureImporter)FREEIMAGE MSG : Corrupt JPEG data: 72 extraneous bytes before marker 0xd6FREEIMAGE MSG : Unsupported marker type 0xb4FREEIMAGE MSG : Unsupported marker type 0x05FREEIMAGE MSG : Unsupported marker type 0x7eFREEIMAGE MSG : Unsupported marker type 0x12FREEIMAGE MSG : Unsupported marker type 0x86FREEIMAGE MSG : Unsupported marker type 0xb2FREEIMAGE MSG : Unsupported marker type 0xf6FREEIMAGE MSG : Bogus marker lengthCould not create asset from Assets/_Game/EditorReports/Walking5_Extracted/embedded_72.jpg: File could not be read
 -> (artifact id: '194bede4ba22ba1180e71cd6d67dc2a6') in 0.0093391 seconds
Start importing Assets/_Game/EditorReports/Walking5_Extracted/embedded_37.jpg using Guid(a4b20da7abec28248a1c78d147b35883) (TextureImporter)FREEIMAGE MSG : Corrupt JPEG data: 228 extraneous bytes before marker 0x91FREEIMAGE MSG : Unsupported marker type 0x91FREEIMAGE MSG : Unsupported marker type 0x39FREEIMAGE MSG : Unsupported marker type 0xfdFREEIMAGE MSG : Unsupported marker type 0x80FREEIMAGE MSG : Unsupported marker type 0x8fFREEIMAGE MSG : Unsupported marker type 0x7aFREEIMAGE MSG : Unsupported marker type 0xb1FREEIMAGE MSG : Unsupported marker type 0x28FREEIMAGE MSG : Unsupported marker type 0x5aFREEIMAGE MSG : Unsupported marker type 0xb6FREEIMAGE MSG : Unsupported marker type 0x28FREEIMAGE MSG : Unsupported marker type 0xb4FREEIMAGE MSG : Unsupported marker type 0x94FREEIMAGE MSG : Unsupported marker type 0x8eFREEIMAGE MSG : Unsupported marker type 0x09FREEIMAGE MSG : Unsupported marker type 0x04FREEIMAGE MSG : Unsupported marker type 0x1dFREEIMAGE MSG : Unsupported marker type 0x38FREEIMAGE MSG : JPEG datastream contains no imageCould not create asset from Assets/_Game/EditorReports/Walking5_Extracted/embedded_37.jpg: File could not be read
 -> (artifact id: '036310a61a2861b422008a9eca117845') in 0.0114879 seconds
Start importing Assets/_Game/EditorReports/Walking5_Extracted/embedded_75.jpg using Guid(b4a65c2ce7b93c04f93030fa988b05af) (TextureImporter)FREEIMAGE MSG : Corrupt JPEG data: 6 extraneous bytes before marker 0xeeFREEIMAGE MSG : JPEG datastream contains no imageCould not create asset from Assets/_Game/EditorReports/Walking5_Extracted/embedded_75.jpg: File could not be read
 -> (artifact id: '92561eaaf4923b6968b99281f600cb83') in 0.0103916 seconds
Start importing Assets/_Game/EditorReports/Walking5_Extracted/embedded_70.jpg using Guid(e44e24aa175658144857180d2f2e0720) (TextureImporter)FREEIMAGE MSG : Corrupt JPEG data: 55 extraneous bytes before marker 0xf5FREEIMAGE MSG : Unsupported marker type 0xf5FREEIMAGE MSG : Unsupported marker type 0xf6FREEIMAGE MSG : Unsupported marker type 0x8fFREEIMAGE MSG : Unsupported marker type 0x9eFREEIMAGE MSG : Unsupported marker type 0x9dFREEIMAGE MSG : Unsupported marker type 0x59FREEIMAGE MSG : Unsupported marker type 0x92FREEIMAGE MSG : Unsupported marker type 0x1aFREEIMAGE MSG : Unsupported marker type 0x64FREEIMAGE MSG : Unsupported marker type 0x9cFREEIMAGE MSG : Unsupported marker type 0xabFREEIMAGE MSG : Unsupported marker type 0x1aFREEIMAGE MSG : Unsupported marker type 0x30FREEIMAGE MSG : JPEG datastream contains no imageCould not create asset from Assets/_Game/EditorReports/Walking5_Extracted/embedded_70.jpg: File could not be read
 -> (artifact id: '78c98b71ca6ea25e4d5aae79be075051') in 0.0120784 seconds
Start importing Assets/_Game/EditorReports/Walking5_Extracted/embedded_7.jpg using Guid(250329b00ebef234ca3fc076333666df) (TextureImporter)FREEIMAGE MSG : Corrupt JPEG data: 151 extraneous bytes before marker 0xb9FREEIMAGE MSG : Unsupported marker type 0xb9FREEIMAGE MSG : Unsupported marker type 0x5cFREEIMAGE MSG : Unsupported marker type 0x8eFREEIMAGE MSG : Unsupported marker type 0xbeFREEIMAGE MSG : Unsupported marker type 0x5dFREEIMAGE MSG : Unsupported marker type 0x5aFREEIMAGE MSG : Unsupported marker type 0x63FREEIMAGE MSG : Unsupported JPEG process: SOF type 0xc7Could not create asset from Assets/_Game/EditorReports/Walking5_Extracted/embedded_7.jpg: File could not be read
 -> (artifact id: '9e5f1209ecf26ba77f54c40f959a1318') in 0.0114237 seconds
Start importing Assets/_Game/EditorReports/Walking5_Extracted/embedded_49.jpg using Guid(85a3b4a797efdfb4b8b744abcffb8236) (TextureImporter)FREEIMAGE MSG : Corrupt JPEG data: 230 extraneous bytes before marker 0xdfFREEIMAGE MSG : Unsupported marker type 0xdfFREEIMAGE MSG : Unsupported marker type 0xbbFREEIMAGE MSG : Unsupported marker type 0x12FREEIMAGE MSG : JPEG datastream contains no imageCould not create asset from Assets/_Game/EditorReports/Walking5_Extracted/embedded_49.jpg: File could not be read
 -> (artifact id: 'ab80dd2b1841af7bf3c31d5033eaee3f') in 0.0107239 seconds
Start importing Assets/_Game/EditorReports/Walking5_Extracted/embedded_86.jpg using Guid(c5b575c0bc2e7cc4dbe9c7ac976dcb4a) (TextureImporter)FREEIMAGE MSG : Corrupt JPEG data: 124 extraneous bytes before marker 0x03FREEIMAGE MSG : Unsupported marker type 0x03FREEIMAGE MSG : Unsupported JPEG process: SOF type 0xc3Could not create asset from Assets/_Game/EditorReports/Walking5_Extracted/embedded_86.jpg: File could not be read
 -> (artifact id: 'ca1cf99a46c4a1c017bf58cc6a82c50d') in 0.0109038 seconds
Start importing Assets/_Game/EditorReports/Walking5_Extracted/embedded_38.jpg using Guid(c5760af95bd8e8f409948cb32f4f90f2) (TextureImporter)FREEIMAGE MSG : Corrupt JPEG data: 426 extraneous bytes before marker 0xfcFREEIMAGE MSG : Unsupported marker type 0xfcFREEIMAGE MSG : Unsupported marker type 0xbaFREEIMAGE MSG : Unsupported marker type 0x54FREEIMAGE MSG : Unsupported JPEG process: SOF type 0xc8Could not create asset from Assets/_Game/EditorReports/Walking5_Extracted/embedded_38.jpg: File could not be read
 -> (artifact id: 'ef0ace5e9dfe586759395b43af28e85c') in 0.0109015 seconds
Start importing Assets/_Game/EditorReports/Walking5_Extracted/embedded_60.jpg using Guid(e5e1c1c70e5f6de4a898a90bd9ff2bdd) (TextureImporter)FREEIMAGE MSG : Corrupt JPEG data: 189 extraneous bytes before marker 0x1aFREEIMAGE MSG : Unsupported marker type 0x1aFREEIMAGE MSG : JPEG datastream contains no imageCould not create asset from Assets/_Game/EditorReports/Walking5_Extracted/embedded_60.jpg: File could not be read
 -> (artifact id: 'ebd1ebd5e4ba67c67fbfaa5f97c1a692') in 0.0106371 seconds
Start importing Assets/_Game/EditorReports/Walking5_Extracted/embedded_87.jpg using Guid(f5facf52637baae4584c29e9217bb338) (TextureImporter)FREEIMAGE MSG : Corrupt JPEG data: 52 extraneous bytes before marker 0x95FREEIMAGE MSG : Unsupported marker type 0x95FREEIMAGE MSG : Unsupported marker type 0xb6FREEIMAGE MSG : Unsupported marker type 0x46FREEIMAGE MSG : Unsupported marker type 0x93FREEIMAGE MSG : Unsupported marker type 0xf7FREEIMAGE MSG : Unsupported marker type 0x03FREEIMAGE MSG : Bogus marker lengthCould not create asset from Assets/_Game/EditorReports/Walking5_Extracted/embedded_87.jpg: File could not be read
 -> (artifact id: '5cf8d377c97755cc1e3351bc5c1a46dd') in 0.010853 seconds
Start importing Assets/_Game/EditorReports/Walking5_Extracted/embedded_95.jpg using Guid(0694c4dd2b310d744a70eccccedf601b) (TextureImporter)FREEIMAGE MSG : Corrupt JPEG data: 2 extraneous bytes before marker 0x28FREEIMAGE MSG : Unsupported marker type 0x28FREEIMAGE MSG : Unsupported marker type 0xb7FREEIMAGE MSG : Unsupported marker type 0x13FREEIMAGE MSG : Unsupported marker type 0x3eFREEIMAGE MSG : Unsupported marker type 0x4fFREEIMAGE MSG : Invalid JPEG file structure: LSE before SOFCould not create asset from Assets/_Game/EditorReports/Walking5_Extracted/embedded_95.jpg: File could not be read
 -> (artifact id: '9334a9423f87518d8959a158fd729ea5') in 0.0120798 seconds
Start importing Assets/_Game/EditorReports/Walking5_Extracted/embedded_61.jpg using Guid(56d7b74d055ccd445abaafa59fbdd758) (TextureImporter)FREEIMAGE MSG : Corrupt JPEG data: 808 extraneous bytes before marker 0x9bFREEIMAGE MSG : Unsupported marker type 0x9bFREEIMAGE MSG : Unsupported marker type 0xbeFREEIMAGE MSG : Unsupported marker type 0x6eFREEIMAGE MSG : JPEG datastream contains no imageCould not create asset from Assets/_Game/EditorReports/Walking5_Extracted/embedded_61.jpg: File could not be read
 -> (artifact id: 'c76e194cffa3952012e1955a5b222ff5') in 0.0127451 seconds
Start importing Assets/_Game/EditorReports/Walking5_Extracted/embedded_13.jpg using Guid(86c5eb497c29acc41b6ccac4912220de) (TextureImporter)FREEIMAGE MSG : Corrupt JPEG data: 96 extraneous bytes before marker 0xd5FREEIMAGE MSG : Unsupported marker type 0x10FREEIMAGE MSG : Unsupported marker type 0x5eFREEIMAGE MSG : Unsupported marker type 0xa5FREEIMAGE MSG : Bogus marker lengthCould not create asset from Assets/_Game/EditorReports/Walking5_Extracted/embedded_13.jpg: File could not be read
 -> (artifact id: 'de9eb2515c4cb2822219bf50e689fa07') in 0.0117151 seconds
Start importing Assets/_Game/EditorReports/Walking5_Extracted/embedded_67.jpg using Guid(8606bd53fd6d34848995b89286d06aeb) (TextureImporter)FREEIMAGE MSG : Corrupt JPEG data: 73 extraneous bytes before marker 0xb7FREEIMAGE MSG : Unsupported marker type 0xb7FREEIMAGE MSG : Unsupported marker type 0x49FREEIMAGE MSG : Unsupported marker type 0x36FREEIMAGE MSG : Unsupported marker type 0xacFREEIMAGE MSG : Unsupported marker type 0x83FREEIMAGE MSG : Unsupported marker type 0x5fFREEIMAGE MSG : Unsupported marker type 0xf2FREEIMAGE MSG : Unsupported marker type 0x58FREEIMAGE MSG : Unsupported marker type 0x85FREEIMAGE MSG : Unsupported marker type 0xaaFREEIMAGE MSG : Bogus marker lengthCould not create asset from Assets/_Game/EditorReports/Walking5_Extracted/embedded_67.jpg: File could not be read
 -> (artifact id: '78fa9fc190f9ac410eae9350438821b3') in 0.0109222 seconds
Start importing Assets/_Game/EditorReports/Walking5_Extracted/embedded_77.jpg using Guid(076c894cf35c03e49bd341e7ccf42d88) (TextureImporter)FREEIMAGE MSG : Corrupt JPEG data: 83 extraneous bytes before marker 0x2cFREEIMAGE MSG : Unsupported marker type 0x2cFREEIMAGE MSG : Unsupported marker type 0xb8FREEIMAGE MSG : Unsupported marker type 0xf7FREEIMAGE MSG : Unsupported marker type 0x1cFREEIMAGE MSG : Unsupported marker type 0x97FREEIMAGE MSG : Unsupported marker type 0x7aFREEIMAGE MSG : Unsupported marker type 0x97FREEIMAGE MSG : Unsupported marker type 0xbdFREEIMAGE MSG : Unsupported marker type 0xadFREEIMAGE MSG : Unsupported marker type 0x1dFREEIMAGE MSG : Unsupported marker type 0x8cFREEIMAGE MSG : Unsupported marker type 0xa2FREEIMAGE MSG : Unsupported marker type 0x9aFREEIMAGE MSG : Unsupported marker type 0xbfFREEIMAGE MSG : Unsupported marker type 0x61FREEIMAGE MSG : Unsupported marker type 0x52FREEIMAGE MSG : Unsupported marker type 0x35FREEIMAGE MSG : Unsupported marker type 0x55FREEIMAGE MSG : Unsupported marker type 0x1fFREEIMAGE MSG : Unsupported marker type 0xb0FREEIMAGE MSG : Unsupported marker type 0x28FREEIMAGE MSG : Unsupported marker type 0x2cFREEIMAGE MSG : Unsupported marker type 0x94FREEIMAGE MSG : Unsupported marker type 0x8dFREEIMAGE MSG : Unsupported marker type 0x8bFREEIMAGE MSG : Unsupported marker type 0xa5FREEIMAGE MSG : Unsupported marker type 0xb5FREEIMAGE MSG : Unsupported marker type 0x76FREEIMAGE MSG : Unsupported marker type 0x60FREEIMAGE MSG : Unsupported marker type 0x2aFREEIMAGE MSG : Unsupported marker type 0x88FREEIMAGE MSG : Unsupported marker type 0x8cFREEIMAGE MSG : Unsupported marker type 0x9cFREEIMAGE MSG : Unsupported marker type 0x0eFREEIMAGE MSG : Unsupported marker type 0xbfFREEIMAGE MSG : JPEG datastream contains no imageCould not create asset from Assets/_Game/EditorReports/Walking5_Extracted/embedded_77.jpg: File could not be read
 -> (artifact id: '6393b02636101337ff99b78f4f655ea5') in 0.0126666 seconds
Start importing Assets/_Game/EditorReports/Walking5_Extracted/embedded_58.jpg using Guid(079f58913e232d64f9f0145d87b8c791) (TextureImporter)FREEIMAGE MSG : Corrupt JPEG data: 127 extraneous bytes before marker 0xc0FREEIMAGE MSG : Bogus marker lengthCould not create asset from Assets/_Game/EditorReports/Walking5_Extracted/embedded_58.jpg: File could not be read
 -> (artifact id: '81f54286f982ccad896769a08a1c2fe8') in 0.0105478 seconds
Start importing Assets/_Game/EditorReports/Walking5_Extracted/embedded_74.jpg using Guid(27d9cedbfcd1d70499bb61c975ca4a11) (TextureImporter)FREEIMAGE MSG : Corrupt JPEG data: 299 extraneous bytes before marker 0x62FREEIMAGE MSG : Unsupported marker type 0x62FREEIMAGE MSG : Unsupported marker type 0x0cFREEIMAGE MSG : Unsupported marker type 0x6dFREEIMAGE MSG : Unsupported marker type 0xfdFREEIMAGE MSG : Unsupported marker type 0xbfFREEIMAGE MSG : Unsupported marker type 0xbfFREEIMAGE MSG : Unsupported marker type 0x1cFREEIMAGE MSG : Unsupported marker type 0xadFREEIMAGE MSG : Unsupported marker type 0x53FREEIMAGE MSG : Unsupported marker type 0x7dFREEIMAGE MSG : Unsupported marker type 0xa0FREEIMAGE MSG : Unsupported marker type 0xacFREEIMAGE MSG : Unsupported marker type 0x09FREEIMAGE MSG : Unsupported marker type 0x37FREEIMAGE MSG : Unsupported marker type 0x8bFREEIMAGE MSG : Unsupported marker type 0x31FREEIMAGE MSG : Unsupported marker type 0x11FREEIMAGE MSG : Unsupported marker type 0x04FREEIMAGE MSG : Unsupported marker type 0x2fFREEIMAGE MSG : Unsupported marker type 0x58FREEIMAGE MSG : Unsupported marker type 0x02FREEIMAGE MSG : Unsupported marker type 0x79FREEIMAGE MSG : Unsupported marker type 0x4cFREEIMAGE MSG : JPEG datastream contains no imageCould not create asset from Assets/_Game/EditorReports/Walking5_Extracted/embedded_74.jpg: File could not be read
 -> (artifact id: 'b0102aaf425bc97c5afe5ba8cae7bf21') in 0.012302 seconds
Start importing Assets/_Game/EditorReports/Walking5_Extracted/embedded_12.jpg using Guid(277ac1d9da7b7344f8ca8c026187adbc) (TextureImporter)FREEIMAGE MSG : Corrupt JPEG data: 225 extraneous bytes before marker 0xf6FREEIMAGE MSG : Unsupported marker type 0xf6FREEIMAGE MSG : Unsupported marker type 0x58FREEIMAGE MSG : Unsupported marker type 0x52FREEIMAGE MSG : Unsupported marker type 0x76FREEIMAGE MSG : Unsupported marker type 0x8fFREEIMAGE MSG : Unsupported marker type 0x0aFREEIMAGE MSG : Unsupported marker type 0x19FREEIMAGE MSG : Unsupported marker type 0x42FREEIMAGE MSG : Unsupported marker type 0xa8FREEIMAGE MSG : Unsupported marker type 0x76FREEIMAGE MSG : Unsupported marker type 0xb9FREEIMAGE MSG : Unsupported JPEG process: SOF type 0xcbCould not create asset from Assets/_Game/EditorReports/Walking5_Extracted/embedded_12.jpg: File could not be read
 -> (artifact id: '70732b339cdac7bf74ad522443d22eaf') in 0.0127468 seconds
Start importing Assets/_Game/EditorReports/Walking5_Extracted/embedded_92.jpg using Guid(37c81888d966a624dbb69a94f38d95e3) (TextureImporter)FREEIMAGE MSG : Corrupt JPEG data: 91 extraneous bytes before marker 0xaeFREEIMAGE MSG : Unsupported marker type 0xaeFREEIMAGE MSG : Unsupported marker type 0xacFREEIMAGE MSG : Invalid JPEG file structure: SOS before SOFCould not create asset from Assets/_Game/EditorReports/Walking5_Extracted/embedded_92.jpg: File could not be read
 -> (artifact id: '47a13da901006c0887470c3db710d833') in 0.010183 seconds
Start importing Assets/_Game/EditorReports/Walking5_Extracted/embedded_47.jpg using Guid(579837b6d94c365428b8d0c5bf8c0fc5) (TextureImporter)FREEIMAGE MSG : Corrupt JPEG data: 39 extraneous bytes before marker 0x67FREEIMAGE MSG : Unsupported marker type 0x67FREEIMAGE MSG : Unsupported marker type 0x80FREEIMAGE MSG : Unsupported marker type 0x4cFREEIMAGE MSG : Unsupported marker type 0x21FREEIMAGE MSG : Invalid JPEG file structure: two SOI markersCould not create asset from Assets/_Game/EditorReports/Walking5_Extracted/embedded_47.jpg: File could not be read
 -> (artifact id: '36ed4e91c213985e7cdc51a9a1d4b939') in 0.0112133 seconds
Start importing Assets/_Game/EditorReports/Walking5_Extracted/embedded_94.jpg using Guid(67cdcb9ccc7d50c4089746bf2206a895) (TextureImporter)FREEIMAGE MSG : Corrupt JPEG data: 54 extraneous bytes before marker 0x4eFREEIMAGE MSG : Unsupported marker type 0x4eFREEIMAGE MSG : Unsupported marker type 0x86FREEIMAGE MSG : Unsupported marker type 0x08FREEIMAGE MSG : Unsupported marker type 0x66FREEIMAGE MSG : Bogus marker lengthCould not create asset from Assets/_Game/EditorReports/Walking5_Extracted/embedded_94.jpg: File could not be read
 -> (artifact id: '2590552d7d95c0837b494f953602140c') in 0.0110526 seconds
Start importing Assets/_Game/EditorReports/Walking5_Extracted/embedded_27.jpg using Guid(087859eddabbce34280d9bbf777a8eba) (TextureImporter)FREEIMAGE MSG : Corrupt JPEG data: 20 extraneous bytes before marker 0x0bFREEIMAGE MSG : Unsupported marker type 0x0bFREEIMAGE MSG : Unsupported marker type 0xf7FREEIMAGE MSG : Unsupported marker type 0x77FREEIMAGE MSG : Unsupported marker type 0xb6FREEIMAGE MSG : Unsupported marker type 0x5dFREEIMAGE MSG : Unsupported marker type 0x58FREEIMAGE MSG : Unsupported marker type 0xb9FREEIMAGE MSG : Unsupported marker type 0x0aFREEIMAGE MSG : Unsupported marker type 0x67FREEIMAGE MSG : Unsupported marker type 0x84FREEIMAGE MSG : Unsupported marker type 0x57FREEIMAGE MSG : Unsupported marker type 0x7aFREEIMAGE MSG : Unsupported marker type 0x6eFREEIMAGE MSG : Unsupported marker type 0xa0FREEIMAGE MSG : Unsupported marker type 0x8eFREEIMAGE MSG : Unsupported marker type 0x5eFREEIMAGE MSG : Unsupported marker type 0x57FREEIMAGE MSG : Unsupported marker type 0x60FREEIMAGE MSG : Unsupported marker type 0x5bFREEIMAGE MSG : Unsupported marker type 0x13FREEIMAGE MSG : Unsupported marker type 0x7bFREEIMAGE MSG : Unsupported marker type 0xa8FREEIMAGE MSG : Unsupported marker type 0x85FREEIMAGE MSG : Unsupported marker type 0xb1FREEIMAGE MSG : Unsupported JPEG process: SOF type 0xcfCould not create asset from Assets/_Game/EditorReports/Walking5_Extracted/embedded_27.jpg: File could not be read
 -> (artifact id: '9100424a6107afe9418a80e8b47d576f') in 0.0125275 seconds
Start importing Assets/_Game/EditorReports/Walking5_Extracted/embedded_18.jpg using Guid(48b486f83984643418ffc86cc2ff2769) (TextureImporter)FREEIMAGE MSG : Corrupt JPEG data: 117 extraneous bytes before marker 0xaaFREEIMAGE MSG : Unsupported marker type 0xaaFREEIMAGE MSG : Unsupported marker type 0x94FREEIMAGE MSG : Unsupported marker type 0x19FREEIMAGE MSG : Unsupported marker type 0xa9FREEIMAGE MSG : Unsupported marker type 0x76FREEIMAGE MSG : Unsupported marker type 0x40FREEIMAGE MSG : Unsupported marker type 0xf6FREEIMAGE MSG : Unsupported marker type 0x0bFREEIMAGE MSG : Unsupported JPEG process: SOF type 0xc3Could not create asset from Assets/_Game/EditorReports/Walking5_Extracted/embedded_18.jpg: File could not be read
 -> (artifact id: 'afe58f4e34f841aee99aefec78cebbcd') in 0.0119103 seconds
Start importing Assets/_Game/EditorReports/Walking5_Extracted/embedded_44.jpg using Guid(58811d00e3286664d8db1c7493bb2549) (TextureImporter)FREEIMAGE MSG : Corrupt JPEG data: 61 extraneous bytes before marker 0x09FREEIMAGE MSG : Unsupported marker type 0x09FREEIMAGE MSG : Unsupported marker type 0x25FREEIMAGE MSG : JPEG datastream contains no imageCould not create asset from Assets/_Game/EditorReports/Walking5_Extracted/embedded_44.jpg: File could not be read
 -> (artifact id: 'eef1fc30f749f95d73b7214cadea9d57') in 0.0133039 seconds
Start importing Assets/_Game/EditorReports/Walking5_Extracted/embedded_39.jpg using Guid(a8b2dfe878f98524f9b6cad7dd05b262) (TextureImporter)FREEIMAGE MSG : Corrupt JPEG data: 753 extraneous bytes before marker 0x7aFREEIMAGE MSG : Unsupported marker type 0x7aFREEIMAGE MSG : Unsupported marker type 0xb8FREEIMAGE MSG : Unsupported marker type 0x02FREEIMAGE MSG : Unsupported marker type 0x48FREEIMAGE MSG : Unsupported marker type 0x5cFREEIMAGE MSG : Unsupported marker type 0x1dFREEIMAGE MSG : Unsupported JPEG process: SOF type 0xceCould not create asset from Assets/_Game/EditorReports/Walking5_Extracted/embedded_39.jpg: File could not be read
 -> (artifact id: '3b6d0a34956304909e19a5e280b23739') in 0.0118468 seconds
Start importing Assets/_Game/EditorReports/Walking5_Extracted/embedded_25.jpg using Guid(f892ec2293aeaf140a1d445dce60777c) (TextureImporter)FREEIMAGE MSG : Corrupt JPEG data: 27 extraneous bytes before marker 0x4eFREEIMAGE MSG : Unsupported marker type 0x4eFREEIMAGE MSG : Unsupported marker type 0x92FREEIMAGE MSG : Unsupported marker type 0x4dFREEIMAGE MSG : JPEG datastream contains no imageCould not create asset from Assets/_Game/EditorReports/Walking5_Extracted/embedded_25.jpg: File could not be read
 -> (artifact id: '834512401ae2433c75feaf111ac77d3e') in 0.0114864 seconds
Start importing Assets/_Game/EditorReports/Walking5_Extracted/embedded_83.jpg using Guid(f85ec248d136bb1458e864ab65ba2304) (TextureImporter)FREEIMAGE MSG : Corrupt JPEG data: 201 extraneous bytes before marker 0x2dFREEIMAGE MSG : Unsupported marker type 0x2dFREEIMAGE MSG : Bogus marker lengthCould not create asset from Assets/_Game/EditorReports/Walking5_Extracted/embedded_83.jpg: File could not be read
 -> (artifact id: '0bc86f19df139b9c54d6860f1d064bba') in 0.0122701 seconds
Start importing Assets/_Game/EditorReports/Walking5_Extracted/embedded_41.jpg using Guid(7953745dabe7afe429e8cd90f2eda3ea) (TextureImporter)FREEIMAGE MSG : Corrupt JPEG data: 39 extraneous bytes before marker 0xbeFREEIMAGE MSG : Unsupported marker type 0xbeFREEIMAGE MSG : JPEG datastream contains no imageCould not create asset from Assets/_Game/EditorReports/Walking5_Extracted/embedded_41.jpg: File could not be read
 -> (artifact id: 'cf78c57811deac68bd91e8dcb91c1ea2') in 0.011444 seconds
Start importing Assets/_Game/EditorReports/Walking5_Extracted/embedded_50.jpg using Guid(7917ce1dd80edd14cb34dde118f53635) (TextureImporter)FREEIMAGE MSG : Corrupt JPEG data: 75 extraneous bytes before marker 0x7aFREEIMAGE MSG : Unsupported marker type 0x7aFREEIMAGE MSG : Unsupported marker type 0xf5FREEIMAGE MSG : Unsupported marker type 0xacFREEIMAGE MSG : Unsupported marker type 0xa0FREEIMAGE MSG : Unsupported marker type 0xf4FREEIMAGE MSG : Unsupported marker type 0xdfFREEIMAGE MSG : Unsupported marker type 0x52FREEIMAGE MSG : Unsupported JPEG process: SOF type 0xceCould not create asset from Assets/_Game/EditorReports/Walking5_Extracted/embedded_50.jpg: File could not be read
 -> (artifact id: 'a5d39209ea5ccdd5487d83974f519f38') in 0.0109396 seconds
Start importing Assets/_Game/EditorReports/Walking5_Extracted/embedded_40.jpg using Guid(89f461c899b6ddc49ac00affbac5a48d) (TextureImporter)FREEIMAGE MSG : Corrupt JPEG data: 518 extraneous bytes before marker 0x71FREEIMAGE MSG : Unsupported marker type 0x71FREEIMAGE MSG : Unsupported marker type 0x7aFREEIMAGE MSG : Unsupported marker type 0x71FREEIMAGE MSG : Unsupported marker type 0xdeFREEIMAGE MSG : Unsupported marker type 0xfaFREEIMAGE MSG : Unsupported marker type 0xbdFREEIMAGE MSG : Unsupported marker type 0xfaFREEIMAGE MSG : JPEG datastream contains no imageCould not create asset from Assets/_Game/EditorReports/Walking5_Extracted/embedded_40.jpg: File could not be read
 -> (artifact id: 'b658737249eef0cc653237fe4a013e2e') in 0.011655 seconds
Start importing Assets/_Game/EditorReports/Walking5_Extracted/embedded_93.jpg using Guid(a981dee259922db40a1ae1a4ddd399e6) (TextureImporter)FREEIMAGE MSG : Corrupt JPEG data: 343 extraneous bytes before marker 0x36FREEIMAGE MSG : Unsupported marker type 0x36FREEIMAGE MSG : Unsupported marker type 0xa7FREEIMAGE MSG : Unsupported marker type 0x27FREEIMAGE MSG : Unsupported marker type 0x35FREEIMAGE MSG : Unsupported marker type 0x85FREEIMAGE MSG : Unsupported marker type 0xdeFREEIMAGE MSG : Unsupported marker type 0x7bFREEIMAGE MSG : Unsupported marker type 0xf6FREEIMAGE MSG : Unsupported marker type 0x3eFREEIMAGE MSG : Unsupported marker type 0x21FREEIMAGE MSG : Bogus marker lengthCould not create asset from Assets/_Game/EditorReports/Walking5_Extracted/embedded_93.jpg: File could not be read
 -> (artifact id: 'bc413aff961696d700b14b20971b998d') in 0.0118601 seconds
Start importing Assets/_Game/EditorReports/Walking5_Extracted/embedded_55.jpg using Guid(b9bc3f66ce0cd6743aa6e7859fc3319e) (TextureImporter)FREEIMAGE MSG : Corrupt JPEG data: 9 extraneous bytes before marker 0xd8FREEIMAGE MSG : Invalid JPEG file structure: two SOI markersCould not create asset from Assets/_Game/EditorReports/Walking5_Extracted/embedded_55.jpg: File could not be read
 -> (artifact id: '730abcff711c350fe137b7977771ccf6') in 0.0116027 seconds
Start importing Assets/_Game/EditorReports/Walking5_Extracted/embedded_97.jpg using Guid(c9a4ca4deab94d74ca4e84770b9a0834) (TextureImporter)FREEIMAGE MSG : Corrupt JPEG data: 171 extraneous bytes before marker 0xe6FREEIMAGE MSG : Unsupported marker type 0x12FREEIMAGE MSG : Unsupported marker type 0x77FREEIMAGE MSG : Unsupported marker type 0xb9FREEIMAGE MSG : Unsupported marker type 0x87FREEIMAGE MSG : Unsupported marker type 0x69FREEIMAGE MSG : Unsupported marker type 0x14FREEIMAGE MSG : Unsupported marker type 0x42FREEIMAGE MSG : Unsupported marker type 0x75FREEIMAGE MSG : Unsupported marker type 0x08FREEIMAGE MSG : Unsupported marker type 0x2dFREEIMAGE MSG : Bogus marker lengthCould not create asset from Assets/_Game/EditorReports/Walking5_Extracted/embedded_97.jpg: File could not be read
 -> (artifact id: '4810cfdf208276545c70ca438c1ead5e') in 0.012522 seconds
Start importing Assets/_Game/EditorReports/Walking5_Extracted/embedded_2.jpg using Guid(d90696cf00b592344ab75480aed589dd) (TextureImporter)FREEIMAGE MSG : Corrupt JPEG data: 65 extraneous bytes before marker 0xfdFREEIMAGE MSG : Unsupported marker type 0xfdFREEIMAGE MSG : Unsupported marker type 0x2fFREEIMAGE MSG : Unsupported marker type 0x4bFREEIMAGE MSG : Unsupported marker type 0x92FREEIMAGE MSG : Unsupported marker type 0x79FREEIMAGE MSG : Unsupported marker type 0x2eFREEIMAGE MSG : Unsupported marker type 0x22FREEIMAGE MSG : Unsupported marker type 0x2fFREEIMAGE MSG : JPEG datastream contains no imageCould not create asset from Assets/_Game/EditorReports/Walking5_Extracted/embedded_2.jpg: File could not be read
 -> (artifact id: '1f7ebab88e8fa0849bc0f490e9bf7b94') in 0.0112166 seconds
Start importing Assets/_Game/EditorReports/Walking5_Extracted/embedded_57.jpg using Guid(e9ee6c70b3bdebd47a522938d301dbad) (TextureImporter)FREEIMAGE MSG : Corrupt JPEG data: 129 extraneous bytes before marker 0xfdFREEIMAGE MSG : Unsupported marker type 0xfdFREEIMAGE MSG : Unsupported marker type 0x48FREEIMAGE MSG : Unsupported marker type 0x81FREEIMAGE MSG : Unsupported JPEG process: SOF type 0xceCould not create asset from Assets/_Game/EditorReports/Walking5_Extracted/embedded_57.jpg: File could not be read
 -> (artifact id: '9e5bca1a081c815922e9b81537e4ede2') in 0.0086266 seconds
Start importing Assets/_Game/EditorReports/Walking5_Extracted/embedded_56.jpg using Guid(1a428cfcfaffcdc4d95efe668cb06375) (TextureImporter)FREEIMAGE MSG : Corrupt JPEG data: 29 extraneous bytes before marker 0x1bFREEIMAGE MSG : Unsupported marker type 0x1bFREEIMAGE MSG : Bogus DAC index 63Could not create asset from Assets/_Game/EditorReports/Walking5_Extracted/embedded_56.jpg: File could not be read
 -> (artifact id: 'a2e5307521024d066bc078a1eeb15fbd') in 0.0109084 seconds
Start importing Assets/_Game/EditorReports/Walking5_Extracted/embedded_19.jpg using Guid(2ae7004bc239d244aa05c3129fa3fa20) (TextureImporter)FREEIMAGE MSG : Corrupt JPEG data: 109 extraneous bytes before marker 0x05FREEIMAGE MSG : Unsupported marker type 0x05FREEIMAGE MSG : Unsupported marker type 0x75FREEIMAGE MSG : Unsupported marker type 0x51FREEIMAGE MSG : Unsupported marker type 0x55FREEIMAGE MSG : Unsupported marker type 0x2cFREEIMAGE MSG : Unsupported marker type 0x04FREEIMAGE MSG : Unsupported marker type 0x25FREEIMAGE MSG : Unsupported marker type 0xa7FREEIMAGE MSG : Unsupported marker type 0xa8FREEIMAGE MSG : Unsupported marker type 0xb9FREEIMAGE MSG : Unsupported marker type 0x35FREEIMAGE MSG : Unsupported marker type 0x0dFREEIMAGE MSG : Unsupported marker type 0xbbFREEIMAGE MSG : Unsupported marker type 0x0eFREEIMAGE MSG : Unsupported marker type 0x88FREEIMAGE MSG : Unsupported marker type 0x5bFREEIMAGE MSG : Unsupported marker type 0x39FREEIMAGE MSG : Unsupported marker type 0x12FREEIMAGE MSG : Unsupported marker type 0xb0FREEIMAGE MSG : Unsupported marker type 0x95FREEIMAGE MSG : Unsupported marker type 0x30FREEIMAGE MSG : Unsupported marker type 0x8aFREEIMAGE MSG : Unsupported marker type 0xb3FREEIMAGE MSG : Bogus marker lengthCould not create asset from Assets/_Game/EditorReports/Walking5_Extracted/embedded_19.jpg: File could not be read
 -> (artifact id: 'ed692cfb04343de131007137976b40a9') in 0.0100593 seconds
Start importing Assets/_Game/EditorReports/Walking5_Extracted/embedded_76.jpg using Guid(3ad2ccecea6c7144c86624bcc1a7da75) (TextureImporter)FREEIMAGE MSG : Corrupt JPEG data: 147 extraneous bytes before marker 0x16FREEIMAGE MSG : Unsupported marker type 0x16FREEIMAGE MSG : Bogus marker lengthCould not create asset from Assets/_Game/EditorReports/Walking5_Extracted/embedded_76.jpg: File could not be read
 -> (artifact id: '829f2c9e1faef19411e45ce9e8385fc8') in 0.0121775 seconds
Start importing Assets/_Game/EditorReports/Walking5_Extracted/embedded_90.jpg using Guid(3ac7d2d3f97aa6842be7a201c0c7271c) (TextureImporter)FREEIMAGE MSG : Corrupt JPEG data: 276 extraneous bytes before marker 0xc7FREEIMAGE MSG : Unsupported JPEG process: SOF type 0xc7Could not create asset from Assets/_Game/EditorReports/Walking5_Extracted/embedded_90.jpg: File could not be read
 -> (artifact id: 'f9ab0584dd3540938bccdd0d944187e4') in 0.0113949 seconds
Start importing Assets/_Game/EditorReports/Walking5_Extracted/embedded_88.jpg using Guid(9a1164714ac2d1743816b83af124aa7c) (TextureImporter)FREEIMAGE MSG : Corrupt JPEG data: 97 extraneous bytes before marker 0xe8FREEIMAGE MSG : JPEG datastream contains no imageCould not create asset from Assets/_Game/EditorReports/Walking5_Extracted/embedded_88.jpg: File could not be read
 -> (artifact id: 'f9886cf50bf853d6f603de570af45eb2') in 0.0133984 seconds
Start importing Assets/_Game/EditorReports/Walking5_Extracted/embedded_31.jpg using Guid(aa748106175d16346a77da72c5d83837) (TextureImporter)FREEIMAGE MSG : Corrupt JPEG data: 57 extraneous bytes before marker 0x52FREEIMAGE MSG : Unsupported marker type 0x52FREEIMAGE MSG : Unsupported marker type 0x7bFREEIMAGE MSG : Unsupported marker type 0xfbFREEIMAGE MSG : Unsupported marker type 0x6fFREEIMAGE MSG : Unsupported marker type 0x13FREEIMAGE MSG : Unsupported marker type 0x28FREEIMAGE MSG : Unsupported marker type 0xa9FREEIMAGE MSG : JPEG datastream contains no imageCould not create asset from Assets/_Game/EditorReports/Walking5_Extracted/embedded_31.jpg: File could not be read
 -> (artifact id: '5ea57bb93fd71edeb35c6125ac43f8e0') in 0.0113156 seconds
Start importing Assets/_Game/EditorReports/Walking5_Extracted/embedded_9.jpg using Guid(ea7181ef0a101f74bb4d8ace46013df3) (TextureImporter)FREEIMAGE MSG : Corrupt JPEG data: 81 extraneous bytes before marker 0xc7FREEIMAGE MSG : Unsupported JPEG process: SOF type 0xc7Could not create asset from Assets/_Game/EditorReports/Walking5_Extracted/embedded_9.jpg: File could not be read
 -> (artifact id: '928e05e3a9dcd0130ca3b73ee7405552') in 0.0101767 seconds
Start importing Assets/_Game/EditorReports/Walking5_Extracted/embedded_24.jpg using Guid(3bdd838585f7e1040af4882f73fab078) (TextureImporter)FREEIMAGE MSG : Corrupt JPEG data: 257 extraneous bytes before marker 0x3bFREEIMAGE MSG : Unsupported marker type 0x3bFREEIMAGE MSG : Unsupported marker type 0xa7FREEIMAGE MSG : Unsupported marker type 0x8bFREEIMAGE MSG : Bogus marker lengthCould not create asset from Assets/_Game/EditorReports/Walking5_Extracted/embedded_24.jpg: File could not be read
 -> (artifact id: '1cc473bcf8fb06d0984974df45a327a1') in 0.0101353 seconds
Start importing Assets/_Game/EditorReports/Walking5_Extracted/embedded_14.jpg using Guid(4bf20232b64597b4783bd2c21ebee5ea) (TextureImporter)FREEIMAGE MSG : Corrupt JPEG data: 23 extraneous bytes before marker 0xccFREEIMAGE MSG : Bogus DAC index 59Could not create asset from Assets/_Game/EditorReports/Walking5_Extracted/embedded_14.jpg: File could not be read
 -> (artifact id: '86194346212228ebd7551194c60a6629') in 0.0108528 seconds
Start importing Assets/_Game/EditorReports/Walking5_Extracted/embedded_29.jpg using Guid(9bd379593bb88614c9cfcc11ab4542ae) (TextureImporter)FREEIMAGE MSG : Corrupt JPEG data: 41 extraneous bytes before marker 0x3dFREEIMAGE MSG : Unsupported marker type 0x3dFREEIMAGE MSG : Unsupported marker type 0x7dFREEIMAGE MSG : Unsupported marker type 0x3dFREEIMAGE MSG : Unsupported marker type 0x0bFREEIMAGE MSG : Unsupported marker type 0x54FREEIMAGE MSG : Unsupported marker type 0xbdFREEIMAGE MSG : Unsupported marker type 0x31FREEIMAGE MSG : Unsupported marker type 0xa5FREEIMAGE MSG : Unsupported marker type 0x5aFREEIMAGE MSG : Unsupported JPEG process: SOF type 0xceCould not create asset from Assets/_Game/EditorReports/Walking5_Extracted/embedded_29.jpg: File could not be read
 -> (artifact id: 'b10da3ef4beb0bc6b6c74995c57c770d') in 0.0111572 seconds
Start importing Assets/_Game/EditorReports/Walking5_Extracted/embedded_81.jpg using Guid(ab5fbaddf71b43a4a80cf866e836132a) (TextureImporter)FREEIMAGE MSG : Corrupt JPEG data: 20 extraneous bytes before marker 0xc4FREEIMAGE MSG : Bogus Huffman table definitionCould not create asset from Assets/_Game/EditorReports/Walking5_Extracted/embedded_81.jpg: File could not be read
 -> (artifact id: 'a1de9c5f309a3f6cf321bd346b9b028a') in 0.0104864 seconds
Start importing Assets/_Game/EditorReports/Walking5_Extracted/embedded_11.jpg using Guid(bbd62e2af01f86644874856065548cbb) (TextureImporter)FREEIMAGE MSG : Corrupt JPEG data: 622 extraneous bytes before marker 0x1dFREEIMAGE MSG : Unsupported marker type 0x1dFREEIMAGE MSG : Unsupported marker type 0x0aFREEIMAGE MSG : Unsupported marker type 0xb6FREEIMAGE MSG : Unsupported marker type 0x16FREEIMAGE MSG : Unsupported JPEG process: SOF type 0xceCould not create asset from Assets/_Game/EditorReports/Walking5_Extracted/embedded_11.jpg: File could not be read
 -> (artifact id: '285e92ca455c5d8926253acfaaffbbf7') in 0.0104843 seconds
Start importing Assets/_Game/EditorReports/Walking5_Extracted/embedded_53.jpg using Guid(bb58ca3ed8106644481e35cf88669a3a) (TextureImporter)FREEIMAGE MSG : Corrupt JPEG data: 128 extraneous bytes before marker 0x7cFREEIMAGE MSG : Unsupported marker type 0x7cFREEIMAGE MSG : Unsupported marker type 0xf9FREEIMAGE MSG : Unsupported marker type 0x7fFREEIMAGE MSG : Unsupported marker type 0x93FREEIMAGE MSG : Unsupported marker type 0xfaFREEIMAGE MSG : Unsupported marker type 0x25FREEIMAGE MSG : Unsupported marker type 0xf4FREEIMAGE MSG : Unsupported marker type 0xf1FREEIMAGE MSG : Unsupported marker type 0x85FREEIMAGE MSG : Unsupported marker type 0x2bFREEIMAGE MSG : Unsupported marker type 0x84FREEIMAGE MSG : Unsupported marker type 0x05FREEIMAGE MSG : Unsupported marker type 0x09FREEIMAGE MSG : Unsupported marker type 0xdeFREEIMAGE MSG : Bogus marker lengthCould not create asset from Assets/_Game/EditorReports/Walking5_Extracted/embedded_53.jpg: File could not be read
 -> (artifact id: '801c02efd49add988981a748f4d82feb') in 0.011954 seconds
Start importing Assets/_Game/EditorReports/Walking5_Extracted/embedded_20.jpg using Guid(db9fcb631e53da748b0b370ad2758b98) (TextureImporter)FREEIMAGE MSG : Corrupt JPEG data: 25 extraneous bytes before marker 0x08FREEIMAGE MSG : Unsupported marker type 0x08FREEIMAGE MSG : Unsupported marker type 0xadFREEIMAGE MSG : Unsupported marker type 0x3dFREEIMAGE MSG : Unsupported marker type 0x3bFREEIMAGE MSG : Unsupported marker type 0x2dFREEIMAGE MSG : Unsupported marker type 0xb1FREEIMAGE MSG : Unsupported marker type 0x0cFREEIMAGE MSG : Unsupported marker type 0x29FREEIMAGE MSG : Unsupported marker type 0x78FREEIMAGE MSG : Unsupported marker type 0x5bFREEIMAGE MSG : Unsupported marker type 0x58FREEIMAGE MSG : Unsupported marker type 0x7bFREEIMAGE MSG : Unsupported marker type 0x9eFREEIMAGE MSG : Unsupported marker type 0x57FREEIMAGE MSG : Unsupported marker type 0x99FREEIMAGE MSG : Unsupported marker type 0x5bFREEIMAGE MSG : Unsupported marker type 0x09FREEIMAGE MSG : Unsupported marker type 0x05FREEIMAGE MSG : Unsupported marker type 0x9aFREEIMAGE MSG : JPEG datastream contains no imageCould not create asset from Assets/_Game/EditorReports/Walking5_Extracted/embedded_20.jpg: File could not be read
 -> (artifact id: 'f4203c30c57a770d3a84a6f62a901e24') in 0.0111581 seconds
Start importing Assets/_Game/EditorReports/Walking5_Extracted/embedded_23.jpg using Guid(eb0b624b7754a48458cdf13d28649aa3) (TextureImporter)FREEIMAGE MSG : Corrupt JPEG data: 45 extraneous bytes before marker 0x47FREEIMAGE MSG : Unsupported marker type 0x47FREEIMAGE MSG : Unsupported marker type 0x64FREEIMAGE MSG : Unsupported marker type 0x53FREEIMAGE MSG : Unsupported marker type 0x5cFREEIMAGE MSG : Unsupported marker type 0x25FREEIMAGE MSG : Unsupported marker type 0x6eFREEIMAGE MSG : Unsupported marker type 0xf0FREEIMAGE MSG : Unsupported marker type 0x6aFREEIMAGE MSG : Unsupported marker type 0x8aFREEIMAGE MSG : Unsupported marker type 0x73FREEIMAGE MSG : Unsupported marker type 0x38FREEIMAGE MSG : Unsupported marker type 0x26FREEIMAGE MSG : Unsupported marker type 0x26FREEIMAGE MSG : Unsupported marker type 0x58FREEIMAGE MSG : Unsupported marker type 0x0bFREEIMAGE MSG : JPEG datastream contains no imageCould not create asset from Assets/_Game/EditorReports/Walking5_Extracted/embedded_23.jpg: File could not be read
 -> (artifact id: '4cc89e117b248845324de4ced61b3974') in 0.0104313 seconds
Start importing Assets/_Game/EditorReports/Walking5_Extracted/embedded_0.jpg using Guid(4c6fb8c9d85354b4c83ce31cc3a13e0f) (TextureImporter)FREEIMAGE MSG : Corrupt JPEG data: 51 extraneous bytes before marker 0x0bFREEIMAGE MSG : Unsupported marker type 0x0bFREEIMAGE MSG : Unsupported marker type 0x91FREEIMAGE MSG : Unsupported marker type 0xa3FREEIMAGE MSG : Unsupported marker type 0xf9FREEIMAGE MSG : Unsupported marker type 0xa7FREEIMAGE MSG : Unsupported marker type 0xb9FREEIMAGE MSG : Unsupported marker type 0x38FREEIMAGE MSG : Unsupported marker type 0x78FREEIMAGE MSG : Unsupported marker type 0x38FREEIMAGE MSG : Unsupported marker type 0x83FREEIMAGE MSG : Unsupported marker type 0x15FREEIMAGE MSG : Unsupported JPEG process: SOF type 0xc7Could not create asset from Assets/_Game/EditorReports/Walking5_Extracted/embedded_0.jpg: File could not be read
 -> (artifact id: 'd8da20a621de52a4ffd3d5140b836a8b') in 0.0109357 seconds
Start importing Assets/_Game/EditorReports/Walking5_Extracted/embedded_36.jpg using Guid(7c8f54457df12b24485ba8db5e6c43bc) (TextureImporter)FREEIMAGE MSG : Corrupt JPEG data: 184 extraneous bytes before marker 0x50FREEIMAGE MSG : Unsupported marker type 0x50FREEIMAGE MSG : Unsupported JPEG process: SOF type 0xc3Could not create asset from Assets/_Game/EditorReports/Walking5_Extracted/embedded_36.jpg: File could not be read
 -> (artifact id: 'eca7837d4ad47f1373c35dd0a6c167bb') in 0.0094766 seconds
Start importing Assets/_Game/EditorReports/Walking5_Extracted/embedded_10.jpg using Guid(8ce479ce9b74d814f97a51665f5178a9) (TextureImporter)FREEIMAGE MSG : Corrupt JPEG data: 159 extraneous bytes before marker 0x14FREEIMAGE MSG : Unsupported marker type 0x14FREEIMAGE MSG : Unsupported marker type 0xb7FREEIMAGE MSG : Unsupported marker type 0x28FREEIMAGE MSG : Unsupported marker type 0x97FREEIMAGE MSG : Unsupported marker type 0xa5FREEIMAGE MSG : Unsupported marker type 0x25FREEIMAGE MSG : Unsupported marker type 0x9bFREEIMAGE MSG : Unsupported marker type 0xfaFREEIMAGE MSG : Unsupported marker type 0xabFREEIMAGE MSG : Unsupported marker type 0x20FREEIMAGE MSG : Unsupported marker type 0xadFREEIMAGE MSG : Bogus marker lengthCould not create asset from Assets/_Game/EditorReports/Walking5_Extracted/embedded_10.jpg: File could not be read
 -> (artifact id: '2d704d5da2c91fbd4c18dcb74991061d') in 0.009546 seconds
Start importing Assets/_Game/EditorReports/Walking5_Extracted/embedded_22.jpg using Guid(9c38579f88fc7c7449952dda8d4b8cc7) (TextureImporter)FREEIMAGE MSG : Corrupt JPEG data: 24 extraneous bytes before marker 0xb9FREEIMAGE MSG : Unsupported marker type 0xb9FREEIMAGE MSG : Unsupported marker type 0x43FREEIMAGE MSG : Unsupported marker type 0x59FREEIMAGE MSG : Unsupported marker type 0xbaFREEIMAGE MSG : Unsupported marker type 0x82FREEIMAGE MSG : Bogus Huffman table definitionCould not create asset from Assets/_Game/EditorReports/Walking5_Extracted/embedded_22.jpg: File could not be read
 -> (artifact id: 'd07127f873db6a48afbbf889b23ba43a') in 0.0118605 seconds
Start importing Assets/_Game/EditorReports/Walking5_Extracted/embedded_28.jpg using Guid(cc63c4d785faefa40b66ea8c792bddf1) (TextureImporter)FREEIMAGE MSG : Corrupt JPEG data: 75 extraneous bytes before marker 0xbdFREEIMAGE MSG : Unsupported marker type 0xbdFREEIMAGE MSG : Unsupported marker type 0xadFREEIMAGE MSG : Unsupported marker type 0x3fFREEIMAGE MSG : Unsupported marker type 0xb0FREEIMAGE MSG : Invalid JPEG file structure: two SOI markersCould not create asset from Assets/_Game/EditorReports/Walking5_Extracted/embedded_28.jpg: File could not be read
 -> (artifact id: '7b58672453c2a1424d32131c3b72a788') in 0.0096059 seconds
Start importing Assets/_Game/EditorReports/Walking5_Extracted/embedded_62.jpg using Guid(0dc6d6f221ea70a4f9d93317bbbdf2cc) (TextureImporter)FREEIMAGE MSG : Corrupt JPEG data: 715 extraneous bytes before marker 0xd3FREEIMAGE MSG : Unsupported marker type 0x8dFREEIMAGE MSG : Unsupported marker type 0x8eFREEIMAGE MSG : Unsupported marker type 0xf1FREEIMAGE MSG : Unsupported marker type 0x5dFREEIMAGE MSG : Unsupported marker type 0x2cFREEIMAGE MSG : Unsupported marker type 0x09FREEIMAGE MSG : Unsupported marker type 0x93FREEIMAGE MSG : Unsupported marker type 0x25FREEIMAGE MSG : Unsupported marker type 0xa9FREEIMAGE MSG : Unsupported marker type 0x8dFREEIMAGE MSG : Unsupported marker type 0x87FREEIMAGE MSG : Unsupported marker type 0x2dFREEIMAGE MSG : Unsupported marker type 0xbeFREEIMAGE MSG : Unsupported marker type 0xb7FREEIMAGE MSG : Bogus marker lengthCould not create asset from Assets/_Game/EditorReports/Walking5_Extracted/embedded_62.jpg: File could not be read
 -> (artifact id: '439d04bf608c19d171a5f5ed24744a18') in 0.0125993 seconds
Start importing Assets/_Game/EditorReports/Walking5_Extracted/embedded_66.jpg using Guid(1dcbed1d0302fe2489a622aef7944929) (TextureImporter)FREEIMAGE MSG : Corrupt JPEG data: 30 extraneous bytes before marker 0x38FREEIMAGE MSG : Unsupported marker type 0x38FREEIMAGE MSG : Unsupported marker type 0x06FREEIMAGE MSG : Unsupported marker type 0x23FREEIMAGE MSG : Unsupported marker type 0x71FREEIMAGE MSG : Unsupported marker type 0x28FREEIMAGE MSG : Unsupported marker type 0xbaFREEIMAGE MSG : JPEG datastream contains no imageCould not create asset from Assets/_Game/EditorReports/Walking5_Extracted/embedded_66.jpg: File could not be read
 -> (artifact id: '681310a8f37fcf9f82f3f68d27adc74c') in 0.0128546 seconds
Start importing Assets/_Game/EditorReports/Walking5_Extracted/embedded_32.jpg using Guid(4d5667afa2c77694a88cd0a1b839b6f9) (TextureImporter)FREEIMAGE MSG : Corrupt JPEG data: 79 extraneous bytes before marker 0x6bFREEIMAGE MSG : Unsupported marker type 0x6bFREEIMAGE MSG : Unsupported marker type 0xb1FREEIMAGE MSG : Unsupported marker type 0xbcFREEIMAGE MSG : Unsupported marker type 0x7bFREEIMAGE MSG : Unsupported marker type 0x37FREEIMAGE MSG : Unsupported marker type 0xf4FREEIMAGE MSG : Unsupported marker type 0x81FREEIMAGE MSG : Unsupported marker type 0x67FREEIMAGE MSG : Unsupported marker type 0x04FREEIMAGE MSG : Unsupported marker type 0x45FREEIMAGE MSG : Unsupported marker type 0x82FREEIMAGE MSG : Unsupported marker type 0x90FREEIMAGE MSG : Unsupported marker type 0x04FREEIMAGE MSG : Unsupported marker type 0xa0FREEIMAGE MSG : Unsupported marker type 0xb8FREEIMAGE MSG : Unsupported marker type 0x34FREEIMAGE MSG : Unsupported JPEG process: SOF type 0xceCould not create asset from Assets/_Game/EditorReports/Walking5_Extracted/embedded_32.jpg: File could not be read
 -> (artifact id: 'be3930833fbacca1da6a7e8c4976639a') in 0.0101868 seconds
Start importing Assets/_Game/EditorReports/Walking5_Extracted/embedded_1.jpg using Guid(bd38f71170106a94e835f7a39002ee50) (TextureImporter)FREEIMAGE MSG : Corrupt JPEG data: 89 extraneous bytes before marker 0xaaFREEIMAGE MSG : Unsupported marker type 0xaaFREEIMAGE MSG : Unsupported marker type 0x75FREEIMAGE MSG : Unsupported marker type 0x9fFREEIMAGE MSG : Unsupported marker type 0x04FREEIMAGE MSG : Unsupported marker type 0x30FREEIMAGE MSG : Unsupported marker type 0x95FREEIMAGE MSG : Unsupported marker type 0x6aFREEIMAGE MSG : Unsupported JPEG process: SOF type 0xc3Could not create asset from Assets/_Game/EditorReports/Walking5_Extracted/embedded_1.jpg: File could not be read
 -> (artifact id: 'bc2f477e13eb770181269afb2d43d241') in 0.011519 seconds
Start importing Assets/_Game/EditorReports/Walking5_Extracted/embedded_17.jpg using Guid(dd85255a5c404614ea16d8d98fb18bed) (TextureImporter)FREEIMAGE MSG : Corrupt JPEG data: 21 extraneous bytes before marker 0x38FREEIMAGE MSG : Unsupported marker type 0x38FREEIMAGE MSG : Unsupported marker type 0x55FREEIMAGE MSG : Unsupported marker type 0x8dFREEIMAGE MSG : Unsupported marker type 0xa2FREEIMAGE MSG : Unsupported marker type 0x45FREEIMAGE MSG : Unsupported marker type 0xabFREEIMAGE MSG : Unsupported marker type 0x55FREEIMAGE MSG : Unsupported marker type 0xaeFREEIMAGE MSG : Unsupported marker type 0x0cFREEIMAGE MSG : Unsupported marker type 0xdeFREEIMAGE MSG : Unsupported marker type 0x41FREEIMAGE MSG : Unsupported marker type 0x54FREEIMAGE MSG : Unsupported marker type 0x77FREEIMAGE MSG : Unsupported marker type 0xb3FREEIMAGE MSG : Unsupported marker type 0x67FREEIMAGE MSG : JPEG datastream contains no imageCould not create asset from Assets/_Game/EditorReports/Walking5_Extracted/embedded_17.jpg: File could not be read
 -> (artifact id: '57a32ec9a8045982b83954c3b4e4b93f') in 0.0107639 seconds
Start importing Assets/_Game/EditorReports/Walking5_Extracted/embedded_42.jpg using Guid(4ecfc333193007f43b4ea31467dff7e9) (TextureImporter)FREEIMAGE MSG : Corrupt JPEG data: 70 extraneous bytes before marker 0xb0FREEIMAGE MSG : Unsupported marker type 0xb0FREEIMAGE MSG : Unsupported marker type 0xf9FREEIMAGE MSG : Unsupported marker type 0x3cFREEIMAGE MSG : Unsupported marker type 0xaeFREEIMAGE MSG : Unsupported marker type 0xbdFREEIMAGE MSG : Unsupported marker type 0x1fFREEIMAGE MSG : Unsupported marker type 0xaaFREEIMAGE MSG : Unsupported marker type 0xa5FREEIMAGE MSG : Unsupported marker type 0x72FREEIMAGE MSG : Unsupported marker type 0x97FREEIMAGE MSG : Unsupported marker type 0x31FREEIMAGE MSG : Unsupported marker type 0x31FREEIMAGE MSG : Unsupported marker type 0x5eFREEIMAGE MSG : Unsupported marker type 0x87FREEIMAGE MSG : Unsupported marker type 0x08FREEIMAGE MSG : Unsupported marker type 0x08FREEIMAGE MSG : Unsupported JPEG process: SOF type 0xcdCould not create asset from Assets/_Game/EditorReports/Walking5_Extracted/embedded_42.jpg: File could not be read
 -> (artifact id: 'ec754f023599e794fb1d115e67dd5d29') in 0.0104079 seconds
Start importing Assets/_Game/EditorReports/Walking5_Extracted/embedded_48.jpg using Guid(ae097b8fbcd1b5640be93379362ddef1) (TextureImporter)FREEIMAGE MSG : Corrupt JPEG data: 15 extraneous bytes before marker 0x1bFREEIMAGE MSG : Unsupported marker type 0x1bFREEIMAGE MSG : Unsupported marker type 0x1eFREEIMAGE MSG : Unsupported marker type 0x9cFREEIMAGE MSG : Bogus marker lengthCould not create asset from Assets/_Game/EditorReports/Walking5_Extracted/embedded_48.jpg: File could not be read
 -> (artifact id: 'c9861fca6241e9f693d43563634a2b18') in 0.2900245 seconds
Start importing Assets/_Game/EditorReports/Walking5_Extracted/embedded_16.jpg using Guid(be9dcc94a329e7f40be6dd7d88a47316) (TextureImporter)FREEIMAGE MSG : Corrupt JPEG data: 35 extraneous bytes before marker 0x18FREEIMAGE MSG : Unsupported marker type 0x18FREEIMAGE MSG : Unsupported marker type 0x65FREEIMAGE MSG : Unsupported marker type 0x05FREEIMAGE MSG : Unsupported marker type 0x87FREEIMAGE MSG : Unsupported marker type 0xbfFREEIMAGE MSG : Unsupported marker type 0x14FREEIMAGE MSG : Unsupported marker type 0xbaFREEIMAGE MSG : Unsupported marker type 0x78FREEIMAGE MSG : Unsupported marker type 0x4eFREEIMAGE MSG : Unsupported marker type 0xbeFREEIMAGE MSG : Unsupported marker type 0x33FREEIMAGE MSG : Unsupported marker type 0xdeFREEIMAGE MSG : Unsupported marker type 0xf1FREEIMAGE MSG : Unsupported marker type 0x24FREEIMAGE MSG : Unsupported marker type 0x32FREEIMAGE MSG : Unsupported marker type 0x65FREEIMAGE MSG : Unsupported marker type 0x66FREEIMAGE MSG : JPEG datastream contains no imageCould not create asset from Assets/_Game/EditorReports/Walking5_Extracted/embedded_16.jpg: File could not be read
 -> (artifact id: 'a71a49ca2029dfc32c9b357a7ae6366d') in 0.0110374 seconds
Start importing Assets/_Game/EditorReports/Walking5_Extracted/embedded_59.jpg using Guid(5ff051e17c081ad4bbf5a40f7255967e) (TextureImporter)FREEIMAGE MSG : Corrupt JPEG data: 27 extraneous bytes before marker 0x5fFREEIMAGE MSG : Unsupported marker type 0x5fFREEIMAGE MSG : Unsupported marker type 0x98FREEIMAGE MSG : Unsupported marker type 0x0eFREEIMAGE MSG : JPEG datastream contains no imageCould not create asset from Assets/_Game/EditorReports/Walking5_Extracted/embedded_59.jpg: File could not be read
 -> (artifact id: '634895489edd3af05f014898a9cc9ca7') in 0.011283 seconds
Start importing Assets/_Game/EditorReports/Walking5_Extracted/embedded_96.jpg using Guid(bf30ecdae8db04c46a2515effc1b902a) (TextureImporter)FREEIMAGE MSG : Corrupt JPEG data: 91 extraneous bytes before marker 0xfeFREEIMAGE MSG : Unsupported marker type 0xb8FREEIMAGE MSG : Unsupported marker type 0x90FREEIMAGE MSG : Unsupported marker type 0x08FREEIMAGE MSG : Unsupported marker type 0x04FREEIMAGE MSG : Unsupported marker type 0x28FREEIMAGE MSG : Unsupported marker type 0x05FREEIMAGE MSG : Unsupported marker type 0x08FREEIMAGE MSG : Unsupported marker type 0x08FREEIMAGE MSG : Unsupported marker type 0x28FREEIMAGE MSG : Unsupported marker type 0x23FREEIMAGE MSG : Unsupported marker type 0x08FREEIMAGE MSG : Unsupported marker type 0x28FREEIMAGE MSG : Unsupported marker type 0x51FREEIMAGE MSG : Unsupported marker type 0x08FREEIMAGE MSG : Unsupported marker type 0x04FREEIMAGE MSG : Unsupported marker type 0x11FREEIMAGE MSG : Unsupported marker type 0x08FREEIMAGE MSG : Unsupported marker type 0x04FREEIMAGE MSG : Unsupported marker type 0x06FREEIMAGE MSG : Unsupported marker type 0x18FREEIMAGE MSG : Unsupported marker type 0x89FREEIMAGE MSG : JPEG datastream contains no imageCould not create asset from Assets/_Game/EditorReports/Walking5_Extracted/embedded_96.jpg: File could not be read
 -> (artifact id: 'aaf17ee30ccc777f2f69090621c86c61') in 0.0133282 seconds
Start importing Assets/_Game/EditorReports/Walking5_Extracted/embedded_69.jpg using Guid(cffbc92a60b89174fa38f723324f3aaf) (TextureImporter)FREEIMAGE MSG : Corrupt JPEG data: 183 extraneous bytes before marker 0xe9FREEIMAGE MSG : JPEG datastream contains no imageCould not create asset from Assets/_Game/EditorReports/Walking5_Extracted/embedded_69.jpg: File could not be read
 -> (artifact id: '8dc2a000a8b0fda508d2a2813aaa9995') in 0.0097933 seconds
Start importing Assets/_Game/EditorReports/Walking5_Extracted/embedded_26.jpg using Guid(df425b96973b4d34084219cda093572e) (TextureImporter)FREEIMAGE MSG : Corrupt JPEG data: 74 extraneous bytes before marker 0x02FREEIMAGE MSG : Unsupported marker type 0x02FREEIMAGE MSG : Unsupported marker type 0x1aFREEIMAGE MSG : Unsupported marker type 0x1cFREEIMAGE MSG : Unsupported marker type 0x12FREEIMAGE MSG : Unsupported marker type 0xbdFREEIMAGE MSG : Unsupported marker type 0xb3FREEIMAGE MSG : Unsupported marker type 0x1bFREEIMAGE MSG : Invalid JPEG file structure: two SOI markersCould not create asset from Assets/_Game/EditorReports/Walking5_Extracted/embedded_26.jpg: File could not be read
 -> (artifact id: 'a32c98129751b5b4a13a0422b7355267') in 0.0090861 seconds
Start importing Assets/_Game/EditorReports/Walking5_Extracted/embedded_64.jpg using Guid(ef04d3fce2b697e4593fc873155ae6b1) (TextureImporter)FREEIMAGE MSG : Corrupt JPEG data: 2 extraneous bytes before marker 0x6cFREEIMAGE MSG : Unsupported marker type 0x6cFREEIMAGE MSG : Unsupported marker type 0x10FREEIMAGE MSG : Unsupported marker type 0x56FREEIMAGE MSG : Unsupported marker type 0xa7FREEIMAGE MSG : Unsupported marker type 0x0fFREEIMAGE MSG : Unsupported marker type 0x40FREEIMAGE MSG : Unsupported marker type 0x21FREEIMAGE MSG : Unsupported marker type 0xa6FREEIMAGE MSG : Unsupported marker type 0x05FREEIMAGE MSG : Unsupported marker type 0xf1FREEIMAGE MSG : Bogus marker lengthCould not create asset from Assets/_Game/EditorReports/Walking5_Extracted/embedded_64.jpg: File could not be read
 -> (artifact id: '39da7eeb78af44f6c9c53cba0b186288') in 0.010804 seconds
Start importing Packages/com.unity.render-pipelines.core/Tests/Editor/UnifiedRayTracing/TraceRays.urtshader using Guid(1142bbad8b9e8c44c83a9775ff120d37) (ScriptedImporter)Launched and connected shader compiler UnityShaderCompiler.exe after 0.01 seconds
 -> (artifact id: 'a935e0b58b0d13b4df40e791381fc341') in 0.0346856 seconds
Start importing Packages/com.unity.render-pipelines.universal/Runtime/RendererFeatures/SurfaceCacheGI/SurfaceCacheCore/RisEstimation.urtshader using Guid(713f6141bd66a134383b787f2eaa7c11) (ScriptedImporter) -> (artifact id: '34da84b3bbc796b7a9ac3764db6cd16a') in 0.0088354 seconds
Start importing Packages/com.unity.render-pipelines.core/Editor/Lighting/ProbeVolume/RenderingLayerMask/TraceRenderingLayerMask.urtshader using Guid(94a070d33e408384bafc1dea4a565df9) (ScriptedImporter) -> (artifact id: '8bb470ced3a4bee9d2e048d6950e3adf') in 0.0111537 seconds
Start importing Packages/com.unity.render-pipelines.universal/Runtime/RendererFeatures/SurfaceCacheGI/SurfaceCacheCore/UniformEstimation.urtshader using Guid(94a39d12848d8d64ca962a72b74e7c50) (ScriptedImporter) -> (artifact id: '9b3e119e27df5b850ab1efa38bb7e58c') in 0.0052364 seconds
Start importing Packages/com.unity.render-pipelines.core/Tests/Editor/UnifiedRayTracing/TraceTransparentRays.urtshader using Guid(6513c3b892e933c4f8d00c19d5c47532) (ScriptedImporter) -> (artifact id: '8fbb2ef0c9a529fd9d4edaf5f7d6674b') in 0.0035735 seconds
Start importing Packages/com.unity.render-pipelines.core/Editor/Lighting/ProbeVolume/DynamicGI/DynamicGISkyOcclusion.urtshader using Guid(5a2a534753fbdb44e96c3c78b5a6999d) (ScriptedImporter) -> (artifact id: '6853ee87340daaea6fabc1f00e72c7c3') in 0.0048847 seconds
Start importing Packages/com.unity.render-pipelines.core/Tests/Editor/UnifiedRayTracing/TraceRaysAndFetchAttributes.urtshader using Guid(fbc59f55df2416344b008dc23753cae2) (ScriptedImporter) -> (artifact id: '9b0e99da797903afa50630d48ca830f3') in 0.0040131 seconds
Start importing Packages/com.unity.render-pipelines.universal/Runtime/RendererFeatures/SurfaceCacheGI/SurfaceCacheCore/RestirCandidateTemporal.urtshader using Guid(ad3a9f9982f8c4f4a839a78955e78458) (ScriptedImporter) -> (artifact id: 'b774796902cae3c9c291a25b7bdca493') in 0.0050367 seconds
Start importing Packages/com.unity.render-pipelines.core/Editor/Lighting/ProbeVolume/VirtualOffset/TraceVirtualOffset.urtshader using Guid(ff2cbab5da58bf04d82c5f34037ed123) (ScriptedImporter) -> (artifact id: 'b7d9109baddaab08fd526f1e36ed8c7d') in 0.0069568 seconds
Refreshing native plugins compatible for Editor in 2.49 ms, found 5 plugins.
Preloading 1 native plugins for Editor in 0.05 ms.
Asset Pipeline Refresh (id=7f062ce1e2533414bb8362b657729b2a): Total: 11.174 seconds - Initiated by InitialRefreshV2(ForceSynchronousImport)
	Summary:
		Imports: total=108 (actual=108, local cache=0, cache server=0)
		Asset DB Process Time: managed=13 ms, native=6493 ms
		Asset DB Callback time: managed=558 ms, native=76 ms
		Scripting: domain reloads=1, domain reload time=1712 ms, compile time=2265 ms, other=54 ms
		Project Asset Count: scripts=2403, non-scripts=7034
		Asset File Changes: new=0, changed=1, moved=0, deleted=0
		Scan Filter Count: 0
	InvokeCustomDependenciesCallbacks: 0.001ms
	InvokePackagesCallback: 24.781ms
	ApplyChangesToAssetFolders: 0.648ms
	Scan: 165.242ms
	OnSourceAssetsModified: 0.791ms
	CategorizeAssetsWithTransientArtifact: 64.712ms
	ProcessAssetsWithTransientArtifactChanges: 99.662ms
	CategorizeAssets: 105.382ms
	ImportOutOfDateAssets: 5935.655ms (1818.272ms without children)
		ImportManagerImport: 1849.119ms (10.262ms without children)
			ImportInProcess: 1837.511ms
			UpdateCategorizedAssets: 1.345ms
		CompileScripts: 2265.057ms
		ReloadNativeAssets: 0.030ms
		UnloadImportedAssets: 0.625ms
		ReloadImportedAssets: 0.719ms
		EnsureUptoDateAssetsAreRegisteredWithGuidPM: 1.103ms
		InitializingProgressBar: 0.007ms
		PostProcessAllAssetNotificationsAddChangedAssets: 0.001ms
		OnDemandSchedulerStart: 0.722ms
	PostProcessAllAssets: 604.980ms
	Hotreload: 5.680ms
	GatherAllCurrentPrimaryArtifactRevisions: 0.002ms
	UnloadStreamsBegin: 3.769ms
	PersistCurrentRevisions: 0.922ms
	UnloadStreamsEnd: 0.001ms
	GenerateScriptTypeHashes: 3.918ms
	Untracked: 4161.299ms

Application.AssetDatabase Initial Refresh End
Scanning for USB devices : 1.837ms
Initializing Unity extensions:
[MODES] ModeService[none].Initialize
[MODES] ModeService[none].LoadModes
[MODES] Loading mode Default (0) for mode-current-id-AlienDefense3D
Unloading 68 Unused Serialized files (Serialized files now loaded: 0)
Unloading 10684 unused Assets / (5.2 MB). Loaded Objects now: 11616.
Memory consumption went from 294.2 MB to 289.0 MB.
Total: 20.300200 ms (FindLiveObjects: 0.935100 ms CreateObjectMapping: 0.823800 ms MarkObjects: 15.488400 ms  DeleteObjects: 3.051700 ms)

Start importing Assets/_Game/Models/Zombie/Prefabs/5/Textures using Guid(6946b9f91f5f8904e851b1ef44f90234) (DefaultImporter) -> (artifact id: 'c87029584bd0367f5de0aabc7a564f32') in 0.0076448 seconds
Refreshing native plugins compatible for Editor in 1.71 ms, found 5 plugins.
Preloading 1 native plugins for Editor in 0.05 ms.
Asset Pipeline Refresh (id=8973966ca21855e43a64e8e1003ceb11): Total: 0.108 seconds - Initiated by StopAssetImportingV2(NoUpdateAssetOptions)
Start importing Assets/_Game/Models/Zombie/Prefabs/5/Textures/zomb6_basecolor.jpg using Guid(6ce13ce4d1737be43a4f5fe8a474eb3e) (TextureImporter) -> (artifact id: '265f8d3760cc48e72a164200d68a1f93') in 0.6219793 seconds
Start importing Assets/_Game/Models/Zombie/Prefabs/5/Attack5.fbx using Guid(fc608e3e9836fb14f8917ac6dfc05f7e) (FBXImporter)Keyframe reduction: Ratio: 24.019230%;
 -> (artifact id: '2e9fc351eb1839e7bb1521dcf168819e') in 0.7402713 seconds
Refreshing native plugins compatible for Editor in 2.12 ms, found 5 plugins.
Preloading 1 native plugins for Editor in 0.06 ms.
Asset Pipeline Refresh (id=54be7af2938b44346bcab0e99eb42939): Total: 1.427 seconds - Initiated by RefreshV2(NoUpdateAssetOptions)
	Summary:
		Imports: total=2 (actual=2, local cache=0, cache server=0)
		Asset DB Process Time: managed=20 ms, native=1391 ms
		Asset DB Callback time: managed=3 ms, native=11 ms
		Scripting: domain reloads=0, domain reload time=0 ms, compile time=0 ms, other=0 ms
		Project Asset Count: scripts=2404, non-scripts=7035
		Asset File Changes: new=1, changed=1, moved=0, deleted=0
		Scan Filter Count: 0
	InvokeCustomDependenciesCallbacks: 0.001ms
	InvokePackagesCallback: 0.001ms
	ApplyChangesToAssetFolders: 0.101ms
	Scan: 8.340ms
	OnSourceAssetsModified: 0.064ms
	CategorizeAssetsWithTransientArtifact: 0.007ms
	ProcessAssetsWithTransientArtifactChanges: 0.063ms
	CategorizeAssets: 29.691ms
	ImportOutOfDateAssets: 1366.107ms (0.675ms without children)
		ImportManagerImport: 1363.615ms (0.681ms without children)
			ImportInProcess: 1362.896ms
			UpdateCategorizedAssets: 0.038ms
		ReloadNativeAssets: 0.022ms
		UnloadImportedAssets: 0.231ms
		ReloadImportedAssets: 0.000ms
		EnsureUptoDateAssetsAreRegisteredWithGuidPM: 1.054ms
		InitializingProgressBar: 0.006ms
		PostProcessAllAssetNotificationsAddChangedAssets: 0.001ms
		OnDemandSchedulerStart: 0.504ms
	PostProcessAllAssets: 13.088ms
	Hotreload: 2.572ms
	GatherAllCurrentPrimaryArtifactRevisions: 0.330ms
	UnloadStreamsBegin: 0.003ms
	PersistCurrentRevisions: 0.389ms
	UnloadStreamsEnd: 0.001ms
	Untracked: 6.260ms

Start importing ProjectSettings/EditorBuildSettings.asset using Guid(0000000000000000b000000000000000) (LibraryAssetImporter) -> (artifact id: 'd27fd89788b1c44aaa28995cb011ecf9') in 0.0019932 seconds
Start importing Assets/_Game/Models/Zombie/Prefabs/5/Materials/ZombieVariant5_Mat.mat using Guid(c4e5f6a7b8c9405182738495a6b7c8d9) (NativeFormatImporter) -> (artifact id: '5621bbe4dac98da1adcd2711a144dd40') in 0.0018283 seconds
Refreshing native plugins compatible for Editor in 1.86 ms, found 5 plugins.
Preloading 1 native plugins for Editor in 0.06 ms.
Asset Pipeline Refresh (id=07dbce8e710522d4e943526a9a2180c2): Total: 0.053 seconds - Initiated by StopAssetImportingV2(NoUpdateAssetOptions)
[ZombieVariantBuilder] No embedded material to remap on Assets/_Game/Models/Zombie/Prefabs/5/Walking5.fbx
UnityEngine.Debug:ExtractStackTraceNoAlloc (byte*,int,string)
UnityEngine.StackTraceUtility:ExtractStackTrace ()
UnityEngine.DebugLogHandler:Internal_Log (UnityEngine.LogType,UnityEngine.LogOption,string,UnityEngine.Object)
UnityEngine.DebugLogHandler:LogFormat (UnityEngine.LogType,UnityEngine.Object,string,object[])
UnityEngine.Logger:Log (UnityEngine.LogType,object)
UnityEngine.Debug:LogWarning (object)
AlienDefense.EditorTools.ZombieVariantBuilder:RemapFbxToMaterial (string,UnityEngine.Material) (at Assets/_Game/Scripts/Editor/ZombieVariantBuilder.cs:777)
AlienDefense.EditorTools.ZombieVariantBuilder:FixZombieVariant5MixamoTextures () (at Assets/_Game/Scripts/Editor/ZombieVariantBuilder.cs:471)

(Filename: Assets/_Game/Scripts/Editor/ZombieVariantBuilder.cs Line: 777)

Start importing Assets/_Game/Models/Zombie/Prefabs/5/Walking5.fbx using Guid(dd42d523919de204d9b2625266b923e9) (FBXImporter)Curl error 7: Failed to connect to config.uca.cloud.unity3d.com port 443 after 2078 ms: Could not connect to server
Keyframe reduction: Ratio: 38.783546%;
 -> (artifact id: '586a18eca68cebe705a2d652f7a8c8b2') in 0.7170276 seconds
Refreshing native plugins compatible for Editor in 1.86 ms, found 5 plugins.
Preloading 1 native plugins for Editor in 0.05 ms.
Asset Pipeline Refresh (id=f945ed2c921bdb749bb18233f034a07f): Total: 0.743 seconds - Initiated by StopAssetImportingV2(NoUpdateAssetOptions)
	Summary:
		Imports: total=1 (actual=1, local cache=0, cache server=0)
		Asset DB Process Time: managed=0 ms, native=739 ms
		Asset DB Callback time: managed=0 ms, native=2 ms
		Scripting: domain reloads=0, domain reload time=0 ms, compile time=0 ms, other=0 ms
		Project Asset Count: scripts=2404, non-scripts=7035
		Asset File Changes: new=0, changed=0, moved=0, deleted=0
		Scan Filter Count: 7
	InvokeCustomDependenciesCallbacks: 0.001ms
	InvokePackagesCallback: 0.000ms
	ApplyChangesToAssetFolders: 0.108ms
	Scan: 5.417ms
	OnSourceAssetsModified: 0.001ms
	CategorizeAssetsWithTransientArtifact: 0.014ms
	ProcessAssetsWithTransientArtifactChanges: 0.087ms
	CategorizeAssets: 2.714ms
	ImportOutOfDateAssets: 726.750ms (-4.685ms without children)
		ImportManagerImport: 723.190ms (5.784ms without children)
			ImportInProcess: 717.374ms
			UpdateCategorizedAssets: 0.032ms
		ReloadNativeAssets: 0.035ms
		UnloadImportedAssets: 1.440ms
		ReloadImportedAssets: 5.218ms
		EnsureUptoDateAssetsAreRegisteredWithGuidPM: 1.020ms
		InitializingProgressBar: 0.006ms
		PostProcessAllAssetNotificationsAddChangedAssets: 0.001ms
		OnDemandSchedulerStart: 0.526ms
	PostProcessAllAssets: 1.422ms
	Hotreload: 2.086ms
	GatherAllCurrentPrimaryArtifactRevisions: 0.542ms
	UnloadStreamsBegin: 0.137ms
	PersistCurrentRevisions: 0.307ms
	UnloadStreamsEnd: 0.002ms
	Untracked: 3.523ms

Start importing Assets/_Game/Models/Zombie/Prefabs/5/Attack5.fbx using Guid(fc608e3e9836fb14f8917ac6dfc05f7e) (FBXImporter)Keyframe reduction: Ratio: 24.019230%;
 -> (artifact id: '2532306f57e00fd212ef86a37c6f8c74') in 0.6873212 seconds
Refreshing native plugins compatible for Editor in 2.88 ms, found 5 plugins.
Preloading 1 native plugins for Editor in 0.06 ms.
Asset Pipeline Refresh (id=007a3cbdff722a1468c35da64b476357): Total: 0.759 seconds - Initiated by StopAssetImportingV2(NoUpdateAssetOptions)
	Summary:
		Imports: total=1 (actual=1, local cache=0, cache server=0)
		Asset DB Process Time: managed=0 ms, native=753 ms
		Asset DB Callback time: managed=1 ms, native=3 ms
		Scripting: domain reloads=0, domain reload time=0 ms, compile time=0 ms, other=0 ms
		Project Asset Count: scripts=2404, non-scripts=7035
		Asset File Changes: new=0, changed=1, moved=0, deleted=0
		Scan Filter Count: 7
	InvokeCustomDependenciesCallbacks: 0.001ms
	InvokePackagesCallback: 0.001ms
	ApplyChangesToAssetFolders: 0.169ms
	Scan: 15.063ms
	OnSourceAssetsModified: 0.052ms
	CategorizeAssetsWithTransientArtifact: 0.017ms
	ProcessAssetsWithTransientArtifactChanges: 0.111ms
	CategorizeAssets: 29.793ms
	ImportOutOfDateAssets: 701.970ms (-9.900ms without children)
		ImportManagerImport: 698.799ms (10.994ms without children)
			ImportInProcess: 687.773ms
			UpdateCategorizedAssets: 0.032ms
		ReloadNativeAssets: 0.023ms
		UnloadImportedAssets: 1.282ms
		ReloadImportedAssets: 10.329ms
		EnsureUptoDateAssetsAreRegisteredWithGuidPM: 0.900ms
		InitializingProgressBar: 0.006ms
		PostProcessAllAssetNotificationsAddChangedAssets: 0.001ms
		OnDemandSchedulerStart: 0.530ms
	PostProcessAllAssets: 1.580ms
	Hotreload: 3.359ms
	GatherAllCurrentPrimaryArtifactRevisions: 0.326ms
	UnloadStreamsBegin: 0.056ms
	PersistCurrentRevisions: 0.386ms
	UnloadStreamsEnd: 0.002ms
	Untracked: 6.196ms

Loaded scene 'Library/Unused/004b0fd2cabecf04fb41f704de9adb7a'
	Deserialize:            0.683 ms
	Integration:            1.706 ms
	Integration of assets:  0.002 ms
	Thread Wait Time:       22.494 ms
	Total Operation Time:   24.886 ms
Asset Pipeline Refresh (id=e8e28f881f595c0469fd918d568bcddf): Total: 0.012 seconds - Initiated by StopAssetImportingV2(NoUpdateAssetOptions)
Asset Pipeline Refresh (id=6a1549d554bd53f448f4b8c1fe4a0f54): Total: 0.011 seconds - Initiated by RefreshV2(NoUpdateAssetOptions)
[ZombieVariantBuilder] ZombieVariant5 textures fixed. BaseColor=Assets/_Game/Models/Zombie/Prefabs/5/Textures/zomb6_basecolor.jpg mode=mixamo_extract
UnityEngine.Debug:ExtractStackTraceNoAlloc (byte*,int,string)
UnityEngine.StackTraceUtility:ExtractStackTrace ()
UnityEngine.DebugLogHandler:Internal_Log (UnityEngine.LogType,UnityEngine.LogOption,string,UnityEngine.Object)
UnityEngine.DebugLogHandler:LogFormat (UnityEngine.LogType,UnityEngine.Object,string,object[])
UnityEngine.Logger:Log (UnityEngine.LogType,object)
UnityEngine.Debug:Log (object)
AlienDefense.EditorTools.ZombieVariantBuilder:FixZombieVariant5MixamoTextures () (at Assets/_Game/Scripts/Editor/ZombieVariantBuilder.cs:520)

(Filename: Assets/_Game/Scripts/Editor/ZombieVariantBuilder.cs Line: 520)

Batchmode quit successfully invoked - shutting down!
Killing ADB server in 0.0641795 seconds.
[Physics::Module] Cleanup current backend.
[Physics::Module] Id: 0xf2b8ea05
Input System module state changed to: ShutdownInProgress.
Input System polling thread exited.
Input System module state changed to: Shutdown.
[Licensing::IpcConnector] LicenseClient-Tus-6000.3.21-notifications channel disconnected successfully.
[Licensing::IpcConnector] LicenseClient-Tus-6000.3.21 channel disconnected successfully.
AcceleratorClientConnectionCallback - disconnected - :0
Cleanup mono
Exiting batchmode successfully now!
Exiting without the bug reporter. Application will terminate with return code 0