[Licensing::Module] Trying to connect to existing licensing client channel...
Built from '6000.3/staging' branch; Version is '6000.3.21f1 (c02631ffc030) revision 12592689'; Using compiler version '194234433'; Build Type 'Release'
OS: 'Windows 11  (10.0.26200) CoreSingleLanguage' Language: 'en' Physical Memory: 32492 MB
BatchMode: 1, IsHumanControllingUs: 0, StartBugReporterOnCrash: 0, Is64bit: 1
System  architecture: x64
[Licensing::IpcConnector] Successfully connected to: "LicenseClient-Tus" at "2026-09-14T11:47:43.0877Z"
Process architecture: x64
Date: 2026-09-14T11:47:43Z

COMMAND LINE ARGUMENTS:
E:\Unity\Material\6000.3.21f1\Editor\Unity.exe
-batchmode
-nographics
-projectPath
E:\Unity\Project\TowerDefense\TowerDefense
-executeMethod
AlienDefense.EditorTools.CargoFullHudSetup.UpgradeAllLevels
-logFile
E:\Unity\Project\TowerDefense\TowerDefense\Temp_CargoFullHud.log
-quit
Successfully changed project path to: E:\Unity\Project\TowerDefense\TowerDefense
E:/Unity/Project/TowerDefense/TowerDefense
[UnityMemory] Configuration Parameters - Can be set up in boot.config
    "memorysetup-temp-allocator-size-nav-mesh-worker=65536"
    "memorysetup-temp-allocator-size-audio-worker=65536"
    "memorysetup-temp-allocator-size-gfx=262144"
    "memorysetup-allocator-temp-initial-block-size-main=262144"
    "memorysetup-allocator-temp-initial-block-size-worker=262144"
    "memorysetup-temp-allocator-size-background-worker=32768"
    "memorysetup-temp-allocator-size-job-worker=262144"
    "memorysetup-temp-allocator-size-preload-manager=33554432"
    "memorysetup-temp-allocator-size-gi-baking-worker=262144"
    "memorysetup-temp-allocator-size-gi-baking-worker=262144"
    "memorysetup-temp-allocator-size-gi-baking-worker=262144"
    "memorysetup-temp-allocator-size-gi-baking-worker=262144"
    "memorysetup-temp-allocator-size-gi-baking-worker=262144"
    "memorysetup-bucket-allocator-granularity=16"
    "memorysetup-bucket-allocator-bucket-count=8"
    "memorysetup-bucket-allocator-block-size=33554432"
    "memorysetup-bucket-allocator-block-count=8"
    "memorysetup-main-allocator-block-size=16777216"
    "memorysetup-thread-allocator-block-size=16777216"
    "memorysetup-gfx-main-allocator-block-size=16777216"
    "memorysetup-gfx-thread-allocator-block-size=16777216"
    "memorysetup-cache-allocator-block-size=4194304"
    "memorysetup-typetree-allocator-block-size=2097152"
    "memorysetup-profiler-bucket-allocator-granularity=16"
    "memorysetup-profiler-bucket-allocator-bucket-count=8"
    "memorysetup-profiler-bucket-allocator-block-size=33554432"
    "memorysetup-profiler-bucket-allocator-block-count=8"
    "memorysetup-profiler-allocator-block-size=16777216"
    "memorysetup-profiler-editor-allocator-block-size=1048576"
    "memorysetup-temp-allocator-size-main=16777216"
    "memorysetup-job-temp-allocator-block-size=2097152"
    "memorysetup-job-temp-allocator-block-size-background=1048576"
    "memorysetup-job-temp-allocator-reduction-small-platforms=262144"
    "memorysetup-temp-allocator-size-cloud-worker=32768"
Player connection [25604]  Target information:

Player connection [25604]  * "[IP] 172.31.99.75 [Port] 55504 [Flags] 2 [Guid] 2901008135 [EditorId] 2901008135 [Version] 1048832 [Id] WindowsEditor(7,LAPTOP-VEL5EC45) [Debug] 1 [PackageName] WindowsEditor [ProjectName] Editor" 

Player connection [25604] Host joined multi-casting on [225.0.0.222:54997]...
Player connection [25604] Host joined alternative multi-casting on [225.0.0.222:34997]...
Input System module state changed to: Initialized.
[Physics::Module] Initialized fallback backend.
[Physics::Module] Id: 0xdecafbad
[Package Manager] Connected to IPC stream "Upm-6872" after 0.2 seconds.
[Licensing::Module] Licensing is not yet initialized.
[Licensing::Client] Error: HandshakeResponse reported an error:
	ResponseCode: 505
	ResponseStatus: Unsupported protocol version '1.18.1'.
[Licensing::Module] Error: Failed to handshake to channel: "LicenseClient-Tus"
[Licensing::IpcConnector] LicenseClient-Tus channel disconnected successfully.
[Licensing::IpcConnector] Channel LicenseClient-Tus-6000.3.21 doesn't exist
[Licensing::Module] Successfully launched the LicensingClient (PId: 11520)
[Licensing::IpcConnector] Successfully connected to: "LicenseClient-Tus-6000.3.21" at "2026-09-14T11:47:45.4304767Z"
[Licensing::Client] Code 10 while verifying Licensing Client signature (process Id: 11520, path: "E:/Unity/Material/6000.3.21f1/Editor/Data/Resources/Licensing/Client/Unity.Licensing.Client.exe")
[Licensing::Module] LicensingClient has failed validation; ignoring
[Licensing::Client] Handshaking with LicensingClient:
  Version:                 1.18.1+9fbee8e
  Session Id:              ba780bd7e7a943a5a7238a5711434cba
  Correlation Id:          ba79279bad91a8516983ce0c3e8fcd77
  External correlation Id: 1048419454833223109
  Machine Id:              8TkmXJ1lDM6kyMXBpLFkyOeZPUY=
[Licensing::Module] Successfully connected to LicensingClient on channel: "LicenseClient-Tus-6000.3.21" (connect: 0.25s, validation: 0.21s, handshake: 0.01s)
[Licensing::IpcConnector] Successfully connected to: "LicenseClient-Tus-6000.3.21-notifications" at "2026-09-14T11:47:45.653404Z"
[Licensing::Module] Connected to LicensingClient (PId: 11520, launch time: 0.01, total connection time: 0.47s)
[Licensing::Module] Error: Access token is unavailable; failed to update
[Licensing::Client] Successfully resolved entitlement details
[Licensing::Module] License group:
  Id: 18968293043658-tulklk32-UnityProStuXXXX
  Product: Unity Student
  Type: Assigned
  Expiration: 2027-07-10T16:59:39Z
[Licensing::Client] Successfully updated license, isAsync: True, time: 0.01
[Licensing::Client] Successfully resolved entitlement details
[Licensing::Module] Licensing Background thread has ended after 2.60s
[Licensing::Module] Licensing is initialized (took 2.08s).
[Licensing::Client] Successfully resolved entitlement details
Library Redirect Path: Library/
[Physics::Module] Selected backend.
[Physics::Module] Name: PhysX
[Physics::Module] Id: 0xf2b8ea05
[Physics::Module] SDK Version: 4.1.2
[Physics::Module] Integration Version: 1.0.0
[Physics::Module] Threading Mode: Multi-Threaded
Artifact Garbage Collection - Removed 61 unused hashed content files
[Licensing::Client] Successfully resolved entitlement details
Refreshing native plugins compatible for Editor in 0.31 ms, found 0 plugins.
Preloading 0 native plugins for Editor in 0.00 ms.
Initialize engine version: 6000.3.21f1 (c02631ffc030)
[Subsystems] Discovering subsystems at path E:/Unity/Material/6000.3.21f1/Editor/Data/Resources/UnitySubsystems
[Subsystems] Discovering subsystems at path E:/Unity/Project/TowerDefense/TowerDefense/Assets
Forcing GfxDevice: Null
GfxDevice: creating device client; kGfxThreadingModeNonThreaded
NullGfxDevice:
    Version:  NULL 1.0 [1.0]
    Renderer: Null Device
    Vendor:   Unity Technologies
Initialize mono
Mono path[0] = 'E:/Unity/Material/6000.3.21f1/Editor/Data/Managed'
Mono path[1] = 'E:/Unity/Material/6000.3.21f1/Editor/Data/MonoBleedingEdge/lib/mono/unityjit-win32'
Mono config path = 'E:/Unity/Material/6000.3.21f1/Editor/Data/MonoBleedingEdge/etc'
Using monoOptions --debugger-agent=transport=dt_socket,embedding=1,server=y,suspend=n,address=127.0.0.1:56872
Using cacheserver namespaces - metadata:defaultmetadata, artifacts:defaultartifacts
Using cacheserver namespaces - metadata:defaultmetadata, artifacts:defaultartifacts
ImportWorker Server TCP listen port: 0
AcceleratorClientConnectionCallback - disconnected - :0
Begin MonoManager ReloadAssembly
Registering precompiled unity dll's ...
Register platform support module: E:/Unity/Material/6000.3.21f1/Editor/Data/PlaybackEngines/WindowsStandaloneSupport/UnityEditor.WindowsStandalone.Extensions.dll
[Licensing::Client] Successfully resolved entitlement details
Register platform support module: E:/Unity/Material/6000.3.21f1/Editor/Data/PlaybackEngines/MetroSupport/UnityEditor.UWP.Extensions.dll
Register platform support module: E:/Unity/Material/6000.3.21f1/Editor/Data/PlaybackEngines/AndroidPlayer/UnityEditor.Android.Extensions.dll
Registered in 0.004506 seconds.
- Loaded All Assemblies, in  0.370 seconds
Native extension for Android target not found
Native extension for UWP target not found
Native extension for WindowsStandalone target not found
Package Manager log level set to [2]
ScheduleIndexationOnStartup MainProcess:False IndexOnStartup:True
Mono: successfully reloaded assembly
- Finished resetting the current domain, in  0.361 seconds
Domain Reload Profiling: 730ms
	BeginReloadAssembly (125ms)
		ExecutionOrderSort (0ms)
		DisableScriptedObjects (0ms)
		BackupInstance (0ms)
		ReleaseScriptingObjects (0ms)
		CreateAndSetChildDomain (16ms)
	RebuildCommonClasses (32ms)
	RebuildNativeTypeToScriptingClass (11ms)
	initialDomainReloadingComplete (42ms)
	LoadAllAssembliesAndSetupDomain (160ms)
		LoadAssemblies (110ms)
		RebuildTransferFunctionScriptingTraits (0ms)
		AnalyzeDomain (156ms)
			TypeCache.Refresh (154ms)
				TypeCache.ScanAssembly (140ms)
			BuildScriptInfoCaches (0ms)
			ResolveRequiredComponents (0ms)
	FinalizeReload (361ms)
		ReleaseScriptCaches (0ms)
		RebuildScriptCaches (0ms)
		SetupLoadedEditorAssemblies (324ms)
			LogAssemblyErrors (0ms)
			InitializePlatformSupportModulesInManaged (84ms)
			SetLoadedEditorAssemblies (3ms)
			BeforeProcessingInitializeOnLoad (64ms)
			ProcessInitializeOnLoadAttributes (121ms)
			ProcessInitializeOnLoadMethodAttributes (51ms)
			AfterProcessingInitializeOnLoad (0ms)
			EditorAssembliesLoaded (0ms)
		ExecutionOrderSort2 (0ms)
		AwakeInstancesAfterBackupRestoration (0ms)
[Licensing::Client] Successfully resolved entitlement details
[Licensing::Client] Successfully resolved entitlement details
Application.AssetDatabase Initial Refresh Start
[Package Manager] Restoring resolved packages state from cache
[Licensing::Client] Successfully resolved entitlement details
[Package Manager] Registered 71 packages:
  Packages from [https://packages.unity.com]:
    com.unity.ai.assistant@2.17.0-pre.1 (location: E:\Unity\Project\TowerDefense\TowerDefense\Library\PackageCache\com.unity.ai.assistant@284c75a8d208)
    com.unity.ai.inference@2.6.1 (location: E:\Unity\Project\TowerDefense\TowerDefense\Library\PackageCache\com.unity.ai.inference@9a123aee5df7)
    com.unity.ai.navigation@2.0.14 (location: E:\Unity\Project\TowerDefense\TowerDefense\Library\PackageCache\com.unity.ai.navigation@134dd6a3b97b)
    com.unity.burst@1.8.30 (location: E:\Unity\Project\TowerDefense\TowerDefense\Library\PackageCache\com.unity.burst@2f3d916873ea)
    com.unity.collab-proxy@2.12.4 (location: E:\Unity\Project\TowerDefense\TowerDefense\Library\PackageCache\com.unity.collab-proxy@0b1559bcd34e)
    com.unity.collections@2.6.8 (location: E:\Unity\Project\TowerDefense\TowerDefense\Library\PackageCache\com.unity.collections@84e8eb3fc12e)
    com.unity.device-simulator.devices@1.0.1 (location: E:\Unity\Project\TowerDefense\TowerDefense\Library\PackageCache\com.unity.device-simulator.devices@2af643ceec84)
    com.unity.ide.rider@3.0.40 (location: E:\Unity\Project\TowerDefense\TowerDefense\Library\PackageCache\com.unity.ide.rider@e4950c6d131b)
    com.unity.ide.visualstudio@2.0.27 (location: E:\Unity\Project\TowerDefense\TowerDefense\Library\PackageCache\com.unity.ide.visualstudio@dc1ddd4f09b6)
    com.unity.inputsystem@1.20.0 (location: E:\Unity\Project\TowerDefense\TowerDefense\Library\PackageCache\com.unity.inputsystem@7a4e1a2a8194)
    com.unity.mathematics@1.3.3 (location: E:\Unity\Project\TowerDefense\TowerDefense\Library\PackageCache\com.unity.mathematics@19a9377c4ffa)
    com.unity.nuget.mono-cecil@1.11.6 (location: E:\Unity\Project\TowerDefense\TowerDefense\Library\PackageCache\com.unity.nuget.mono-cecil@ecb9724e46ff)
    com.unity.nuget.newtonsoft-json@3.2.2 (location: E:\Unity\Project\TowerDefense\TowerDefense\Library\PackageCache\com.unity.nuget.newtonsoft-json@4dfd81071c64)
    com.unity.postprocessing@3.5.4 (location: E:\Unity\Project\TowerDefense\TowerDefense\Library\PackageCache\com.unity.postprocessing@141166b789e3)
    com.unity.progrids@3.0.3-preview.6 (location: E:\Unity\Project\TowerDefense\TowerDefense\Library\PackageCache\com.unity.progrids@36b0033bf980)
    com.unity.searcher@4.9.4 (location: E:\Unity\Project\TowerDefense\TowerDefense\Library\PackageCache\com.unity.searcher@d45a78918735)
    com.unity.test-framework.performance@3.5.0 (location: E:\Unity\Project\TowerDefense\TowerDefense\Library\PackageCache\com.unity.test-framework.performance@8b56083ec0f0)
    com.unity.timeline@1.8.12 (location: E:\Unity\Project\TowerDefense\TowerDefense\Library\PackageCache\com.unity.timeline@8cd8509afae5)
    com.unity.visualscripting@1.9.12 (location: E:\Unity\Project\TowerDefense\TowerDefense\Library\PackageCache\com.unity.visualscripting@4edfcc09512f)
    com.unity.settings-manager@2.1.1 (location: E:\Unity\Project\TowerDefense\TowerDefense\Library\PackageCache\com.unity.settings-manager@0b8638c5ce86)
    com.unity.editorcoroutines@1.1.0 (location: E:\Unity\Project\TowerDefense\TowerDefense\Library\PackageCache\com.unity.editorcoroutines@87a15ed012c2)
    com.unity.performance.profile-analyzer@1.4.0 (location: E:\Unity\Project\TowerDefense\TowerDefense\Library\PackageCache\com.unity.performance.profile-analyzer@2bb26871883c)
    com.unity.testtools.codecoverage@1.3.0 (location: E:\Unity\Project\TowerDefense\TowerDefense\Library\PackageCache\com.unity.testtools.codecoverage@19a841221620)
    com.unity.dt.app-ui@2.1.1 (location: E:\Unity\Project\TowerDefense\TowerDefense\Library\PackageCache\com.unity.dt.app-ui@8ac7e730dd5d)
  Built-in packages:
    com.unity.2d.sprite@1.0.0 (location: E:\Unity\Project\TowerDefense\TowerDefense\Library\PackageCache\com.unity.2d.sprite@d8bb22511404)
    com.unity.2d.tilemap@1.0.0 (location: E:\Unity\Project\TowerDefense\TowerDefense\Library\PackageCache\com.unity.2d.tilemap@f666889fd587)
    com.unity.ext.nunit@2.0.5 (location: E:\Unity\Project\TowerDefense\TowerDefense\Library\PackageCache\com.unity.ext.nunit@d8c07649098d)
    com.unity.feature.development@1.0.2 (location: E:\Unity\Project\TowerDefense\TowerDefense\Library\PackageCache\com.unity.feature.development@767aadbc6eb7)
    com.unity.multiplayer.center@1.0.1 (location: E:\Unity\Project\TowerDefense\TowerDefense\Library\PackageCache\com.unity.multiplayer.center@f01f4ba8d00a)
    com.unity.render-pipelines.core@17.3.0 (location: E:\Unity\Project\TowerDefense\TowerDefense\Library\PackageCache\com.unity.render-pipelines.core@c67c01575725)
    com.unity.render-pipelines.universal@17.3.0 (location: E:\Unity\Project\TowerDefense\TowerDefense\Library\PackageCache\com.unity.render-pipelines.universal@8aa8d736cba6)
    com.unity.render-pipelines.universal-config@17.0.3 (location: E:\Unity\Project\TowerDefense\TowerDefense\Library\PackageCache\com.unity.render-pipelines.universal-config@8dc1aab4af1d)
    com.unity.shadergraph@17.3.0 (location: E:\Unity\Project\TowerDefense\TowerDefense\Library\PackageCache\com.unity.shadergraph@aa8306cf39d6)
    com.unity.test-framework@1.6.0 (location: E:\Unity\Project\TowerDefense\TowerDefense\Library\PackageCache\com.unity.test-framework@bd7f943e9647)
    com.unity.ugui@2.0.0 (location: E:\Unity\Project\TowerDefense\TowerDefense\Library\PackageCache\com.unity.ugui@e20f1880fa04)
    com.unity.modules.accessibility@1.0.0 (location: E:\Unity\Project\TowerDefense\TowerDefense\Library\PackageCache\com.unity.modules.accessibility)
    com.unity.modules.adaptiveperformance@1.0.0 (location: E:\Unity\Project\TowerDefense\TowerDefense\Library\PackageCache\com.unity.modules.adaptiveperformance)
    com.unity.modules.ai@1.0.0 (location: E:\Unity\Project\TowerDefense\TowerDefense\Library\PackageCache\com.unity.modules.ai)
    com.unity.modules.androidjni@1.0.0 (location: E:\Unity\Project\TowerDefense\TowerDefense\Library\PackageCache\com.unity.modules.androidjni)
    com.unity.modules.animation@1.0.0 (location: E:\Unity\Project\TowerDefense\TowerDefense\Library\PackageCache\com.unity.modules.animation)
    com.unity.modules.assetbundle@1.0.0 (location: E:\Unity\Project\TowerDefense\TowerDefense\Library\PackageCache\com.unity.modules.assetbundle)
    com.unity.modules.audio@1.0.0 (location: E:\Unity\Project\TowerDefense\TowerDefense\Library\PackageCache\com.unity.modules.audio)
    com.unity.modules.cloth@1.0.0 (location: E:\Unity\Project\TowerDefense\TowerDefense\Library\PackageCache\com.unity.modules.cloth)
    com.unity.modules.director@1.0.0 (location: E:\Unity\Project\TowerDefense\TowerDefense\Library\PackageCache\com.unity.modules.director)
    com.unity.modules.hierarchycore@1.0.0 (location: E:\Unity\Project\TowerDefense\TowerDefense\Library\PackageCache\com.unity.modules.hierarchycore)
    com.unity.modules.imageconversion@1.0.0 (location: E:\Unity\Project\TowerDefense\TowerDefense\Library\PackageCache\com.unity.modules.imageconversion)
    com.unity.modules.imgui@1.0.0 (location: E:\Unity\Project\TowerDefense\TowerDefense\Library\PackageCache\com.unity.modules.imgui)
    com.unity.modules.jsonserialize@1.0.0 (location: E:\Unity\Project\TowerDefense\TowerDefense\Library\PackageCache\com.unity.modules.jsonserialize)
    com.unity.modules.particlesystem@1.0.0 (location: E:\Unity\Project\TowerDefense\TowerDefense\Library\PackageCache\com.unity.modules.particlesystem)
    com.unity.modules.physics@1.0.0 (location: E:\Unity\Project\TowerDefense\TowerDefense\Library\PackageCache\com.unity.modules.physics)
    com.unity.modules.physics2d@1.0.0 (location: E:\Unity\Project\TowerDefense\TowerDefense\Library\PackageCache\com.unity.modules.physics2d)
    com.unity.modules.screencapture@1.0.0 (location: E:\Unity\Project\TowerDefense\TowerDefense\Library\PackageCache\com.unity.modules.screencapture)
    com.unity.modules.subsystems@1.0.0 (location: E:\Unity\Project\TowerDefense\TowerDefense\Library\PackageCache\com.unity.modules.subsystems)
    com.unity.modules.terrain@1.0.0 (location: E:\Unity\Project\TowerDefense\TowerDefense\Library\PackageCache\com.unity.modules.terrain)
    com.unity.modules.terrainphysics@1.0.0 (location: E:\Unity\Project\TowerDefense\TowerDefense\Library\PackageCache\com.unity.modules.terrainphysics)
    com.unity.modules.tilemap@1.0.0 (location: E:\Unity\Project\TowerDefense\TowerDefense\Library\PackageCache\com.unity.modules.tilemap)
    com.unity.modules.ui@1.0.0 (location: E:\Unity\Project\TowerDefense\TowerDefense\Library\PackageCache\com.unity.modules.ui)
    com.unity.modules.uielements@1.0.0 (location: E:\Unity\Project\TowerDefense\TowerDefense\Library\PackageCache\com.unity.modules.uielements)
    com.unity.modules.umbra@1.0.0 (location: E:\Unity\Project\TowerDefense\TowerDefense\Library\PackageCache\com.unity.modules.umbra)
    com.unity.modules.unityanalytics@1.0.0 (location: E:\Unity\Project\TowerDefense\TowerDefense\Library\PackageCache\com.unity.modules.unityanalytics)
    com.unity.modules.unitywebrequest@1.0.0 (location: E:\Unity\Project\TowerDefense\TowerDefense\Library\PackageCache\com.unity.modules.unitywebrequest)
    com.unity.modules.unitywebrequestassetbundle@1.0.0 (location: E:\Unity\Project\TowerDefense\TowerDefense\Library\PackageCache\com.unity.modules.unitywebrequestassetbundle)
    com.unity.modules.unitywebrequestaudio@1.0.0 (location: E:\Unity\Project\TowerDefense\TowerDefense\Library\PackageCache\com.unity.modules.unitywebrequestaudio)
    com.unity.modules.unitywebrequesttexture@1.0.0 (location: E:\Unity\Project\TowerDefense\TowerDefense\Library\PackageCache\com.unity.modules.unitywebrequesttexture)
    com.unity.modules.unitywebrequestwww@1.0.0 (location: E:\Unity\Project\TowerDefense\TowerDefense\Library\PackageCache\com.unity.modules.unitywebrequestwww)
    com.unity.modules.vectorgraphics@1.0.0 (location: E:\Unity\Project\TowerDefense\TowerDefense\Library\PackageCache\com.unity.modules.vectorgraphics)
    com.unity.modules.vehicles@1.0.0 (location: E:\Unity\Project\TowerDefense\TowerDefense\Library\PackageCache\com.unity.modules.vehicles)
    com.unity.modules.video@1.0.0 (location: E:\Unity\Project\TowerDefense\TowerDefense\Library\PackageCache\com.unity.modules.video)
    com.unity.modules.vr@1.0.0 (location: E:\Unity\Project\TowerDefense\TowerDefense\Library\PackageCache\com.unity.modules.vr)
    com.unity.modules.wind@1.0.0 (location: E:\Unity\Project\TowerDefense\TowerDefense\Library\PackageCache\com.unity.modules.wind)
    com.unity.modules.xr@1.0.0 (location: E:\Unity\Project\TowerDefense\TowerDefense\Library\PackageCache\com.unity.modules.xr)
[Subsystems] No new subsystems found in resolved package list.
[Package Manager] Done registering packages in 0.02 seconds
[ScriptCompilation] Requested script compilation because: Assetdatabase observed changes in script compilation related files
Refreshing native plugins compatible for Editor in 1.94 ms, found 5 plugins.
Starting: E:\Unity\Material\6000.3.21f1\Editor\Data\Tools\BuildPipeline\bee_backend.exe --ipc --defer-dag-verification --dagfile="Library/Bee/1300b0aE.dag" --continue-on-failure --profile="Library/Bee/backend1.traceevents" ScriptAssemblies
WorkingDir: E:/Unity/Project/TowerDefense/TowerDefense
DisplayProgressbar: Compiling Scripts
Starting: E:\Unity\Material\6000.3.21f1\Editor\Data\netcorerun\netcorerun.exe "E:\Unity\Material\6000.3.21f1\Editor\Data\Tools\BuildPipeline\ScriptCompilationBuildProgram.exe" "Library/Bee/1300b0aE.dag.json" "Library/Bee/1300b0aE-inputdata.json" "Library\Bee\buildprogram0.traceevents"
WorkingDir: E:/Unity/Project/TowerDefense/TowerDefense
ExitCode: 4 Duration: 1s580ms
Rebuilding DAG because FileSignature timestamp changed: Library/Bee/1300b0aE-inputdata.json
[1259/1669  0s] ILPP-Configuration Library/ilpp-configuration.nevergeneratedoutput
*** Tundra requires additional run (1.53 seconds), 2 items updated, 1258 evaluated
ExitCode: 0 Duration: 1s147ms
Starting: E:\Unity\Material\6000.3.21f1\Editor\Data\Tools\BuildPipeline\bee_backend.exe --ipc --defer-dag-verification --dagfile="Library/Bee/1300b0aE.dag" --continue-on-failure --dagfilejson="Library\Bee\1300b0aE.dag.json" --profile="Library/Bee/backend2.traceevents" ScriptAssemblies
WorkingDir: E:/Unity/Project/TowerDefense/TowerDefense
ExitCode: 3 Duration: 6s671ms
Finished compiling graph: 1673 nodes, 35434 flattened edges (28382 ToBuild, 280 ToUse), maximum node priority 1915
[ 226/1669  0s] WriteText Library/Bee/artifacts/1300b0aE.dag/Unity.Burst.rsp
[ 229/1669  0s] WriteText Library/Bee/artifacts/1300b0aE.dag/Unity.Mathematics.rsp
[ 230/1669  0s] WriteText Library/Bee/artifacts/1300b0aE.dag/Unity.InputSystem.rsp
[ 234/1669  0s] WriteText Library/Bee/artifacts/1300b0aE.dag/Unity.Collections.rsp
[ 240/1669  0s] WriteText Library/Bee/artifacts/1300b0aE.dag/UnityEditor.UI.rsp
[ 244/1669  0s] WriteText Library/Bee/artifacts/1300b0aE.dag/Unity.AI.Tracing.rsp
[ 248/1669  0s] WriteText Library/Bee/artifacts/1300b0aE.dag/Unity.AI.Toolkit.Async.rsp
[ 250/1669  0s] WriteText Library/Bee/artifacts/1300b0aE.dag/Unity.AI.Generators.IO.rsp
[ 257/1669  0s] WriteText Library/Bee/artifacts/1300b0aE.dag/Unity.AI.Generators.Asset.rsp
[ 258/1669  0s] WriteText Library/Bee/artifacts/1300b0aE.dag/UnityEngine.UI.rsp
[ 261/1669  0s] WriteText Library/Bee/artifacts/1300b0aE.dag/Unity.RenderPipelines.Core.Runtime.rsp
[ 272/1669  0s] WriteText Library/Bee/artifacts/1300b0aE.dag/Unity.AI.Toolkit.Utility.rsp
[ 273/1669  0s] WriteText Library/Bee/artifacts/1300b0aE.dag/Unity.AI.Assistant.Runtime.rsp
[ 277/1669  0s] WriteText Library/Bee/artifacts/1300b0aE.dag/Unity.AppUI.InternalAPIBridge.rsp
[ 280/1669  0s] WriteText Library/Bee/artifacts/1300b0aE.dag/Unity.2D.Sprite.Editor.rsp
[ 285/1669  0s] WriteText Library/Bee/artifacts/1300b0aE.dag/Unity.AI.Toolkit.Asset.rsp
[ 286/1669  0s] WriteText Library/Bee/artifacts/1300b0aE.dag/Unity.AI.Assistant.Editor.rsp
[ 292/1669  0s] WriteText Library/Bee/artifacts/1300b0aE.dag/Unity.AI.Assistant.Bridge.Editor.rsp
[ 293/1669  0s] WriteText Library/Bee/artifacts/1300b0aE.dag/UnityEngine.TestRunner.rsp
[ 294/1669  0s] WriteText Library/Bee/artifacts/1300b0aE.dag/Unity.Burst.CodeGen.rsp
[ 301/1669  0s] WriteText Library/Bee/artifacts/1300b0aE.dag/UnityEditor.TestRunner.rsp
[ 315/1669  0s] WriteText Library/Bee/artifacts/1300b0aE.dag/Unity.AI.Toolkit.Accounts.rsp
[ 316/1669  0s] WriteText Library/Bee/artifacts/1300b0aE.dag/HFDownloader.rsp
[ 327/1669  0s] WriteText Library/Bee/artifacts/1300b0aE.dag/Unity.UnifiedRayTracing.Runtime.rsp
[ 330/1669  0s] WriteText Library/Bee/artifacts/1300b0aE.dag/Unity.AI.Generators.IO.Srp.rsp
[ 332/1669  0s] WriteText Library/Bee/artifacts/1300b0aE.dag/Unity.VisualScripting.Core.rsp
[ 334/1669  0s] WriteText Library/Bee/artifacts/1300b0aE.dag/Unity.AI.Generators.Sdk.rsp
[ 335/1669  0s] WriteText Library/Bee/artifacts/1300b0aE.dag/Unity.AI.Generators.Contexts.rsp
[ 343/1669  0s] WriteText Library/Bee/artifacts/1300b0aE.dag/Unity.Collections.CodeGen.rsp
[ 344/1669  0s] WriteText Library/Bee/artifacts/1300b0aE.dag/Unity.InferenceEngine.rsp
[ 350/1669  0s] WriteText Library/Bee/artifacts/1300b0aE.dag/Unity.AI.Generators.UI.AIDropdownIntegrations.rsp
[ 351/1669  0s] WriteText Library/Bee/artifacts/1300b0aE.dag/Unity.AI.Search.Editor.rsp
[ 352/1669  0s] WriteText Library/Bee/artifacts/1300b0aE.dag/Unity.AI.Assistant.Agent.Dynamic.Extension.Editor.rsp
[ 353/1669  0s] WriteText Library/Bee/artifacts/1300b0aE.dag/Unity.AI.Generators.Redux.rsp
[ 354/1669  0s] WriteText Library/Bee/artifacts/1300b0aE.dag/Unity.AI.ModelSelector.rsp
[ 355/1669  0s] WriteText Library/Bee/artifacts/1300b0aE.dag/Unity.RenderPipelines.Core.Runtime.Shared.rsp
[ 361/1669  0s] WriteText Library/Bee/artifacts/1300b0aE.dag/Unity.RenderPipeline.Universal.ShaderLibrary.rsp
[ 362/1669  0s] WriteText Library/Bee/artifacts/1300b0aE.dag/Unity.VisualScripting.Flow.rsp
[ 368/1669  0s] WriteText Library/Bee/artifacts/1300b0aE.dag/Unity.AI.Toolkit.Compliance.rsp
[ 369/1669  0s] WriteText Library/Bee/artifacts/1300b0aE.dag/Unity.AI.Generators.UI.rsp
[ 386/1669  0s] WriteText Library/Bee/artifacts/1300b0aE.dag/Unity.AppUI.rsp
[ 404/1669  0s] WriteText Library/Bee/artifacts/1300b0aE.dag/Unity.RenderPipelines.GPUDriven.Runtime.rsp
[ 405/1669  0s] WriteText Library/Bee/artifacts/1300b0aE.dag/Unity.AI.Assistant.Tools.Editor.rsp
[ 414/1669  0s] WriteText Library/Bee/artifacts/1300b0aE.dag/Unity.RenderPipelines.Universal.Runtime.rsp
[ 415/1669  0s] WriteText Library/Bee/artifacts/1300b0aE.dag/Unity.AI.Animate.Motion.Runtime.rsp
[ 417/1669  0s] WriteText Library/Bee/artifacts/1300b0aE.dag/Unity.AI.Sound.rsp
[ 418/1669  0s] WriteText Library/Bee/artifacts/1300b0aE.dag/Unity.RenderPipelines.Core.Editor.rsp
[ 419/1669  0s] WriteText Library/Bee/artifacts/1300b0aE.dag/Unity.AI.Image.rsp
[ 420/1669  0s] WriteText Library/Bee/artifacts/1300b0aE.dag/Unity.AI.Animate.rsp
[ 421/1669  0s] WriteText Library/Bee/artifacts/1300b0aE.dag/Unity.AI.Pbr.Srp.rsp
[ 425/1669  0s] WriteText Library/Bee/artifacts/1300b0aE.dag/Unity.AI.Mesh.rsp
[ 430/1669  0s] WriteText Library/Bee/artifacts/1300b0aE.dag/Unity.VisualScripting.Flow.Editor.rsp
[ 435/1669  0s] WriteText Library/Bee/artifacts/1300b0aE.dag/Unity.VisualScripting.State.rsp
[ 438/1669  0s] WriteText Library/Bee/artifacts/1300b0aE.dag/Unity.AI.Pbr.rsp
[ 441/1669  0s] WriteText Library/Bee/artifacts/1300b0aE.dag/Unity.ShaderGraph.Utilities.rsp
[ 442/1669  0s] WriteText Library/Bee/artifacts/1300b0aE.dag/Unity.AI.Toolkit.GenerationContextMenu.rsp
[ 445/1669  0s] WriteText Library/Bee/artifacts/1300b0aE.dag/Unity.Postprocessing.Runtime.rsp
[ 455/1669  0s] WriteText Library/Bee/artifacts/1300b0aE.dag/Unity.Searcher.Editor.rsp
[ 467/1669  0s] WriteText Library/Bee/artifacts/1300b0aE.dag/Unity.Postprocessing.Editor.rsp
[ 469/1669  0s] WriteText Library/Bee/artifacts/1300b0aE.dag/Unity.RenderPipelines.Core.Editor.Shared.rsp
[ 474/1669  0s] WriteText Library/Bee/artifacts/1300b0aE.dag/Unity.AI.Navigation.Editor.ConversionSystem.rsp
[ 477/1669  0s] WriteText Library/Bee/artifacts/1300b0aE.dag/Unity.AI.Assistant.UI.Editor.rsp
[ 490/1669  0s] WriteText Library/Bee/artifacts/1300b0aE.dag/Unity.TextMeshPro.rsp
[ 498/1669  0s] WriteText Library/Bee/artifacts/1300b0aE.dag/Unity.VisualScripting.Core.Editor.rsp
[ 499/1669  0s] WriteText Library/Bee/artifacts/1300b0aE.dag/Unity.Mathematics.Editor.rsp
[ 500/1669  0s] WriteText Library/Bee/artifacts/1300b0aE.dag/Unity.AI.Navigation.rsp
[ 501/1669  0s] WriteText Library/Bee/artifacts/1300b0aE.dag/Unity.AI.Assistant.Annotations.Editor.rsp
[ 502/1669  0s] WriteText Library/Bee/artifacts/1300b0aE.dag/Unity.InternalAPIEngineBridge.004.rsp
[ 503/1669  0s] WriteText Library/Bee/artifacts/1300b0aE.dag/Unity.AI.Toolkit.GenerationObjectPicker.rsp
[ 504/1669  0s] WriteText Library/Bee/artifacts/1300b0aE.dag/Unity.Timeline.rsp
[ 505/1669  0s] WriteText Library/Bee/artifacts/1300b0aE.dag/Unity.AI.Navigation.Editor.rsp
[ 506/1669  0s] WriteText Library/Bee/artifacts/1300b0aE.dag/Unity.AI.Assistant.API.Editor.rsp
[ 508/1669  0s] WriteText Library/Bee/artifacts/1300b0aE.dag/Unity.AppUI.Navigation.rsp
[ 515/1669  0s] WriteText Library/Bee/artifacts/1300b0aE.dag/Unity.AppUI.Redux.rsp
[ 516/1669  0s] WriteText Library/Bee/artifacts/1300b0aE.dag/Unity.InputSystem.ForUI.rsp
[ 517/1669  0s] WriteText Library/Bee/artifacts/1300b0aE.dag/Unity.TestTools.CodeCoverage.Editor.OpenCover.Mono.Reflection.rsp
[ 543/1669  0s] WriteText Library/Bee/artifacts/1300b0aE.dag/Unity.RenderPipelines.Universal.2D.Runtime.rsp
[ 573/1669  0s] WriteText Library/Bee/artifacts/1300b0aE.dag/Unity.Burst.Editor.rsp
[ 586/1669  0s] WriteText Library/Bee/artifacts/1300b0aE.dag/Unity.InferenceEngine.Microsoft.Msagl.rsp
[ 590/1669  0s] WriteText Library/Bee/artifacts/1300b0aE.dag/Unity.ShaderGraph.Editor.rsp
[ 597/1669  0s] WriteText Library/Bee/artifacts/1300b0aE.dag/Unity.InferenceEngine.Editor.Visualizer.rsp
[ 618/1669  0s] WriteText Library/Bee/artifacts/1300b0aE.dag/Unity.InferenceEngine.ONNX.Editor.rsp
[ 619/1669  0s] WriteText Library/Bee/artifacts/1300b0aE.dag/Unity.VisualScripting.State.Editor.rsp
[ 620/1669  0s] WriteText Library/Bee/artifacts/1300b0aE.dag/Unity.AI.MCP.Runtime.rsp
[ 621/1669  0s] WriteText Library/Bee/artifacts/1300b0aE.dag/Unity.AI.Generators.Tools.rsp
[ 622/1669  0s] WriteText Library/Bee/artifacts/1300b0aE.dag/Unity.RenderPipelines.Universal.Config.Runtime.rsp
[ 623/1669  0s] WriteText Library/Bee/artifacts/1300b0aE.dag/Unity.Multiplayer.Center.Common.rsp
[ 624/1669  0s] WriteText Library/Bee/artifacts/1300b0aE.dag/Unity.AI.Assistant.AssetGenerators.Editor.rsp
[ 625/1669  0s] WriteText Library/Bee/artifacts/1300b0aE.dag/Unity.AppUI.Navigation.Editor.rsp
[ 626/1669  0s] WriteText Library/Bee/artifacts/1300b0aE.dag/Unity.RenderPipelines.Universal.Editor.rsp
[ 627/1669  0s] WriteText Library/Bee/artifacts/1300b0aE.dag/AlienDefense.Runtime.rsp
[ 628/1669  0s] WriteText Library/Bee/artifacts/1300b0aE.dag/Unity.RenderPipelines.Universal.Shaders.rsp
[ 629/1669  0s] WriteText Library/Bee/artifacts/1300b0aE.dag/Unity.VisualScripting.Shared.Editor.rsp
[ 630/1669  0s] WriteText Library/Bee/artifacts/1300b0aE.dag/Unity.Settings.Editor.rsp
[ 631/1669  0s] WriteText Library/Bee/artifacts/1300b0aE.dag/Unity.AppUI.Editor.rsp
[ 632/1669  0s] WriteText Library/Bee/artifacts/1300b0aE.dag/Unity.Rider.Editor.rsp
[ 633/1669  0s] WriteText Library/Bee/artifacts/1300b0aE.dag/Unity.VisualStudio.Editor.rsp
[ 634/1669  0s] WriteText Library/Bee/artifacts/1300b0aE.dag/UnityEditor.UI.Analytics.rsp
[ 635/1669  0s] WriteText Library/Bee/artifacts/1300b0aE.dag/Unity.Rendering.LightTransport.Editor.rsp
[ 636/1669  0s] WriteText Library/Bee/artifacts/1300b0aE.dag/Unity.PlasticSCM.Editor.rsp
[ 637/1669  0s] WriteText Library/Bee/artifacts/1300b0aE.dag/Unity.TestTools.CodeCoverage.Editor.rsp
[ 638/1669  0s] WriteText Library/Bee/artifacts/1300b0aE.dag/Unity.AppUI.Redux.Editor.rsp
[ 639/1669  0s] WriteText Library/Bee/artifacts/1300b0aE.dag/Unity.TextMeshPro.Editor.rsp
[ 640/1669  0s] WriteText Library/Bee/artifacts/1300b0aE.dag/Unity.InferenceEngine.iOSBLAS.rsp
[ 641/1669  0s] WriteText Library/Bee/artifacts/1300b0aE.dag/Unity.ProGrids.Editor.rsp
[ 642/1669  0s] WriteText Library/Bee/artifacts/1300b0aE.dag/Unity.TestTools.CodeCoverage.Editor.OpenCover.Model.rsp
[ 643/1669  0s] WriteText Library/Bee/artifacts/1300b0aE.dag/Unity.Timeline.Editor.rsp
[ 644/1669  0s] WriteText Library/Bee/artifacts/1300b0aE.dag/Unity.VisualScripting.SettingsProvider.Editor.rsp
[ 645/1669  0s] WriteText Library/Bee/artifacts/1300b0aE.dag/Unity.AI.MCP.Editor.rsp
[ 648/1669  0s] WriteText Library/Bee/artifacts/1300b0aE.dag/Unity.InputSystem.ForUI.Editor.rsp
[ 659/1669  0s] WriteText Library/Bee/artifacts/1300b0aE.dag/Unity.Multiplayer.Center.Editor.rsp
[ 660/1669  0s] WriteText Library/Bee/artifacts/1300b0aE.dag/Unity.InferenceEngine.Tokenization.rsp
[ 661/1669  0s] WriteText Library/Bee/artifacts/1300b0aE.dag/Unity.AppUI.MVVM.rsp
[ 662/1669  0s] WriteText Library/Bee/artifacts/1300b0aE.dag/Unity.ProGrids.rsp
[ 669/1669  0s] WriteText Library/Bee/artifacts/1300b0aE.dag/Unity.EditorCoroutines.Editor.rsp
[ 672/1669  0s] WriteText Library/Bee/artifacts/1300b0aE.dag/AlienDefense.Tests.PlayMode.rsp
[ 679/1669  0s] WriteText Library/Bee/artifacts/1300b0aE.dag/AlienDefense.Tests.EditMode.rsp
[ 692/1669  0s] WriteText Library/Bee/artifacts/1300b0aE.dag/Unity.Collections.Editor.rsp
[ 697/1669  0s] WriteText Library/Bee/artifacts/1300b0aE.dag/Unity.AI.Assistant.Integrations.Profiler.Editor.rsp
[ 698/1669  0s] WriteText Library/Bee/artifacts/1300b0aE.dag/Assembly-CSharp.rsp
[ 699/1669  0s] WriteText Library/Bee/artifacts/1300b0aE.dag/Unity.RenderPipelines.Core.ShaderLibrary.rsp
[ 700/1669  0s] WriteText Library/Bee/artifacts/1300b0aE.dag/Unity.RenderPipelines.ShaderGraph.ShaderGraphLibrary.rsp
[ 701/1669  0s] WriteText Library/Bee/artifacts/1300b0aE.dag/Unity.RenderPipelines.Universal.2D.Editor.Overrides.rsp
[ 702/1669  0s] WriteText Library/Bee/artifacts/1300b0aE.dag/Unity.InferenceEngine.MacBLAS.rsp
[ 703/1669  0s] WriteText Library/Bee/artifacts/1300b0aE.dag/Unity.AI.Navigation.Updater.rsp
[ 704/1669  0s] WriteText Library/Bee/artifacts/1300b0aE.dag/Assembly-CSharp-firstpass.rsp
[ 705/1669  0s] WriteText Library/Bee/artifacts/1300b0aE.dag/Unity.PerformanceTesting.rsp
[ 706/1669  0s] WriteText Library/Bee/artifacts/1300b0aE.dag/AlienDefense.Editor.rsp
[ 707/1669  0s] WriteText Library/Bee/artifacts/1300b0aE.dag/Unity.AppUI.Undo.rsp
[ 708/1669  0s] WriteResponseFile Library/Bee/artifacts/rsp/8025669161390045999.rsp
[ 709/1669  0s] WriteText Library/Bee/artifacts/1300b0aE.dag/Unity.VisualScripting.DocCodeExamples.rsp
[ 710/1669  0s] WriteText Library/Bee/artifacts/1300b0aE.dag/Unity.Performance.Profile-Analyzer.Editor.rsp
[ 711/1669  0s] WriteText Library/Bee/artifacts/1300b0aE.dag/Unity.CollabProxy.Editor.rsp
[ 712/1669  0s] WriteResponseFile Library/Bee/artifacts/rsp/2905846839826360205.rsp
[ 713/1669  0s] WriteText Library/Bee/artifacts/1300b0aE.dag/Unity.PerformanceTesting.Editor.rsp
[ 714/1669  0s] WriteText Library/Bee/artifacts/1300b0aE.dag/Assembly-CSharp-Editor.rsp
[ 715/1669  0s] WriteResponseFile Library/Bee/artifacts/rsp/10888462760497858608.rsp
[ 716/1669  0s] WriteText Library/Bee/artifacts/1300b0aE.dag/Unity.InputSystem.TestFramework.rsp
[ 717/1669  0s] WriteResponseFile Library/Bee/artifacts/rsp/3918881700225894028.rsp
[ 718/1669  0s] WriteResponseFile Library/Bee/artifacts/rsp/13316254593911903285.rsp
[ 719/1669  0s] WriteResponseFile Library/Bee/artifacts/rsp/16931096754936575283.rsp
[ 720/1669  0s] WriteResponseFile Library/Bee/artifacts/rsp/9270447892738695245.rsp
[ 721/1669  0s] WriteResponseFile Library/Bee/artifacts/rsp/17426999905933582995.rsp
[ 722/1669  0s] WriteResponseFile Library/Bee/artifacts/rsp/18228123883807963745.rsp
[ 723/1669  0s] WriteResponseFile Library/Bee/artifacts/rsp/3518005517008711857.rsp
[ 724/1669  0s] WriteResponseFile Library/Bee/artifacts/rsp/9674472618506675568.rsp
[ 725/1669  0s] WriteResponseFile Library/Bee/artifacts/rsp/14735455890999770776.rsp
[ 726/1669  0s] WriteText Library/Bee/artifacts/1300b0aE.dag/Unity.2D.Tilemap.Editor.rsp
[ 727/1669  0s] WriteResponseFile Library/Bee/artifacts/rsp/15822029657000475244.rsp
[ 728/1669  0s] WriteText Library/Bee/artifacts/1300b0aE.dag/PPv2URPConverters.rsp
[ 729/1669  0s] WriteResponseFile Library/Bee/artifacts/rsp/14336251148300618570.rsp
[ 730/1669  0s] WriteResponseFile Library/Bee/artifacts/rsp/14566175992678128464.rsp
[ 731/1669  0s] WriteResponseFile Library/Bee/artifacts/rsp/8699098077424364950.rsp
[ 732/1669  0s] WriteResponseFile Library/Bee/artifacts/rsp/10967801669428031168.rsp
[ 733/1669  0s] WriteResponseFile Library/Bee/artifacts/rsp/1459951638464807457.rsp
[ 734/1669  0s] WriteText Library/Bee/artifacts/1300b0aE.dag/Unity.InputSystem.DocCodeSamples.rsp
[ 735/1669  0s] WriteResponseFile Library/Bee/artifacts/rsp/12840568150877462251.rsp
[ 736/1669  0s] WriteText Library/Bee/artifacts/1300b0aE.dag/Unity.PlasticSCM.Editor.Entities.rsp
[ 737/1669  0s] WriteResponseFile Library/Bee/artifacts/rsp/2536172375347383056.rsp
[ 738/1669  0s] WriteResponseFile Library/Bee/artifacts/rsp/289215647867572273.rsp
[ 739/1669  0s] WriteResponseFile Library/Bee/artifacts/rsp/1091853814151126383.rsp
[ 740/1669  0s] WriteResponseFile Library/Bee/artifacts/rsp/10592572341192533515.rsp
[ 741/1669  0s] WriteResponseFile Library/Bee/artifacts/rsp/1232274352515183983.rsp
[ 742/1669  0s] WriteResponseFile Library/Bee/artifacts/rsp/9331854439448552.rsp
[ 743/1669  0s] WriteResponseFile Library/Bee/artifacts/rsp/37211576175058441.rsp
[ 744/1669  0s] WriteText Library/Bee/artifacts/1300b0aE.dag/Unity.InferenceEngine.Editor.rsp
[ 745/1669  0s] WriteResponseFile Library/Bee/artifacts/rsp/17849343244525841244.rsp
[ 746/1669  0s] WriteResponseFile Library/Bee/artifacts/rsp/10287777301456656091.rsp
[ 747/1669  0s] WriteResponseFile Library/Bee/artifacts/rsp/17594018927210330302.rsp
[ 748/1669  0s] WriteResponseFile Library/Bee/artifacts/rsp/18322172259747250364.rsp
[ 749/1669  0s] WriteResponseFile Library/Bee/artifacts/rsp/10954961577305843072.rsp
[ 750/1669  0s] WriteResponseFile Library/Bee/artifacts/rsp/10200443812552500153.rsp
[ 751/1669  0s] WriteResponseFile Library/Bee/artifacts/rsp/17582761520220865613.rsp
[ 752/1669  0s] WriteResponseFile Library/Bee/artifacts/rsp/2855630747675663083.rsp
[ 753/1669  0s] WriteResponseFile Library/Bee/artifacts/rsp/1786589184738026931.rsp
[ 754/1669  0s] WriteResponseFile Library/Bee/artifacts/rsp/5719315610345306174.rsp
[ 755/1669  0s] WriteResponseFile Library/Bee/artifacts/rsp/8501450738774796349.rsp
[ 756/1669  0s] WriteResponseFile Library/Bee/artifacts/rsp/5776278630737689099.rsp
[ 757/1669  0s] WriteResponseFile Library/Bee/artifacts/rsp/17757397605094907995.rsp
[ 758/1669  0s] WriteResponseFile Library/Bee/artifacts/rsp/16514798858072012908.rsp
[ 759/1669  0s] WriteResponseFile Library/Bee/artifacts/rsp/14242374654967840925.rsp
[ 760/1669  0s] WriteResponseFile Library/Bee/artifacts/rsp/8390432976022905972.rsp
[ 761/1669  0s] WriteResponseFile Library/Bee/artifacts/rsp/12602977750693246875.rsp
[ 762/1669  0s] WriteResponseFile Library/Bee/artifacts/rsp/14540844418576930643.rsp
[ 763/1669  0s] WriteResponseFile Library/Bee/artifacts/rsp/1172049482790862315.rsp
[ 764/1669  0s] WriteResponseFile Library/Bee/artifacts/rsp/1611384070209416087.rsp
[ 765/1669  0s] WriteResponseFile Library/Bee/artifacts/rsp/3305602452097293432.rsp
[ 766/1669  0s] WriteResponseFile Library/Bee/artifacts/rsp/13465028941639940531.rsp
[ 767/1669  0s] WriteResponseFile Library/Bee/artifacts/rsp/10514843007091821179.rsp
[ 768/1669  0s] WriteResponseFile Library/Bee/artifacts/rsp/14037764100386846435.rsp
[ 769/1669  0s] WriteResponseFile Library/Bee/artifacts/rsp/15412915583102750522.rsp
[ 770/1669  0s] WriteResponseFile Library/Bee/artifacts/rsp/9212459627061007907.rsp
[ 771/1669  0s] WriteResponseFile Library/Bee/artifacts/rsp/10078712023569429724.rsp
[ 772/1669  0s] WriteResponseFile Library/Bee/artifacts/rsp/3849849638900115169.rsp
[ 773/1669  0s] WriteResponseFile Library/Bee/artifacts/rsp/18083169557732820060.rsp
[ 774/1669  0s] WriteResponseFile Library/Bee/artifacts/rsp/15203659990925296088.rsp
[ 775/1669  0s] WriteResponseFile Library/Bee/artifacts/rsp/15057807673945199079.rsp
[ 776/1669  0s] WriteResponseFile Library/Bee/artifacts/rsp/7402756250175941108.rsp
[ 777/1669  0s] WriteResponseFile Library/Bee/artifacts/rsp/4485339392864604320.rsp
[ 778/1669  0s] WriteResponseFile Library/Bee/artifacts/rsp/3525977299383787660.rsp
[ 779/1669  0s] WriteResponseFile Library/Bee/artifacts/rsp/12098234485063807520.rsp
[ 780/1669  0s] WriteResponseFile Library/Bee/artifacts/rsp/4134600381621047320.rsp
[ 781/1669  0s] WriteResponseFile Library/Bee/artifacts/rsp/3937067864764424448.rsp
[ 782/1669  0s] WriteResponseFile Library/Bee/artifacts/rsp/9075397928717196760.rsp
[ 783/1669  0s] WriteResponseFile Library/Bee/artifacts/rsp/16905974325080997953.rsp
[ 784/1669  0s] WriteResponseFile Library/Bee/artifacts/rsp/7904147777937170644.rsp
[ 785/1669  0s] WriteResponseFile Library/Bee/artifacts/rsp/709639717208247356.rsp
[ 786/1669  0s] WriteResponseFile Library/Bee/artifacts/rsp/7184406214830019930.rsp
[ 787/1669  0s] WriteResponseFile Library/Bee/artifacts/rsp/9097835524928946318.rsp
[ 788/1669  0s] WriteResponseFile Library/Bee/artifacts/rsp/11824854402117669058.rsp
[ 789/1669  0s] WriteResponseFile Library/Bee/artifacts/rsp/5554560333246101996.rsp
[ 790/1669  0s] WriteResponseFile Library/Bee/artifacts/rsp/9198407569815801568.rsp
[ 791/1669  0s] WriteResponseFile Library/Bee/artifacts/rsp/3067536533536696810.rsp
[ 792/1669  0s] WriteResponseFile Library/Bee/artifacts/rsp/8789678140127604791.rsp
[ 793/1669  0s] WriteResponseFile Library/Bee/artifacts/rsp/5411156671350372963.rsp
[ 794/1669  0s] WriteResponseFile Library/Bee/artifacts/rsp/15275644914897988361.rsp
[ 795/1669  0s] WriteResponseFile Library/Bee/artifacts/rsp/8518886007441418554.rsp
[ 796/1669  0s] WriteResponseFile Library/Bee/artifacts/rsp/9886885378311276114.rsp
[ 797/1669  0s] WriteResponseFile Library/Bee/artifacts/rsp/18239973129051649534.rsp
[ 798/1669  0s] WriteResponseFile Library/Bee/artifacts/rsp/11791390613095657147.rsp
[ 799/1669  0s] WriteResponseFile Library/Bee/artifacts/rsp/1981472465749282022.rsp
[ 800/1669  0s] WriteResponseFile Library/Bee/artifacts/rsp/15777488915826301161.rsp
[ 801/1669  0s] WriteResponseFile Library/Bee/artifacts/rsp/16972747988412433571.rsp
[ 802/1669  0s] WriteResponseFile Library/Bee/artifacts/rsp/10718943009391788070.rsp
[ 803/1669  0s] WriteResponseFile Library/Bee/artifacts/rsp/7611903119678565411.rsp
[ 804/1669  0s] WriteResponseFile Library/Bee/artifacts/rsp/11999323142404156371.rsp
[ 805/1669  0s] WriteResponseFile Library/Bee/artifacts/rsp/1333642170808217536.rsp
[ 806/1669  0s] WriteResponseFile Library/Bee/artifacts/rsp/1188188249925086948.rsp
[ 807/1669  0s] WriteResponseFile Library/Bee/artifacts/rsp/9844852725533748748.rsp
[ 808/1669  0s] WriteResponseFile Library/Bee/artifacts/rsp/74816008249421441.rsp
[ 809/1669  0s] WriteResponseFile Library/Bee/artifacts/rsp/17390012628829575366.rsp
[ 810/1669  0s] WriteResponseFile Library/Bee/artifacts/rsp/5442273202131319612.rsp
[ 811/1669  0s] WriteResponseFile Library/Bee/artifacts/rsp/9569142104674744329.rsp
[ 812/1669  0s] WriteResponseFile Library/Bee/artifacts/rsp/41017698057876984.rsp
[ 813/1669  0s] WriteResponseFile Library/Bee/artifacts/rsp/1729404573335410471.rsp
[ 814/1669  0s] WriteResponseFile Library/Bee/artifacts/rsp/16323991389508385240.rsp
[ 815/1669  0s] WriteResponseFile Library/Bee/artifacts/rsp/7239542340248591632.rsp
[ 816/1669  0s] WriteResponseFile Library/Bee/artifacts/rsp/15763483306070338107.rsp
[ 817/1669  0s] WriteResponseFile Library/Bee/artifacts/rsp/1744295493734331085.rsp
[ 818/1669  0s] WriteResponseFile Library/Bee/artifacts/rsp/15184209867333330158.rsp
[ 819/1669  0s] WriteResponseFile Library/Bee/artifacts/rsp/16372178809678277784.rsp
[ 820/1669  0s] WriteResponseFile Library/Bee/artifacts/rsp/17510839795233210480.rsp
[ 821/1669  0s] WriteResponseFile Library/Bee/artifacts/rsp/12303857618959198109.rsp
[ 822/1669  0s] WriteResponseFile Library/Bee/artifacts/rsp/3837960083045025138.rsp
[ 823/1669  0s] WriteResponseFile Library/Bee/artifacts/rsp/3303176138199151567.rsp
[ 824/1669  0s] WriteResponseFile Library/Bee/artifacts/rsp/14537822297989447453.rsp
[ 825/1669  0s] WriteResponseFile Library/Bee/artifacts/rsp/17184976507885984284.rsp
[ 826/1669  0s] WriteResponseFile Library/Bee/artifacts/rsp/5974930578599960779.rsp
[ 827/1669  0s] WriteResponseFile Library/Bee/artifacts/rsp/10993824500343394376.rsp
[ 828/1669  0s] WriteResponseFile Library/Bee/artifacts/rsp/11002697527159870019.rsp
[ 829/1669  0s] WriteResponseFile Library/Bee/artifacts/rsp/16600461807233704356.rsp
[ 830/1669  0s] WriteResponseFile Library/Bee/artifacts/rsp/1241983690948158776.rsp
[ 831/1669  0s] WriteResponseFile Library/Bee/artifacts/rsp/3215761544584345303.rsp
[ 832/1669  0s] WriteResponseFile Library/Bee/artifacts/rsp/17619925978337972561.rsp
[ 833/1669  0s] WriteResponseFile Library/Bee/artifacts/rsp/14351532175408764962.rsp
[ 834/1669  0s] WriteResponseFile Library/Bee/artifacts/rsp/4647774946396185751.rsp
[ 835/1669  0s] WriteResponseFile Library/Bee/artifacts/rsp/11823786202897662469.rsp
[ 836/1669  0s] WriteResponseFile Library/Bee/artifacts/rsp/10448040221652917037.rsp
[ 837/1669  0s] WriteResponseFile Library/Bee/artifacts/rsp/8987614382574014309.rsp
[ 838/1669  0s] WriteResponseFile Library/Bee/artifacts/rsp/16105365442891625930.rsp
[ 839/1669  0s] WriteResponseFile Library/Bee/artifacts/rsp/740093760171172203.rsp
[ 840/1669  0s] WriteResponseFile Library/Bee/artifacts/rsp/2575615889380309149.rsp
[ 841/1669  0s] WriteResponseFile Library/Bee/artifacts/rsp/7908798050243889438.rsp
[ 842/1669  0s] WriteResponseFile Library/Bee/artifacts/rsp/4304692294518993547.rsp
[ 843/1669  0s] WriteResponseFile Library/Bee/artifacts/rsp/1686693736056180289.rsp
[ 844/1669  0s] WriteResponseFile Library/Bee/artifacts/rsp/13966027777634868133.rsp
[ 845/1669  0s] WriteResponseFile Library/Bee/artifacts/rsp/11515818914287258962.rsp
[ 846/1669  0s] WriteResponseFile Library/Bee/artifacts/rsp/6442277200419780992.rsp
[ 847/1669  0s] WriteResponseFile Library/Bee/artifacts/rsp/17772545061841082557.rsp
[ 848/1669  0s] WriteResponseFile Library/Bee/artifacts/rsp/5363686920344649345.rsp
[ 849/1669  0s] WriteResponseFile Library/Bee/artifacts/rsp/3374228670950888938.rsp
[ 850/1669  0s] WriteResponseFile Library/Bee/artifacts/rsp/16501560687755270999.rsp
[ 851/1669  0s] WriteResponseFile Library/Bee/artifacts/rsp/9935807585108435671.rsp
[ 852/1669  0s] WriteResponseFile Library/Bee/artifacts/rsp/11726837208814787111.rsp
[ 852/1669  0s] Csc Library/Bee/artifacts/1300b0aE.dag/UnityEngine.UI.dll (+2 others) [CacheHit 16d0737e13a5f1167d9049267e55ce8700000000000000000000000000000005]
[ 853/1669 1789386472s] Csc Library/Bee/artifacts/1300b0aE.dag/UnityEngine.UI.dll (+2 others)
[ 854/1669  0s] Csc Library/Bee/artifacts/1300b0aE.dag/UnityEngine.TestRunner.dll (+2 others) [CacheHit 5f9c00d114761ce01fda8f4aa7843c7200000000000000000000000000000005]
[ 856/1669 1789386472s] Csc Library/Bee/artifacts/1300b0aE.dag/UnityEngine.TestRunner.dll (+2 others)
[ 858/1669  0s] CopyFiles Library/ScriptAssemblies/UnityEngine.TestRunner.pdb
[ 858/1669  0s] Csc Library/Bee/artifacts/1300b0aE.dag/UnityEditor.TestRunner.dll (+2 others) [CacheHit dd74c2c6b9e21a9cb3c6152115e070c800000000000000000000000000000005]
[ 861/1669 1789386472s] Csc Library/Bee/artifacts/1300b0aE.dag/UnityEditor.TestRunner.dll (+2 others)
[ 863/1669  0s] CopyFiles Library/ScriptAssemblies/UnityEditor.TestRunner.pdb
[ 866/1669  0s] CopyFiles Library/ScriptAssemblies/UnityEngine.TestRunner.dll
[ 863/1669  0s] Csc Library/Bee/artifacts/1300b0aE.dag/UnityEditor.UI.dll (+2 others) [CacheHit 4bfe8e8dab7a11ccd5790d27d72fbe5d00000000000000000000000000000005]
[ 867/1669 1789386472s] Csc Library/Bee/artifacts/1300b0aE.dag/UnityEditor.UI.dll (+2 others)
[ 889/1669  0s] CopyFiles Library/ScriptAssemblies/UnityEditor.TestRunner.dll
[ 886/1669  0s] Csc Library/Bee/artifacts/1300b0aE.dag/Unity.AI.Assistant.Annotations.Editor.dll (+2 others) [CacheHit 9976b8507f4d32cccac349617b23252600000000000000000000000000000005]
[ 886/1669  0s] Csc Library/Bee/artifacts/1300b0aE.dag/Unity.AppUI.InternalAPIBridge.dll (+2 others) [CacheHit 111a1665d450ee1316187a1f5cf7ee1000000000000000000000000000000005]
[ 891/1669 1789386472s] Csc Library/Bee/artifacts/1300b0aE.dag/Unity.AI.Assistant.Annotations.Editor.dll (+2 others)
[ 893/1669 1789386472s] Csc Library/Bee/artifacts/1300b0aE.dag/Unity.AppUI.InternalAPIBridge.dll (+2 others)
[ 888/1669  0s] Csc Library/Bee/artifacts/1300b0aE.dag/Unity.Postprocessing.Runtime.dll (+2 others) [CacheHit 94938910f4786eb8c446277dbb72d21f00000000000000000000000000000005]
[ 895/1669 1789386472s] Csc Library/Bee/artifacts/1300b0aE.dag/Unity.Postprocessing.Runtime.dll (+2 others)
[ 889/1669  0s] Csc Library/Bee/artifacts/1300b0aE.dag/Unity.Mathematics.dll (+2 others) [CacheHit 803347189000b091bdf76b155ec3d6a200000000000000000000000000000005]
[ 897/1669 1789386472s] Csc Library/Bee/artifacts/1300b0aE.dag/Unity.Mathematics.dll (+2 others)
[ 890/1669  0s] Csc Library/Bee/artifacts/1300b0aE.dag/Unity.InternalAPIEngineBridge.004.dll (+2 others) [CacheHit 45d5cf69b857754489d5357af3f70bb100000000000000000000000000000005]
[ 899/1669 1789386472s] Csc Library/Bee/artifacts/1300b0aE.dag/Unity.InternalAPIEngineBridge.004.dll (+2 others)
[ 891/1669  0s] Csc Library/Bee/artifacts/1300b0aE.dag/Unity.AI.Toolkit.Utility.dll (+2 others) [CacheHit 0aec5c05afc7a2f0e635999844c403db00000000000000000000000000000005]
[ 901/1669 1789386472s] Csc Library/Bee/artifacts/1300b0aE.dag/Unity.AI.Toolkit.Utility.dll (+2 others)
[ 892/1669  0s] Csc Library/Bee/artifacts/1300b0aE.dag/Unity.AI.Assistant.Bridge.Editor.dll (+2 others) [CacheHit c4727cfa487398aa51c1797c55d0122800000000000000000000000000000005]
[ 903/1669 1789386472s] Csc Library/Bee/artifacts/1300b0aE.dag/Unity.AI.Assistant.Bridge.Editor.dll (+2 others)
[ 893/1669  0s] Csc Library/Bee/artifacts/1300b0aE.dag/Unity.AI.Assistant.Agent.Dynamic.Extension.Editor.dll (+2 others) [CacheHit 2a22bf8b40d68b1afa1c5c8af30c518500000000000000000000000000000005]
[ 905/1669 1789386472s] Csc Library/Bee/artifacts/1300b0aE.dag/Unity.AI.Assistant.Agent.Dynamic.Extension.Editor.dll (+2 others)
[ 894/1669  0s] Csc Library/Bee/artifacts/1300b0aE.dag/Unity.2D.Sprite.Editor.dll (+2 others) [CacheHit 52f0a5650a2adde4eca1acfa7c6db2f200000000000000000000000000000005]
[ 907/1669 1789386472s] Csc Library/Bee/artifacts/1300b0aE.dag/Unity.2D.Sprite.Editor.dll (+2 others)
[ 895/1669  0s] Csc Library/Bee/artifacts/1300b0aE.dag/Unity.AI.Generators.Contexts.dll (+2 others) [CacheHit 013fbeb0b38896802adca54620bc888f00000000000000000000000000000005]
[ 909/1669 1789386472s] Csc Library/Bee/artifacts/1300b0aE.dag/Unity.AI.Generators.Contexts.dll (+2 others)
[ 896/1669  0s] Csc Library/Bee/artifacts/1300b0aE.dag/Unity.InputSystem.dll (+2 others) [CacheHit 320396ca2a094e80d6f1a7bde63cd18600000000000000000000000000000005]
[ 911/1669 1789386472s] Csc Library/Bee/artifacts/1300b0aE.dag/Unity.InputSystem.dll (+2 others)
[ 897/1669  0s] Csc Library/Bee/artifacts/1300b0aE.dag/Unity.Searcher.Editor.dll (+2 others) [CacheHit 53c194faea88f6d5fc18d99484606f5900000000000000000000000000000005]
[ 913/1669 1789386472s] Csc Library/Bee/artifacts/1300b0aE.dag/Unity.Searcher.Editor.dll (+2 others)
[ 900/1669  0s] Csc Library/Bee/artifacts/1300b0aE.dag/Unity.Burst.dll (+2 others) [CacheHit 2e81b9467ec432df344193e68bd6759200000000000000000000000000000005]
[ 917/1669 1789386472s] Csc Library/Bee/artifacts/1300b0aE.dag/Unity.Burst.dll (+2 others)
[ 901/1669  0s] Csc Library/Bee/artifacts/1300b0aE.dag/Unity.AI.Toolkit.Compliance.dll (+2 others) [CacheHit 1f08e70aaddde337f6853fcf0fe2f32f00000000000000000000000000000005]
[ 919/1669 1789386472s] Csc Library/Bee/artifacts/1300b0aE.dag/Unity.AI.Toolkit.Compliance.dll (+2 others)
[ 902/1669  0s] Csc Library/Bee/artifacts/1300b0aE.dag/Unity.AI.Toolkit.Async.dll (+2 others) [CacheHit e1ce074292e3f8cd633495c1f677ff3e00000000000000000000000000000005]
[ 921/1669 1789386472s] Csc Library/Bee/artifacts/1300b0aE.dag/Unity.AI.Toolkit.Async.dll (+2 others)
[ 906/1669  0s] Csc Library/Bee/artifacts/1300b0aE.dag/Unity.AI.Generators.IO.Srp.dll (+2 others) [CacheHit b93b6bc443d61b572202f0fadca0b76c00000000000000000000000000000005]
[ 926/1669 1789386472s] Csc Library/Bee/artifacts/1300b0aE.dag/Unity.AI.Generators.IO.Srp.dll (+2 others)
[ 907/1669  0s] Csc Library/Bee/artifacts/1300b0aE.dag/HFDownloader.dll (+2 others) [CacheHit 3643e421c6ebb2a90e935fad424e868a00000000000000000000000000000005]
[ 928/1669 1789386472s] Csc Library/Bee/artifacts/1300b0aE.dag/HFDownloader.dll (+2 others)
[ 923/1669  0s] Csc Library/Bee/artifacts/1300b0aE.dag/Unity.AI.Animate.Motion.Runtime.dll (+2 others) [CacheHit 39f4dbb29de6ed2e7f0ea8bb7b2199fa00000000000000000000000000000005]
[ 923/1669  0s] Csc Library/Bee/artifacts/1300b0aE.dag/Unity.AI.Tracing.dll (+2 others) [CacheHit 20067c30aa190bd0487214493fa9632e00000000000000000000000000000005]
[ 945/1669 1789386472s] Csc Library/Bee/artifacts/1300b0aE.dag/Unity.AI.Animate.Motion.Runtime.dll (+2 others)
[ 947/1669 1789386472s] Csc Library/Bee/artifacts/1300b0aE.dag/Unity.AI.Tracing.dll (+2 others)
[ 942/1669  0s] Csc Library/Bee/artifacts/1300b0aE.dag/Unity.ShaderGraph.Utilities.dll (+2 others) [CacheHit 193c171d57d540a36f34ea5a156f0f0a00000000000000000000000000000005]
[ 966/1669 1789386472s] Csc Library/Bee/artifacts/1300b0aE.dag/Unity.ShaderGraph.Utilities.dll (+2 others)
[ 944/1669  0s] Csc Library/Bee/artifacts/1300b0aE.dag/Unity.ProGrids.dll (+2 others) [CacheHit c762b0a9db7b47115ec9df49de58b43800000000000000000000000000000005]
[ 969/1669 1789386472s] Csc Library/Bee/artifacts/1300b0aE.dag/Unity.ProGrids.dll (+2 others)
[ 946/1669  0s] Csc Library/Bee/artifacts/1300b0aE.dag/Unity.Settings.Editor.dll (+2 others) [CacheHit 3037e41a32e4f0f898695d112d23919f00000000000000000000000000000005]
[ 946/1669  0s] Csc Library/Bee/artifacts/1300b0aE.dag/Unity.InferenceEngine.Microsoft.Msagl.dll (+2 others) [CacheHit a4fd9907ab5a5318cfc57ec8a58412ea00000000000000000000000000000005]
[ 972/1669 1789386472s] Csc Library/Bee/artifacts/1300b0aE.dag/Unity.Settings.Editor.dll (+2 others)
[ 974/1669 1789386472s] Csc Library/Bee/artifacts/1300b0aE.dag/Unity.InferenceEngine.Microsoft.Msagl.dll (+2 others)
[ 949/1669  0s] Csc Library/Bee/artifacts/1300b0aE.dag/Unity.Multiplayer.Center.Common.dll (+2 others) [CacheHit 2a96ba5c76bb560d0c74c95a2558a83600000000000000000000000000000005]
[ 977/1669 1789386472s] Csc Library/Bee/artifacts/1300b0aE.dag/Unity.Multiplayer.Center.Common.dll (+2 others)
[ 951/1669  0s] Csc Library/Bee/artifacts/1300b0aE.dag/Unity.AI.Navigation.Editor.ConversionSystem.dll (+2 others) [CacheHit c7e69fdd998f3d5935332b3af7a2c2f400000000000000000000000000000005]
[ 980/1669 1789386472s] Csc Library/Bee/artifacts/1300b0aE.dag/Unity.AI.Navigation.Editor.ConversionSystem.dll (+2 others)
[ 952/1669  0s] Csc Library/Bee/artifacts/1300b0aE.dag/Unity.TestTools.CodeCoverage.Editor.OpenCover.Model.dll (+2 others) [CacheHit c9b75faedd17ca215b75c5493b7414b700000000000000000000000000000005]
[ 982/1669 1789386472s] Csc Library/Bee/artifacts/1300b0aE.dag/Unity.TestTools.CodeCoverage.Editor.OpenCover.Model.dll (+2 others)
[ 953/1669  0s] Csc Library/Bee/artifacts/1300b0aE.dag/Unity.Timeline.dll (+2 others) [CacheHit 349580e9eb4baf6333c8abfe8c63728b00000000000000000000000000000005]
[ 984/1669 1789386472s] Csc Library/Bee/artifacts/1300b0aE.dag/Unity.Timeline.dll (+2 others)
[ 954/1669  0s] Csc Library/Bee/artifacts/1300b0aE.dag/Unity.Postprocessing.Editor.dll (+2 others) [CacheHit 8db1d28fed48616a46aa6072563c470800000000000000000000000000000005]
[ 986/1669 1789386472s] Csc Library/Bee/artifacts/1300b0aE.dag/Unity.Postprocessing.Editor.dll (+2 others)
[ 955/1669  0s] Csc Library/Bee/artifacts/1300b0aE.dag/Unity.TextMeshPro.dll (+2 others) [CacheHit d8f3aa39097a5a6a4f8d779ddda876c800000000000000000000000000000005]
[ 988/1669 1789386472s] Csc Library/Bee/artifacts/1300b0aE.dag/Unity.TextMeshPro.dll (+2 others)
[ 956/1669  0s] Csc Library/Bee/artifacts/1300b0aE.dag/Unity.AI.MCP.Runtime.dll (+2 others) [CacheHit 17afcea7a755331532f34328394ae50800000000000000000000000000000005]
[ 990/1669 1789386472s] Csc Library/Bee/artifacts/1300b0aE.dag/Unity.AI.MCP.Runtime.dll (+2 others)
[ 958/1669  0s] Csc Library/Bee/artifacts/1300b0aE.dag/Unity.AI.Navigation.dll (+2 others) [CacheHit fdb63531578a55a69f4f13b8dc2893d800000000000000000000000000000005]
[ 993/1669 1789386472s] Csc Library/Bee/artifacts/1300b0aE.dag/Unity.AI.Navigation.dll (+2 others)
[ 960/1669  0s] Csc Library/Bee/artifacts/1300b0aE.dag/Unity.AI.Toolkit.Asset.dll (+2 others) [CacheHit 627a37af63a1443fef9139f3396ba03000000000000000000000000000000005]
[ 996/1669 1789386472s] Csc Library/Bee/artifacts/1300b0aE.dag/Unity.AI.Toolkit.Asset.dll (+2 others)
[ 961/1669  0s] Csc Library/Bee/artifacts/1300b0aE.dag/Unity.Mathematics.Editor.dll (+2 others) [CacheHit 78e5ed05fffc78af334e175bcf23f31700000000000000000000000000000005]
[ 998/1669 1789386472s] Csc Library/Bee/artifacts/1300b0aE.dag/Unity.Mathematics.Editor.dll (+2 others)
[ 963/1669  0s] Csc Library/Bee/artifacts/1300b0aE.dag/Unity.TestTools.CodeCoverage.Editor.OpenCover.Mono.Reflection.dll (+2 others) [CacheHit 626e9da61fcf0021fac0a45d123552c900000000000000000000000000000005]
[1001/1669 1789386472s] Csc Library/Bee/artifacts/1300b0aE.dag/Unity.TestTools.CodeCoverage.Editor.OpenCover.Mono.Reflection.dll (+2 others)
[ 964/1669  0s] Csc Library/Bee/artifacts/1300b0aE.dag/Unity.AI.Generators.Redux.dll (+2 others) [CacheHit 4490b6ee004ea6490641327325b8fe4300000000000000000000000000000005]
[1003/1669 1789386472s] Csc Library/Bee/artifacts/1300b0aE.dag/Unity.AI.Generators.Redux.dll (+2 others)
[ 976/1669  0s] Csc Library/Bee/artifacts/1300b0aE.dag/Unity.AI.Assistant.Runtime.dll (+2 others) [CacheHit 51b24899e1d1371d60f0bf4270cd241200000000000000000000000000000005]
[1016/1669 1789386472s] Csc Library/Bee/artifacts/1300b0aE.dag/Unity.AI.Assistant.Runtime.dll (+2 others)
[ 979/1669  0s] Csc Library/Bee/artifacts/1300b0aE.dag/Unity.Collections.dll (+2 others) [CacheHit cf6b9f78116fadb6e2d95c9158ecc01100000000000000000000000000000005]
[1020/1669 1789386472s] Csc Library/Bee/artifacts/1300b0aE.dag/Unity.Collections.dll (+2 others)
[ 988/1669  0s] Csc Library/Bee/artifacts/1300b0aE.dag/Unity.Burst.CodeGen.dll (+2 others) [CacheHit 04088fe6005c00e80424b87c6832c8f100000000000000000000000000000005]
[1030/1669 1789386472s] Csc Library/Bee/artifacts/1300b0aE.dag/Unity.Burst.CodeGen.dll (+2 others)
[1006/1669  0s] Csc Library/Bee/artifacts/1300b0aE.dag/Unity.VisualScripting.Core.dll (+2 others) [CacheHit a4be4b67428c4989c40c41ba9a916ab400000000000000000000000000000005]
[1049/1669 1789386472s] Csc Library/Bee/artifacts/1300b0aE.dag/Unity.VisualScripting.Core.dll (+2 others)
[1008/1669  0s] Csc Library/Bee/artifacts/1300b0aE.dag/Unity.AI.Pbr.Srp.dll (+2 others) [CacheHit 47b11a4a752946120a2dcbc09102386a00000000000000000000000000000005]
[1052/1669 1789386472s] Csc Library/Bee/artifacts/1300b0aE.dag/Unity.AI.Pbr.Srp.dll (+2 others)
[1009/1669  0s] Csc Library/Bee/artifacts/1300b0aE.dag/Unity.InputSystem.ForUI.dll (+2 others) [CacheHit 87e325db3ce26b083329fde0ce750b7800000000000000000000000000000005]
[1054/1669 1789386472s] Csc Library/Bee/artifacts/1300b0aE.dag/Unity.InputSystem.ForUI.dll (+2 others)
[1011/1669  0s] Csc Library/Bee/artifacts/1300b0aE.dag/Unity.AppUI.dll (+2 others) [CacheHit ef3919514cd4719a282717010c08f39000000000000000000000000000000005]
[1057/1669 1789386472s] Csc Library/Bee/artifacts/1300b0aE.dag/Unity.AppUI.dll (+2 others)
[1012/1669  0s] Csc Library/Bee/artifacts/1300b0aE.dag/Unity.Burst.Editor.dll (+2 others) [CacheHit c95ed4c6cbe3121ff7a5e24868c6648000000000000000000000000000000005]
[1059/1669 1789386472s] Csc Library/Bee/artifacts/1300b0aE.dag/Unity.Burst.Editor.dll (+2 others)
[1018/1669  0s] Csc Library/Bee/artifacts/1300b0aE.dag/Unity.AI.Navigation.Editor.dll (+2 others) [CacheHit 7f579d6c67c2e0c0d4fdc914a0b6bb2e00000000000000000000000000000005]
[1066/1669 1789386472s] Csc Library/Bee/artifacts/1300b0aE.dag/Unity.AI.Navigation.Editor.dll (+2 others)
[1019/1669  0s] Csc Library/Bee/artifacts/1300b0aE.dag/Unity.AI.Generators.Asset.dll (+2 others) [CacheHit e37c765588f5905db095c1aaf6df608200000000000000000000000000000005]
[1019/1669  0s] Csc Library/Bee/artifacts/1300b0aE.dag/UnityEditor.UI.Analytics.dll (+2 others) [CacheHit d00018e45d926e895a3fcfd8f30d76d200000000000000000000000000000005]
[1068/1669 1789386472s] Csc Library/Bee/artifacts/1300b0aE.dag/Unity.AI.Generators.Asset.dll (+2 others)
[1020/1669  0s] Csc Library/Bee/artifacts/1300b0aE.dag/Unity.PlasticSCM.Editor.dll (+2 others) [CacheHit e0f13a1bdc742e428a3d55b4f355e98b00000000000000000000000000000005]
[1070/1669 1789386472s] Csc Library/Bee/artifacts/1300b0aE.dag/UnityEditor.UI.Analytics.dll (+2 others)
[1021/1669  0s] Csc Library/Bee/artifacts/1300b0aE.dag/Unity.Timeline.Editor.dll (+2 others) [CacheHit 2fca58a99f63b8681c1e3f02e79029ec00000000000000000000000000000005]
[1022/1669  0s] Csc Library/Bee/artifacts/1300b0aE.dag/Unity.TestTools.CodeCoverage.Editor.dll (+2 others) [CacheHit d16ac288b96fde1644ff36ccdc9610d500000000000000000000000000000005]
[1073/1669 1789386472s] Csc Library/Bee/artifacts/1300b0aE.dag/Unity.PlasticSCM.Editor.dll (+2 others)
[1075/1669 1789386472s] Csc Library/Bee/artifacts/1300b0aE.dag/Unity.Timeline.Editor.dll (+2 others)
[1024/1669  0s] Csc Library/Bee/artifacts/1300b0aE.dag/Unity.AI.Toolkit.Accounts.dll (+2 others) [CacheHit 8e02ec228938d04a1f8695cf3c69a3ff00000000000000000000000000000005]
[1077/1669 1789386472s] Csc Library/Bee/artifacts/1300b0aE.dag/Unity.TestTools.CodeCoverage.Editor.dll (+2 others)
[1079/1669 1789386472s] Csc Library/Bee/artifacts/1300b0aE.dag/Unity.AI.Toolkit.Accounts.dll (+2 others)
[1026/1669  0s] Csc Library/Bee/artifacts/1300b0aE.dag/Unity.RenderPipelines.ShaderGraph.ShaderGraphLibrary.dll (+2 others) [CacheHit 52d3f80f0a8aed399a1ed250eb084ca000000000000000000000000000000005]
[1081/1669 1789386472s] Csc Library/Bee/artifacts/1300b0aE.dag/Unity.RenderPipelines.ShaderGraph.ShaderGraphLibrary.dll (+2 others)
[1030/1669  0s] Csc Library/Bee/artifacts/1300b0aE.dag/Unity.Collections.CodeGen.dll (+2 others) [CacheHit c8943835aaab48832a28e4aa067d117800000000000000000000000000000005]
[1086/1669 1789386472s] Csc Library/Bee/artifacts/1300b0aE.dag/Unity.Collections.CodeGen.dll (+2 others)
[1030/1669  0s] Csc Library/Bee/artifacts/1300b0aE.dag/Unity.Rider.Editor.dll (+2 others) [CacheHit 502e360d56ca64c748a162c76878dd1d00000000000000000000000000000005]
[1088/1669 1789386472s] Csc Library/Bee/artifacts/1300b0aE.dag/Unity.Rider.Editor.dll (+2 others)
[1033/1669  0s] Csc Library/Bee/artifacts/1300b0aE.dag/Unity.VisualStudio.Editor.dll (+2 others) [CacheHit cdad57092d5b8314747d33a9aa1c9b9900000000000000000000000000000005]
[1091/1669 1789386472s] Csc Library/Bee/artifacts/1300b0aE.dag/Unity.VisualStudio.Editor.dll (+2 others)
[1035/1669  0s] Csc Library/Bee/artifacts/1300b0aE.dag/Unity.Multiplayer.Center.Editor.dll (+2 others) [CacheHit b89308d275fc6d29984c90a4811ba50d00000000000000000000000000000005]
[1094/1669 1789386472s] Csc Library/Bee/artifacts/1300b0aE.dag/Unity.Multiplayer.Center.Editor.dll (+2 others)
[1044/1669  0s] Csc Library/Bee/artifacts/1300b0aE.dag/Unity.ProGrids.Editor.dll (+2 others) [CacheHit e66eece9df215ccf450ecf34c1a8bac400000000000000000000000000000005]
[1044/1669  0s] Csc Library/Bee/artifacts/1300b0aE.dag/Unity.RenderPipelines.Core.Runtime.dll (+2 others) [CacheHit dbf61e894444ef9f7899981a924f91ec00000000000000000000000000000005]
[1104/1669 1789386472s] Csc Library/Bee/artifacts/1300b0aE.dag/Unity.ProGrids.Editor.dll (+2 others)
[1106/1669 1789386472s] Csc Library/Bee/artifacts/1300b0aE.dag/Unity.RenderPipelines.Core.Runtime.dll (+2 others)
[1048/1669  0s] Csc Library/Bee/artifacts/1300b0aE.dag/Unity.InferenceEngine.dll (+2 others) [CacheHit ae4c0258b2d1d33c02611b75fc50b6b400000000000000000000000000000005]
[1110/1669 1789386472s] Csc Library/Bee/artifacts/1300b0aE.dag/Unity.InferenceEngine.dll (+2 others)
[1052/1669  0s] Csc Library/Bee/artifacts/1300b0aE.dag/Unity.UnifiedRayTracing.Runtime.dll (+2 others) [CacheHit 8a9ceed8f17f7c072d5f5cd2e8aee05d00000000000000000000000000000005]
[1115/1669 1789386472s] Csc Library/Bee/artifacts/1300b0aE.dag/Unity.UnifiedRayTracing.Runtime.dll (+2 others)
[1054/1669  0s] Csc Library/Bee/artifacts/1300b0aE.dag/Unity.Collections.Editor.dll (+2 others) [CacheHit 57c8c8beb3cacddb2d1872d94627f77d00000000000000000000000000000005]
[1054/1669  0s] Csc Library/Bee/artifacts/1300b0aE.dag/Unity.InputSystem.ForUI.Editor.dll (+2 others) [CacheHit e3438c264aeed8ee491258bdcdcd277900000000000000000000000000000005]
[1054/1669  0s] Csc Library/Bee/artifacts/1300b0aE.dag/Unity.AI.Navigation.Updater.dll (+2 others) [CacheHit 906d99ceecb1ac668d69c87fdb7de19c00000000000000000000000000000005]
[1118/1669 1789386472s] Csc Library/Bee/artifacts/1300b0aE.dag/Unity.Collections.Editor.dll (+2 others)
[1055/1669  0s] Csc Library/Bee/artifacts/1300b0aE.dag/Unity.VisualScripting.Flow.dll (+2 others) [CacheHit 391d3bdb3536fe61b00fdadc8755754000000000000000000000000000000005]
[1120/1669 1789386472s] Csc Library/Bee/artifacts/1300b0aE.dag/Unity.AI.Navigation.Updater.dll (+2 others)
[1122/1669 1789386472s] Csc Library/Bee/artifacts/1300b0aE.dag/Unity.InputSystem.ForUI.Editor.dll (+2 others)
[1124/1669 1789386472s] Csc Library/Bee/artifacts/1300b0aE.dag/Unity.VisualScripting.Flow.dll (+2 others)
[1058/1669  0s] Csc Library/Bee/artifacts/1300b0aE.dag/Unity.RenderPipelines.Universal.Shaders.dll (+2 others) [CacheHit f78bfe12023ec7b79927f0aceb8e6b8d00000000000000000000000000000005]
[1058/1669  0s] Csc Library/Bee/artifacts/1300b0aE.dag/Unity.Performance.Profile-Analyzer.Editor.dll (+2 others) [CacheHit 713461ec7776b142ac8b279ee9f8324700000000000000000000000000000005]
[1126/1669 1789386472s] Csc Library/Bee/artifacts/1300b0aE.dag/Unity.RenderPipelines.Universal.Shaders.dll (+2 others)
[1128/1669 1789386472s] Csc Library/Bee/artifacts/1300b0aE.dag/Unity.Performance.Profile-Analyzer.Editor.dll (+2 others)
[1064/1669  0s] Csc Library/Bee/artifacts/1300b0aE.dag/Unity.AI.Generators.IO.dll (+2 others) [CacheHit b52f90265268d1409f13d02587b6e95000000000000000000000000000000005]
[1134/1669 1789386472s] Csc Library/Bee/artifacts/1300b0aE.dag/Unity.AI.Generators.IO.dll (+2 others)
[1065/1669  0s] Csc Library/Bee/artifacts/1300b0aE.dag/Unity.AppUI.Navigation.dll (+2 others) [CacheHit dd3438354580810d8d30ef97b887e01100000000000000000000000000000005]
[1065/1669  0s] Csc Library/Bee/artifacts/1300b0aE.dag/Unity.AppUI.MVVM.dll (+2 others) [CacheHit e474cc15f3f594a900d373863993f30300000000000000000000000000000005]
[1136/1669 1789386472s] Csc Library/Bee/artifacts/1300b0aE.dag/Unity.AppUI.Navigation.dll (+2 others)
[1066/1669  0s] Csc Library/Bee/artifacts/1300b0aE.dag/Unity.AI.Assistant.Editor.dll (+2 others) [CacheHit b718dd900829aaf58c7e94f94a1eaf8d00000000000000000000000000000005]
[1138/1669 1789386472s] Csc Library/Bee/artifacts/1300b0aE.dag/Unity.AI.Assistant.Editor.dll (+2 others)
[1140/1669 1789386472s] Csc Library/Bee/artifacts/1300b0aE.dag/Unity.AppUI.MVVM.dll (+2 others)
[1071/1669  0s] Csc Library/Bee/artifacts/1300b0aE.dag/Unity.AppUI.Redux.dll (+2 others) [CacheHit f9fda688f5a3c9c6c6a1c97369619ad900000000000000000000000000000005]
[1071/1669  0s] Csc Library/Bee/artifacts/1300b0aE.dag/Unity.2D.Tilemap.Editor.dll (+2 others) [CacheHit 77b029c1041a6a320ad5328bf263e93400000000000000000000000000000005]
[1145/1669 1789386472s] Csc Library/Bee/artifacts/1300b0aE.dag/Unity.AppUI.Redux.dll (+2 others)
[1147/1669 1789386472s] Csc Library/Bee/artifacts/1300b0aE.dag/Unity.2D.Tilemap.Editor.dll (+2 others)
[1073/1669  0s] Csc Library/Bee/artifacts/1300b0aE.dag/Unity.VisualScripting.Core.Editor.dll (+2 others) [CacheHit aebb62399d2e7e3ffd8b6361ca0c38de00000000000000000000000000000005]
[1149/1669 1789386472s] Csc Library/Bee/artifacts/1300b0aE.dag/Unity.VisualScripting.Core.Editor.dll (+2 others)
[1074/1669  0s] Csc Library/Bee/artifacts/1300b0aE.dag/Unity.AppUI.Editor.dll (+2 others) [CacheHit 5cbcce50e58b389e09c7b66479d270d200000000000000000000000000000005]
[1151/1669 1789386472s] Csc Library/Bee/artifacts/1300b0aE.dag/Unity.AppUI.Editor.dll (+2 others)
[1091/1669  0s] Csc Library/Bee/artifacts/1300b0aE.dag/Unity.AI.Generators.UI.AIDropdownIntegrations.dll (+2 others) [CacheHit 0efdcf8def1303e100945dcd2d69907600000000000000000000000000000005]
[1091/1669  0s] Csc Library/Bee/artifacts/1300b0aE.dag/Unity.RenderPipelines.Core.Runtime.Shared.dll (+2 others) [CacheHit ae58a0ec1b9d201e448d2984bf802cb000000000000000000000000000000005]
[1169/1669 1789386472s] Csc Library/Bee/artifacts/1300b0aE.dag/Unity.AI.Generators.UI.AIDropdownIntegrations.dll (+2 others)
[1092/1669  0s] Csc Library/Bee/artifacts/1300b0aE.dag/Unity.RenderPipelines.GPUDriven.Runtime.dll (+2 others) [CacheHit 0b4072a184cd8d557a45c063c53b808800000000000000000000000000000005]
[1171/1669 1789386472s] Csc Library/Bee/artifacts/1300b0aE.dag/Unity.RenderPipelines.Core.Runtime.Shared.dll (+2 others)
[1173/1669 1789386472s] Csc Library/Bee/artifacts/1300b0aE.dag/Unity.RenderPipelines.GPUDriven.Runtime.dll (+2 others)
[1094/1669  0s] Csc Library/Bee/artifacts/1300b0aE.dag/Unity.AI.Toolkit.GenerationContextMenu.dll (+2 others) [CacheHit 3d2576c2bdc6450b85592535f885cd8200000000000000000000000000000005]
[1175/1669 1789386472s] Csc Library/Bee/artifacts/1300b0aE.dag/Unity.AI.Toolkit.GenerationContextMenu.dll (+2 others)
[1100/1669  0s] Csc Library/Bee/artifacts/1300b0aE.dag/Unity.RenderPipeline.Universal.ShaderLibrary.dll (+2 others) [CacheHit 5293a4cc37fbe652f1b49d6a023cf44d00000000000000000000000000000005]
[1100/1669  0s] Csc Library/Bee/artifacts/1300b0aE.dag/Unity.AI.Toolkit.GenerationObjectPicker.dll (+2 others) [CacheHit 4669232307a02d096ab6f212b09ed26300000000000000000000000000000005]
[1182/1669 1789386472s] Csc Library/Bee/artifacts/1300b0aE.dag/Unity.RenderPipeline.Universal.ShaderLibrary.dll (+2 others)
[1184/1669 1789386472s] Csc Library/Bee/artifacts/1300b0aE.dag/Unity.AI.Toolkit.GenerationObjectPicker.dll (+2 others)
[1102/1669  0s] Csc Library/Bee/artifacts/1300b0aE.dag/Unity.RenderPipelines.Universal.Config.Runtime.dll (+2 others) [CacheHit f628b6acdce414565e2f7fa5adc7adf000000000000000000000000000000005]
[1186/1669 1789386472s] Csc Library/Bee/artifacts/1300b0aE.dag/Unity.RenderPipelines.Universal.Config.Runtime.dll (+2 others)
[1103/1669  0s] Csc Library/Bee/artifacts/1300b0aE.dag/Unity.InferenceEngine.ONNX.Editor.dll (+2 others) [CacheHit d9eac1aa775cbdef5d70bcb43e3b329200000000000000000000000000000005]
[1103/1669  0s] Csc Library/Bee/artifacts/1300b0aE.dag/Unity.InferenceEngine.iOSBLAS.dll (+2 others) [CacheHit e6db4f227c42988213d529ddab92000200000000000000000000000000000005]
[1188/1669 1789386472s] Csc Library/Bee/artifacts/1300b0aE.dag/Unity.InferenceEngine.ONNX.Editor.dll (+2 others)
[1190/1669 1789386472s] Csc Library/Bee/artifacts/1300b0aE.dag/Unity.InferenceEngine.iOSBLAS.dll (+2 others)
[1105/1669  0s] Csc Library/Bee/artifacts/1300b0aE.dag/Unity.AI.Generators.UI.dll (+2 others) [CacheHit 72ce3d5b0dd96a793a73b56a2b14ae2a00000000000000000000000000000005]
[1192/1669 1789386472s] Csc Library/Bee/artifacts/1300b0aE.dag/Unity.AI.Generators.UI.dll (+2 others)
[1110/1669  0s] Csc Library/Bee/artifacts/1300b0aE.dag/Unity.InferenceEngine.MacBLAS.dll (+2 others) [CacheHit 770e404b56a0aef7618435ab28a9403e00000000000000000000000000000005]
[1198/1669 1789386472s] Csc Library/Bee/artifacts/1300b0aE.dag/Unity.InferenceEngine.MacBLAS.dll (+2 others)
[1113/1669  0s] Csc Library/Bee/artifacts/1300b0aE.dag/Unity.VisualScripting.State.dll (+2 others) [CacheHit 47e4cbfbd180b04191f665c9695f720f00000000000000000000000000000005]
[1202/1669 1789386472s] Csc Library/Bee/artifacts/1300b0aE.dag/Unity.VisualScripting.State.dll (+2 others)
[1118/1669  0s] Csc Library/Bee/artifacts/1300b0aE.dag/Unity.TextMeshPro.Editor.dll (+2 others) [CacheHit 99d11468fb0774258c5f71ecf841e18e00000000000000000000000000000005]
[1208/1669 1789386472s] Csc Library/Bee/artifacts/1300b0aE.dag/Unity.TextMeshPro.Editor.dll (+2 others)
[1119/1669  0s] Csc Library/Bee/artifacts/1300b0aE.dag/Unity.AI.Generators.Sdk.dll (+2 others) [CacheHit 2eab288dc88e83b2a6fc7b4c1055138700000000000000000000000000000005]
[1210/1669 1789386472s] Csc Library/Bee/artifacts/1300b0aE.dag/Unity.AI.Generators.Sdk.dll (+2 others)
[1133/1669  0s] Csc Library/Bee/artifacts/1300b0aE.dag/Unity.InferenceEngine.Editor.Visualizer.dll (+2 others) [CacheHit c5d42f2400c04ac7088ad356157c7b2a00000000000000000000000000000005]
[1225/1669 1789386473s] Csc Library/Bee/artifacts/1300b0aE.dag/Unity.InferenceEngine.Editor.Visualizer.dll (+2 others)
[1149/1669  0s] Csc Library/Bee/artifacts/1300b0aE.dag/Unity.RenderPipelines.Core.Editor.dll (+2 others) [CacheHit cd40ccefa38d9794ae04899ae421328b00000000000000000000000000000005]
[1242/1669 1789386473s] Csc Library/Bee/artifacts/1300b0aE.dag/Unity.RenderPipelines.Core.Editor.dll (+2 others)
[1150/1669  0s] Csc Library/Bee/artifacts/1300b0aE.dag/Unity.AppUI.Navigation.Editor.dll (+2 others) [CacheHit 85314e3e5c57a4abeddfa0a09ac2c38000000000000000000000000000000005]
[1244/1669 1789386473s] Csc Library/Bee/artifacts/1300b0aE.dag/Unity.AppUI.Navigation.Editor.dll (+2 others)
[1151/1669  0s] Csc Library/Bee/artifacts/1300b0aE.dag/Unity.VisualScripting.Flow.Editor.dll (+2 others) [CacheHit c3030015ecf2c27b6f2fc37a46ae658700000000000000000000000000000005]
[1246/1669 1789386473s] Csc Library/Bee/artifacts/1300b0aE.dag/Unity.VisualScripting.Flow.Editor.dll (+2 others)
[1152/1669  0s] Csc Library/Bee/artifacts/1300b0aE.dag/Unity.AI.Search.Editor.dll (+2 others) [CacheHit 68c8c6b12d64c0b03f1eb3191fd47bec00000000000000000000000000000005]
[1248/1669 1789386473s] Csc Library/Bee/artifacts/1300b0aE.dag/Unity.AI.Search.Editor.dll (+2 others)
[1153/1669  0s] Csc Library/Bee/artifacts/1300b0aE.dag/Unity.AppUI.Redux.Editor.dll (+2 others) [CacheHit 1417180845e95472999c1f3eaf3100de00000000000000000000000000000005]
[1250/1669 1789386473s] Csc Library/Bee/artifacts/1300b0aE.dag/Unity.AppUI.Redux.Editor.dll (+2 others)
[1154/1669  0s] Csc Library/Bee/artifacts/1300b0aE.dag/Unity.RenderPipelines.Core.ShaderLibrary.dll (+2 others) [CacheHit 194eadc838e28e0e305068719daed4dc00000000000000000000000000000005]
[1252/1669 1789386473s] Csc Library/Bee/artifacts/1300b0aE.dag/Unity.RenderPipelines.Core.ShaderLibrary.dll (+2 others)
[1261/1669  0s] CopyFiles Library/ScriptAssemblies/Unity.VisualStudio.Editor.pdb
[1167/1669  0s] Csc Library/Bee/artifacts/1300b0aE.dag/Unity.AI.ModelSelector.dll (+2 others) [CacheHit 5fc5df48acba78db14dafc962d47137800000000000000000000000000000005]
[1167/1669  0s] Csc Library/Bee/artifacts/1300b0aE.dag/Unity.InputSystem.DocCodeSamples.dll (+2 others) [CacheHit 89423ef474460ac370d018a6dd5d657600000000000000000000000000000005]
[1266/1669 1789386473s] Csc Library/Bee/artifacts/1300b0aE.dag/Unity.AI.ModelSelector.dll (+2 others)
[1268/1669 1789386473s] Csc Library/Bee/artifacts/1300b0aE.dag/Unity.InputSystem.DocCodeSamples.dll (+2 others)
[1169/1669  0s] Csc Library/Bee/artifacts/1300b0aE.dag/Unity.InferenceEngine.Tokenization.dll (+2 others) [CacheHit 854580e975987e690914757ec747320c00000000000000000000000000000005]
[1270/1669 1789386473s] Csc Library/Bee/artifacts/1300b0aE.dag/Unity.InferenceEngine.Tokenization.dll (+2 others)
[1169/1669  0s] Csc Library/Bee/artifacts/1300b0aE.dag/Unity.EditorCoroutines.Editor.dll (+2 others) [CacheHit 311ee550a55bd480ad8f2700255021e900000000000000000000000000000005]
[1272/1669 1789386473s] Csc Library/Bee/artifacts/1300b0aE.dag/Unity.EditorCoroutines.Editor.dll (+2 others)
[1171/1669  0s] Csc Library/Bee/artifacts/1300b0aE.dag/Unity.InferenceEngine.Editor.dll (+2 others) [CacheHit 9765a17324a5da9e699bb9b9a1eeccad00000000000000000000000000000005]
[1171/1669  0s] Csc Library/Bee/artifacts/1300b0aE.dag/Unity.Rendering.LightTransport.Editor.dll (+2 others) [CacheHit 0845fb949ffc40a062250983f9ad3d7200000000000000000000000000000005]
[1274/1669 1789386473s] Csc Library/Bee/artifacts/1300b0aE.dag/Unity.InferenceEngine.Editor.dll (+2 others)
[1276/1669 1789386473s] Csc Library/Bee/artifacts/1300b0aE.dag/Unity.Rendering.LightTransport.Editor.dll (+2 others)
[1173/1669  0s] Csc Library/Bee/artifacts/1300b0aE.dag/Unity.AppUI.Undo.dll (+2 others) [CacheHit 0df8d1b5e1de9ea7ff72e283f97536a400000000000000000000000000000005]
[1278/1669 1789386473s] Csc Library/Bee/artifacts/1300b0aE.dag/Unity.AppUI.Undo.dll (+2 others)
[1174/1669  0s] Csc Library/Bee/artifacts/1300b0aE.dag/Unity.RenderPipelines.Universal.Runtime.dll (+2 others) [CacheHit d7e38d088e183de8bcfd8a3b36de1b3d00000000000000000000000000000005]
[1280/1669 1789386473s] Csc Library/Bee/artifacts/1300b0aE.dag/Unity.RenderPipelines.Universal.Runtime.dll (+2 others)
[1282/1669  0s] CopyFiles Library/ScriptAssemblies/Unity.Rider.Editor.pdb
[1286/1669  0s] CopyFiles Library/ScriptAssemblies/Unity.Burst.CodeGen.dll
[1190/1669  0s] Csc Library/Bee/artifacts/1300b0aE.dag/Unity.InputSystem.TestFramework.dll (+2 others) [CacheHit e05aa33f95b9a7651de6cdc4cb2b29de00000000000000000000000000000005]
[1294/1669 1789386473s] Csc Library/Bee/artifacts/1300b0aE.dag/Unity.InputSystem.TestFramework.dll (+2 others)
[1191/1669  0s] Csc Library/Bee/artifacts/1300b0aE.dag/Unity.PerformanceTesting.dll (+2 others) [CacheHit 04315cccfb78e7ae67703ba45679576400000000000000000000000000000005]
[1296/1669 1789386473s] Csc Library/Bee/artifacts/1300b0aE.dag/Unity.PerformanceTesting.dll (+2 others)
[1192/1669  0s] Csc Library/Bee/artifacts/1300b0aE.dag/Unity.PlasticSCM.Editor.Entities.dll (+2 others) [CacheHit 38e2e3b3745e3bb10d84ddd59383d82600000000000000000000000000000005]
[1298/1669 1789386473s] Csc Library/Bee/artifacts/1300b0aE.dag/Unity.PlasticSCM.Editor.Entities.dll (+2 others)
[1300/1669  0s] CopyFiles Library/ScriptAssemblies/Unity.Collections.CodeGen.pdb
[1194/1669  0s] Csc Library/Bee/artifacts/1300b0aE.dag/Unity.VisualScripting.DocCodeExamples.dll (+2 others) [CacheHit d64457ea181f0650fc4c5742acedc09600000000000000000000000000000005]
[1301/1669 1789386473s] Csc Library/Bee/artifacts/1300b0aE.dag/Unity.VisualScripting.DocCodeExamples.dll (+2 others)
[1304/1669  0s] CopyFiles Library/ScriptAssemblies/Unity.Burst.CodeGen.pdb
[1310/1669  0s] CopyFiles Library/ScriptAssemblies/Unity.VisualStudio.Editor.dll
[1311/1669  0s] CopyFiles Library/ScriptAssemblies/Unity.Collections.CodeGen.dll
[1205/1669  0s] Csc Library/Bee/artifacts/1300b0aE.dag/Unity.RenderPipelines.Core.Editor.Shared.dll (+2 others) [CacheHit 03b64ec700021cc072f5dd3e9feaff4f00000000000000000000000000000005]
[1205/1669  0s] Csc Library/Bee/artifacts/1300b0aE.dag/Unity.VisualScripting.State.Editor.dll (+2 others) [CacheHit 106ff645f6086c72cb920f5eea9128e900000000000000000000000000000005]
[1312/1669 1789386473s] Csc Library/Bee/artifacts/1300b0aE.dag/Unity.RenderPipelines.Core.Editor.Shared.dll (+2 others)
[1314/1669 1789386473s] Csc Library/Bee/artifacts/1300b0aE.dag/Unity.VisualScripting.State.Editor.dll (+2 others)
[1207/1669  0s] Csc Library/Bee/artifacts/1300b0aE.dag/Unity.AI.Animate.dll (+2 others) [CacheHit 626329d61c239075d41ad51ee7f29e8e00000000000000000000000000000005]
[1316/1669 1789386473s] Csc Library/Bee/artifacts/1300b0aE.dag/Unity.AI.Animate.dll (+2 others)
[1208/1669  0s] Csc Library/Bee/artifacts/1300b0aE.dag/Unity.VisualScripting.SettingsProvider.Editor.dll (+2 others) [CacheHit 54d4c3bfde327ed6b5a0fff7860e30d300000000000000000000000000000005]
[1208/1669  0s] Csc Library/Bee/artifacts/1300b0aE.dag/Unity.AI.Sound.dll (+2 others) [CacheHit ba295dd817ea0deb245190ec6fc6d19400000000000000000000000000000005]
[1318/1669 1789386473s] Csc Library/Bee/artifacts/1300b0aE.dag/Unity.VisualScripting.SettingsProvider.Editor.dll (+2 others)
[1320/1669 1789386473s] Csc Library/Bee/artifacts/1300b0aE.dag/Unity.AI.Sound.dll (+2 others)
[1210/1669  0s] Csc Library/Bee/artifacts/1300b0aE.dag/Unity.AI.Mesh.dll (+2 others) [CacheHit 647a3a267e234c0a450b3cbc62c8d1aa00000000000000000000000000000005]
[1322/1669 1789386473s] Csc Library/Bee/artifacts/1300b0aE.dag/Unity.AI.Mesh.dll (+2 others)
[1210/1669  0s] Csc Library/Bee/artifacts/1300b0aE.dag/Unity.AI.Assistant.Tools.Editor.dll (+2 others) [CacheHit e97f74f0cbbb59a5fa18995b5a64681500000000000000000000000000000005]
[1210/1669  0s] Csc Library/Bee/artifacts/1300b0aE.dag/Unity.PerformanceTesting.Editor.dll (+2 others) [CacheHit da0b2163be393006ef896190365a1f1200000000000000000000000000000005]
[1324/1669 1789386473s] Csc Library/Bee/artifacts/1300b0aE.dag/Unity.AI.Assistant.Tools.Editor.dll (+2 others)
[1326/1669 1789386473s] Csc Library/Bee/artifacts/1300b0aE.dag/Unity.PerformanceTesting.Editor.dll (+2 others)
[1213/1669  0s] Csc Library/Bee/artifacts/1300b0aE.dag/Unity.ShaderGraph.Editor.dll (+2 others) [CacheHit e53b2a5819ef99f4030f8f9e9b497d1000000000000000000000000000000005]
[1328/1669 1789386473s] Csc Library/Bee/artifacts/1300b0aE.dag/Unity.ShaderGraph.Editor.dll (+2 others)
[1214/1669  0s] Csc Library/Bee/artifacts/1300b0aE.dag/Unity.AI.Image.dll (+2 others) [CacheHit 51c40d294c6b0355c0ee6dc0f3f8146000000000000000000000000000000005]
[1330/1669 1789386473s] Csc Library/Bee/artifacts/1300b0aE.dag/Unity.AI.Image.dll (+2 others)
[1215/1669  0s] Csc Library/Bee/artifacts/1300b0aE.dag/Unity.CollabProxy.Editor.dll (+2 others) [CacheHit cb976ef7e9496531f0eb50971114622900000000000000000000000000000005]
[1332/1669 1789386473s] Csc Library/Bee/artifacts/1300b0aE.dag/Unity.CollabProxy.Editor.dll (+2 others)
[1216/1669  0s] Csc Library/Bee/artifacts/1300b0aE.dag/Unity.AI.Pbr.dll (+2 others) [CacheHit c073eb214fa28fb31b7a1ce4172115c300000000000000000000000000000005]
[1334/1669 1789386473s] Csc Library/Bee/artifacts/1300b0aE.dag/Unity.AI.Pbr.dll (+2 others)
[1217/1669  0s] Csc Library/Bee/artifacts/1300b0aE.dag/Unity.RenderPipelines.Universal.2D.Runtime.dll (+2 others) [CacheHit 3cadff0e0ca35b801ee2261e4eb7bcb600000000000000000000000000000005]
[1336/1669 1789386473s] Csc Library/Bee/artifacts/1300b0aE.dag/Unity.RenderPipelines.Universal.2D.Runtime.dll (+2 others)
[1234/1669  0s] Csc Library/Bee/artifacts/1300b0aE.dag/Unity.AI.Generators.Tools.dll (+2 others) [CacheHit 959b0c7bcb05fe1429745a4bbabdec3000000000000000000000000000000005]
[1354/1669 1789386473s] Csc Library/Bee/artifacts/1300b0aE.dag/Unity.AI.Generators.Tools.dll (+2 others)
[1235/1669  0s] Csc Library/Bee/artifacts/1300b0aE.dag/Unity.RenderPipelines.Universal.2D.Editor.Overrides.dll (+2 others) [CacheHit 1e681acbeeab94e1c66275c9d4c74a2b00000000000000000000000000000005]
[1356/1669 1789386473s] Csc Library/Bee/artifacts/1300b0aE.dag/Unity.RenderPipelines.Universal.2D.Editor.Overrides.dll (+2 others)
[1236/1669  0s] Csc Library/Bee/artifacts/1300b0aE.dag/Unity.AI.Assistant.UI.Editor.dll (+2 others) [CacheHit 39fd023aa49e5f4fc487244a03ce4b7d00000000000000000000000000000005]
[1358/1669 1789386473s] Csc Library/Bee/artifacts/1300b0aE.dag/Unity.AI.Assistant.UI.Editor.dll (+2 others)
[1237/1669  0s] Csc Library/Bee/artifacts/1300b0aE.dag/Unity.VisualScripting.Shared.Editor.dll (+2 others) [CacheHit 6c8a0f4ad11047be1955730082d8283300000000000000000000000000000005]
[1360/1669 1789386473s] Csc Library/Bee/artifacts/1300b0aE.dag/Unity.VisualScripting.Shared.Editor.dll (+2 others)
[1238/1669  0s] Csc Library/Bee/artifacts/1300b0aE.dag/Unity.RenderPipelines.Universal.Editor.dll (+2 others) [CacheHit f9d628af3d4bf23ee3535f06659701cf00000000000000000000000000000005]
[1362/1669 1789386473s] Csc Library/Bee/artifacts/1300b0aE.dag/Unity.RenderPipelines.Universal.Editor.dll (+2 others)
[1366/1669  0s] CopyFiles Library/ScriptAssemblies/Unity.Rider.Editor.dll
[1248/1669  0s] Csc Library/Bee/artifacts/1300b0aE.dag/PPv2URPConverters.dll (+2 others) [CacheHit 69acbee5463031b225d860eb1310f86700000000000000000000000000000005]
[1248/1669  0s] Csc Library/Bee/artifacts/1300b0aE.dag/Unity.AI.Assistant.AssetGenerators.Editor.dll (+2 others) [CacheHit 4075d66419ca1ee6c3c227130e1c848f00000000000000000000000000000005]
[1373/1669 1789386473s] Csc Library/Bee/artifacts/1300b0aE.dag/PPv2URPConverters.dll (+2 others)
[1375/1669 1789386473s] Csc Library/Bee/artifacts/1300b0aE.dag/Unity.AI.Assistant.AssetGenerators.Editor.dll (+2 others)
[1250/1669  0s] Csc Library/Bee/artifacts/1300b0aE.dag/Unity.AI.Assistant.API.Editor.dll (+2 others) [CacheHit 11642e052dad98cb6908ab0d415f20b800000000000000000000000000000005]
[1377/1669 1789386473s] Csc Library/Bee/artifacts/1300b0aE.dag/Unity.AI.Assistant.API.Editor.dll (+2 others)
[1255/1669  0s] Csc Library/Bee/artifacts/1300b0aE.dag/Unity.AI.Assistant.Integrations.Profiler.Editor.dll (+2 others) [CacheHit 7354c0f85f85de5a817501f747ed60bd00000000000000000000000000000005]
[1383/1669 1789386473s] Csc Library/Bee/artifacts/1300b0aE.dag/Unity.AI.Assistant.Integrations.Profiler.Editor.dll (+2 others)
[1256/1669  0s] Csc Library/Bee/artifacts/1300b0aE.dag/Unity.AI.MCP.Editor.dll (+2 others) [CacheHit 9dcf5e11004f0424c2774197781fa42400000000000000000000000000000005]
[1385/1669 1789386473s] Csc Library/Bee/artifacts/1300b0aE.dag/Unity.AI.MCP.Editor.dll (+2 others)
[1392/1669  0s] ILPP-Configuration Library/ilpp-configuration.nevergeneratedoutput
[1393/1669  0s] ILPostProcess Library/Bee/artifacts/1300b0aE.dag/post-processed/UnityEngine.UI.dll (+pdb)
Processing assembly Library/Bee/artifacts/1300b0aE.dag/UnityEngine.UI.dll, with 159 defines and 277 references

processors: Unity.Jobs.CodeGen.JobsILPostProcessor, zzzUnity.Burst.CodeGen.BurstILPostProcessor

running Unity.Jobs.CodeGen.JobsILPostProcessor

running zzzUnity.Burst.CodeGen.BurstILPostProcessor
[1394/1669  0s] ILPostProcess Library/Bee/artifacts/1300b0aE.dag/post-processed/Unity.InferenceEngine.iOSBLAS.dll (+pdb)
Processing assembly Library/Bee/artifacts/1300b0aE.dag/Unity.InferenceEngine.iOSBLAS.dll, with 153 defines and 280 references

processors: Unity.Jobs.CodeGen.JobsILPostProcessor, zzzUnity.Burst.CodeGen.BurstILPostProcessor

running Unity.Jobs.CodeGen.JobsILPostProcessor

running zzzUnity.Burst.CodeGen.BurstILPostProcessor
[1395/1669  0s] ILPostProcess Library/Bee/artifacts/1300b0aE.dag/post-processed/Unity.Mathematics.dll (+pdb)
Processing assembly Library/Bee/artifacts/1300b0aE.dag/Unity.Mathematics.dll, with 153 defines and 279 references

processors: Unity.Jobs.CodeGen.JobsILPostProcessor, zzzUnity.Burst.CodeGen.BurstILPostProcessor

running Unity.Jobs.CodeGen.JobsILPostProcessor

running zzzUnity.Burst.CodeGen.BurstILPostProcessor
[1396/1669  0s] ILPostProcess Library/Bee/artifacts/1300b0aE.dag/post-processed/Unity.PerformanceTesting.dll (+pdb)
Processing assembly Library/Bee/artifacts/1300b0aE.dag/Unity.PerformanceTesting.dll, with 154 defines and 258 references

processors: Unity.Jobs.CodeGen.JobsILPostProcessor, zzzUnity.Burst.CodeGen.BurstILPostProcessor

running Unity.Jobs.CodeGen.JobsILPostProcessor

running zzzUnity.Burst.CodeGen.BurstILPostProcessor
[1397/1669  0s] ILPostProcess Library/Bee/artifacts/1300b0aE.dag/post-processed/Unity.InferenceEngine.MacBLAS.dll (+pdb)
Processing assembly Library/Bee/artifacts/1300b0aE.dag/Unity.InferenceEngine.MacBLAS.dll, with 153 defines and 280 references

processors: Unity.Jobs.CodeGen.JobsILPostProcessor, zzzUnity.Burst.CodeGen.BurstILPostProcessor

running Unity.Jobs.CodeGen.JobsILPostProcessor

running zzzUnity.Burst.CodeGen.BurstILPostProcessor
[1398/1669  0s] ILPostProcess Library/Bee/artifacts/1300b0aE.dag/post-processed/Unity.AI.Tracing.dll (+pdb)
Processing assembly Library/Bee/artifacts/1300b0aE.dag/Unity.AI.Tracing.dll, with 153 defines and 261 references

processors: Unity.Jobs.CodeGen.JobsILPostProcessor, zzzUnity.Burst.CodeGen.BurstILPostProcessor

running Unity.Jobs.CodeGen.JobsILPostProcessor

running zzzUnity.Burst.CodeGen.BurstILPostProcessor
[1399/1669  0s] ILPostProcess Library/Bee/artifacts/1300b0aE.dag/post-processed/Unity.InferenceEngine.Tokenization.dll (+pdb)
Processing assembly Library/Bee/artifacts/1300b0aE.dag/Unity.InferenceEngine.Tokenization.dll, with 153 defines and 261 references

processors: Unity.Jobs.CodeGen.JobsILPostProcessor, zzzUnity.Burst.CodeGen.BurstILPostProcessor

running Unity.Jobs.CodeGen.JobsILPostProcessor

running zzzUnity.Burst.CodeGen.BurstILPostProcessor
[1400/1669  0s] ILPostProcess Library/Bee/artifacts/1300b0aE.dag/post-processed/Unity.InputSystem.dll (+pdb)
Processing assembly Library/Bee/artifacts/1300b0aE.dag/Unity.InputSystem.dll, with 164 defines and 279 references

processors: Unity.Jobs.CodeGen.JobsILPostProcessor, zzzUnity.Burst.CodeGen.BurstILPostProcessor

running Unity.Jobs.CodeGen.JobsILPostProcessor

running zzzUnity.Burst.CodeGen.BurstILPostProcessor
[1401/1669  0s] ILPostProcess Library/Bee/artifacts/1300b0aE.dag/post-processed/Unity.VisualScripting.Core.dll (+pdb)
Processing assembly Library/Bee/artifacts/1300b0aE.dag/Unity.VisualScripting.Core.dll, with 158 defines and 280 references

processors: Unity.Jobs.CodeGen.JobsILPostProcessor, zzzUnity.Burst.CodeGen.BurstILPostProcessor

running Unity.Jobs.CodeGen.JobsILPostProcessor

running zzzUnity.Burst.CodeGen.BurstILPostProcessor
[1402/1669  0s] ILPostProcess Library/Bee/artifacts/1300b0aE.dag/post-processed/Unity.ProGrids.dll (+pdb)
Processing assembly Library/Bee/artifacts/1300b0aE.dag/Unity.ProGrids.dll, with 153 defines and 279 references

processors: Unity.Jobs.CodeGen.JobsILPostProcessor, zzzUnity.Burst.CodeGen.BurstILPostProcessor

running Unity.Jobs.CodeGen.JobsILPostProcessor

running zzzUnity.Burst.CodeGen.BurstILPostProcessor
[1403/1669  0s] ILPostProcess Library/Bee/artifacts/1300b0aE.dag/post-processed/Unity.RenderPipelines.Universal.Shaders.dll (+pdb)
Processing assembly Library/Bee/artifacts/1300b0aE.dag/Unity.RenderPipelines.Universal.Shaders.dll, with 153 defines and 279 references

processors: Unity.Jobs.CodeGen.JobsILPostProcessor, zzzUnity.Burst.CodeGen.BurstILPostProcessor

running Unity.Jobs.CodeGen.JobsILPostProcessor

running zzzUnity.Burst.CodeGen.BurstILPostProcessor
[1404/1669  0s] ILPostProcess Library/Bee/artifacts/1300b0aE.dag/post-processed/Unity.TextMeshPro.dll (+pdb)
Processing assembly Library/Bee/artifacts/1300b0aE.dag/Unity.TextMeshPro.dll, with 154 defines and 280 references

processors: Unity.Jobs.CodeGen.JobsILPostProcessor, zzzUnity.Burst.CodeGen.BurstILPostProcessor

running Unity.Jobs.CodeGen.JobsILPostProcessor

running zzzUnity.Burst.CodeGen.BurstILPostProcessor
[1405/1669  0s] ILPostProcess Library/Bee/artifacts/1300b0aE.dag/post-processed/Unity.RenderPipelines.Core.Runtime.Shared.dll (+pdb)
Processing assembly Library/Bee/artifacts/1300b0aE.dag/Unity.RenderPipelines.Core.Runtime.Shared.dll, with 153 defines and 280 references

processors: Unity.Jobs.CodeGen.JobsILPostProcessor, zzzUnity.Burst.CodeGen.BurstILPostProcessor

running Unity.Jobs.CodeGen.JobsILPostProcessor

running zzzUnity.Burst.CodeGen.BurstILPostProcessor
[1406/1669  0s] ILPostProcess Library/Bee/artifacts/1300b0aE.dag/post-processed/Unity.AI.Animate.Motion.Runtime.dll (+pdb)
Processing assembly Library/Bee/artifacts/1300b0aE.dag/Unity.AI.Animate.Motion.Runtime.dll, with 153 defines and 263 references

processors: Unity.Jobs.CodeGen.JobsILPostProcessor, zzzUnity.Burst.CodeGen.BurstILPostProcessor

running Unity.Jobs.CodeGen.JobsILPostProcessor

running zzzUnity.Burst.CodeGen.BurstILPostProcessor
[1407/1669  0s] ILPostProcess Library/Bee/artifacts/1300b0aE.dag/post-processed/Unity.AppUI.MVVM.dll (+pdb)
Processing assembly Library/Bee/artifacts/1300b0aE.dag/Unity.AppUI.MVVM.dll, with 154 defines and 265 references

processors: Unity.Jobs.CodeGen.JobsILPostProcessor, zzzUnity.Burst.CodeGen.BurstILPostProcessor

running Unity.Jobs.CodeGen.JobsILPostProcessor

running zzzUnity.Burst.CodeGen.BurstILPostProcessor
[1408/1669  0s] ILPostProcess Library/Bee/artifacts/1300b0aE.dag/post-processed/Unity.RenderPipelines.ShaderGraph.ShaderGraphLibrary.dll (+pdb)
Processing assembly Library/Bee/artifacts/1300b0aE.dag/Unity.RenderPipelines.ShaderGraph.ShaderGraphLibrary.dll, with 153 defines and 279 references

processors: Unity.Jobs.CodeGen.JobsILPostProcessor, zzzUnity.Burst.CodeGen.BurstILPostProcessor

running Unity.Jobs.CodeGen.JobsILPostProcessor

running zzzUnity.Burst.CodeGen.BurstILPostProcessor
[1409/1669  0s] ILPostProcess Library/Bee/artifacts/1300b0aE.dag/post-processed/Unity.AppUI.Navigation.dll (+pdb)
Processing assembly Library/Bee/artifacts/1300b0aE.dag/Unity.AppUI.Navigation.dll, with 155 defines and 265 references

processors: Unity.Jobs.CodeGen.JobsILPostProcessor, zzzUnity.Burst.CodeGen.BurstILPostProcessor

running Unity.Jobs.CodeGen.JobsILPostProcessor

running zzzUnity.Burst.CodeGen.BurstILPostProcessor
[1410/1669  0s] ILPostProcess Library/Bee/artifacts/1300b0aE.dag/post-processed/Unity.AppUI.InternalAPIBridge.dll (+pdb)
Processing assembly Library/Bee/artifacts/1300b0aE.dag/Unity.AppUI.InternalAPIBridge.dll, with 153 defines and 263 references

processors: Unity.Jobs.CodeGen.JobsILPostProcessor, zzzUnity.Burst.CodeGen.BurstILPostProcessor

running Unity.Jobs.CodeGen.JobsILPostProcessor

running zzzUnity.Burst.CodeGen.BurstILPostProcessor
[1411/1669  0s] ILPostProcess Library/Bee/artifacts/1300b0aE.dag/post-processed/Unity.AppUI.Redux.dll (+pdb)
Processing assembly Library/Bee/artifacts/1300b0aE.dag/Unity.AppUI.Redux.dll, with 153 defines and 265 references

processors: Unity.Jobs.CodeGen.JobsILPostProcessor, zzzUnity.Burst.CodeGen.BurstILPostProcessor

running Unity.Jobs.CodeGen.JobsILPostProcessor

running zzzUnity.Burst.CodeGen.BurstILPostProcessor
[1412/1669  0s] ILPostProcess Library/Bee/artifacts/1300b0aE.dag/post-processed/Unity.InputSystem.ForUI.dll (+pdb)
Processing assembly Library/Bee/artifacts/1300b0aE.dag/Unity.InputSystem.ForUI.dll, with 153 defines and 280 references

processors: Unity.Jobs.CodeGen.JobsILPostProcessor, zzzUnity.Burst.CodeGen.BurstILPostProcessor

running Unity.Jobs.CodeGen.JobsILPostProcessor

running zzzUnity.Burst.CodeGen.BurstILPostProcessor
[1413/1669  0s] ILPostProcess Library/Bee/artifacts/1300b0aE.dag/post-processed/Unity.RenderPipeline.Universal.ShaderLibrary.dll (+pdb)
Processing assembly Library/Bee/artifacts/1300b0aE.dag/Unity.RenderPipeline.Universal.ShaderLibrary.dll, with 153 defines and 280 references

processors: Unity.Jobs.CodeGen.JobsILPostProcessor, zzzUnity.Burst.CodeGen.BurstILPostProcessor

running Unity.Jobs.CodeGen.JobsILPostProcessor

running zzzUnity.Burst.CodeGen.BurstILPostProcessor
[1414/1669  0s] ILPostProcess Library/Bee/artifacts/1300b0aE.dag/post-processed/Unity.AI.Assistant.Runtime.dll (+pdb)
Processing assembly Library/Bee/artifacts/1300b0aE.dag/Unity.AI.Assistant.Runtime.dll, with 153 defines and 258 references

processors: Unity.Jobs.CodeGen.JobsILPostProcessor, zzzUnity.Burst.CodeGen.BurstILPostProcessor

running Unity.Jobs.CodeGen.JobsILPostProcessor

running zzzUnity.Burst.CodeGen.BurstILPostProcessor
[1415/1669  0s] ILPostProcess Library/Bee/artifacts/1300b0aE.dag/post-processed/Unity.AppUI.Undo.dll (+pdb)
Processing assembly Library/Bee/artifacts/1300b0aE.dag/Unity.AppUI.Undo.dll, with 153 defines and 263 references

processors: Unity.Jobs.CodeGen.JobsILPostProcessor, zzzUnity.Burst.CodeGen.BurstILPostProcessor

running Unity.Jobs.CodeGen.JobsILPostProcessor

running zzzUnity.Burst.CodeGen.BurstILPostProcessor
[1416/1669  0s] ILPostProcess Library/Bee/artifacts/1300b0aE.dag/post-processed/Unity.InputSystem.TestFramework.dll (+pdb)
Processing assembly Library/Bee/artifacts/1300b0aE.dag/Unity.InputSystem.TestFramework.dll, with 154 defines and 260 references

processors: Unity.Jobs.CodeGen.JobsILPostProcessor, zzzUnity.Burst.CodeGen.BurstILPostProcessor

running Unity.Jobs.CodeGen.JobsILPostProcessor

running zzzUnity.Burst.CodeGen.BurstILPostProcessor
[1417/1669  0s] ILPostProcess Library/Bee/artifacts/1300b0aE.dag/post-processed/Unity.VisualScripting.DocCodeExamples.dll (+pdb)
Processing assembly Library/Bee/artifacts/1300b0aE.dag/Unity.VisualScripting.DocCodeExamples.dll, with 153 defines and 262 references

processors: Unity.Jobs.CodeGen.JobsILPostProcessor, zzzUnity.Burst.CodeGen.BurstILPostProcessor

running Unity.Jobs.CodeGen.JobsILPostProcessor

running zzzUnity.Burst.CodeGen.BurstILPostProcessor
[1418/1669  0s] ILPostProcess Library/Bee/artifacts/1300b0aE.dag/post-processed/Unity.AppUI.dll (+pdb)
Processing assembly Library/Bee/artifacts/1300b0aE.dag/Unity.AppUI.dll, with 160 defines and 265 references

processors: Unity.Jobs.CodeGen.JobsILPostProcessor, zzzUnity.Burst.CodeGen.BurstILPostProcessor

running Unity.Jobs.CodeGen.JobsILPostProcessor

running zzzUnity.Burst.CodeGen.BurstILPostProcessor
[1419/1669  0s] ILPostProcess Library/Bee/artifacts/1300b0aE.dag/post-processed/Unity.VisualScripting.State.dll (+pdb)
Processing assembly Library/Bee/artifacts/1300b0aE.dag/Unity.VisualScripting.State.dll, with 153 defines and 281 references

processors: Unity.Jobs.CodeGen.JobsILPostProcessor, zzzUnity.Burst.CodeGen.BurstILPostProcessor

running Unity.Jobs.CodeGen.JobsILPostProcessor

running zzzUnity.Burst.CodeGen.BurstILPostProcessor
[1420/1669  0s] ILPostProcess Library/Bee/artifacts/1300b0aE.dag/post-processed/Unity.RenderPipelines.Core.ShaderLibrary.dll (+pdb)
Processing assembly Library/Bee/artifacts/1300b0aE.dag/Unity.RenderPipelines.Core.ShaderLibrary.dll, with 153 defines and 279 references

processors: Unity.Jobs.CodeGen.JobsILPostProcessor, zzzUnity.Burst.CodeGen.BurstILPostProcessor

running Unity.Jobs.CodeGen.JobsILPostProcessor

running zzzUnity.Burst.CodeGen.BurstILPostProcessor
[1421/1669  0s] ILPostProcess Library/Bee/artifacts/1300b0aE.dag/post-processed/Unity.Multiplayer.Center.Common.dll (+pdb)
Processing assembly Library/Bee/artifacts/1300b0aE.dag/Unity.Multiplayer.Center.Common.dll, with 153 defines and 279 references

processors: Unity.Jobs.CodeGen.JobsILPostProcessor, zzzUnity.Burst.CodeGen.BurstILPostProcessor

running Unity.Jobs.CodeGen.JobsILPostProcessor

running zzzUnity.Burst.CodeGen.BurstILPostProcessor
[1422/1669  0s] ILPostProcess Library/Bee/artifacts/1300b0aE.dag/post-processed/Unity.Timeline.dll (+pdb)
Processing assembly Library/Bee/artifacts/1300b0aE.dag/Unity.Timeline.dll, with 154 defines and 279 references

processors: Unity.Jobs.CodeGen.JobsILPostProcessor, zzzUnity.Burst.CodeGen.BurstILPostProcessor

running Unity.Jobs.CodeGen.JobsILPostProcessor

running zzzUnity.Burst.CodeGen.BurstILPostProcessor
[1423/1669  0s] ILPostProcess Library/Bee/artifacts/1300b0aE.dag/post-processed/Unity.AI.Navigation.dll (+pdb)
Processing assembly Library/Bee/artifacts/1300b0aE.dag/Unity.AI.Navigation.dll, with 154 defines and 279 references

processors: Unity.Jobs.CodeGen.JobsILPostProcessor, zzzUnity.Burst.CodeGen.BurstILPostProcessor

running Unity.Jobs.CodeGen.JobsILPostProcessor

running zzzUnity.Burst.CodeGen.BurstILPostProcessor
[1424/1669  0s] ILPostProcess Library/Bee/artifacts/1300b0aE.dag/post-processed/Unity.RenderPipelines.Universal.Config.Runtime.dll (+pdb)
Processing assembly Library/Bee/artifacts/1300b0aE.dag/Unity.RenderPipelines.Universal.Config.Runtime.dll, with 153 defines and 280 references

processors: Unity.Jobs.CodeGen.JobsILPostProcessor, zzzUnity.Burst.CodeGen.BurstILPostProcessor

running Unity.Jobs.CodeGen.JobsILPostProcessor

running zzzUnity.Burst.CodeGen.BurstILPostProcessor
[1425/1669  0s] ILPostProcess Library/Bee/artifacts/1300b0aE.dag/post-processed/Unity.AI.MCP.Runtime.dll (+pdb)
Processing assembly Library/Bee/artifacts/1300b0aE.dag/Unity.AI.MCP.Runtime.dll, with 153 defines and 279 references

processors: Unity.Jobs.CodeGen.JobsILPostProcessor, zzzUnity.Burst.CodeGen.BurstILPostProcessor

running Unity.Jobs.CodeGen.JobsILPostProcessor

running zzzUnity.Burst.CodeGen.BurstILPostProcessor
[1426/1669  0s] ILPostProcess Library/Bee/artifacts/1300b0aE.dag/post-processed/Unity.InternalAPIEngineBridge.004.dll (+pdb)
Processing assembly Library/Bee/artifacts/1300b0aE.dag/Unity.InternalAPIEngineBridge.004.dll, with 153 defines and 279 references

processors: Unity.Jobs.CodeGen.JobsILPostProcessor, zzzUnity.Burst.CodeGen.BurstILPostProcessor

running Unity.Jobs.CodeGen.JobsILPostProcessor

running zzzUnity.Burst.CodeGen.BurstILPostProcessor
[1427/1669  0s] ILPostProcess Library/Bee/artifacts/1300b0aE.dag/post-processed/Unity.VisualScripting.Flow.dll (+pdb)
Processing assembly Library/Bee/artifacts/1300b0aE.dag/Unity.VisualScripting.Flow.dll, with 161 defines and 281 references

processors: Unity.Jobs.CodeGen.JobsILPostProcessor, zzzUnity.Burst.CodeGen.BurstILPostProcessor

running Unity.Jobs.CodeGen.JobsILPostProcessor

running zzzUnity.Burst.CodeGen.BurstILPostProcessor
[1428/1669  0s] ILPostProcess Library/Bee/artifacts/1300b0aE.dag/post-processed/Unity.AI.Toolkit.Async.dll (+pdb)
Processing assembly Library/Bee/artifacts/1300b0aE.dag/Unity.AI.Toolkit.Async.dll, with 151 defines and 291 references

processors: Unity.Jobs.CodeGen.JobsILPostProcessor, zzzUnity.Burst.CodeGen.BurstILPostProcessor

running Unity.Jobs.CodeGen.JobsILPostProcessor

running zzzUnity.Burst.CodeGen.BurstILPostProcessor
[1429/1669  0s] ILPostProcess Library/Bee/artifacts/1300b0aE.dag/post-processed/Unity.Postprocessing.Runtime.dll (+pdb)
Processing assembly Library/Bee/artifacts/1300b0aE.dag/Unity.Postprocessing.Runtime.dll, with 156 defines and 279 references

processors: Unity.Jobs.CodeGen.JobsILPostProcessor, zzzUnity.Burst.CodeGen.BurstILPostProcessor

running Unity.Jobs.CodeGen.JobsILPostProcessor

running zzzUnity.Burst.CodeGen.BurstILPostProcessor
[1430/1669  0s] ILPostProcess Library/Bee/artifacts/1300b0aE.dag/post-processed/Unity.AI.Pbr.Srp.dll (+pdb)
Processing assembly Library/Bee/artifacts/1300b0aE.dag/Unity.AI.Pbr.Srp.dll, with 151 defines and 292 references

processors: Unity.Jobs.CodeGen.JobsILPostProcessor, zzzUnity.Burst.CodeGen.BurstILPostProcessor

running Unity.Jobs.CodeGen.JobsILPostProcessor

running zzzUnity.Burst.CodeGen.BurstILPostProcessor
[1431/1669  0s] ILPostProcess Library/Bee/artifacts/1300b0aE.dag/post-processed/Unity.InferenceEngine.Microsoft.Msagl.dll (+pdb)
Processing assembly Library/Bee/artifacts/1300b0aE.dag/Unity.InferenceEngine.Microsoft.Msagl.dll, with 151 defines and 291 references

processors: Unity.Jobs.CodeGen.JobsILPostProcessor, zzzUnity.Burst.CodeGen.BurstILPostProcessor

running Unity.Jobs.CodeGen.JobsILPostProcessor

running zzzUnity.Burst.CodeGen.BurstILPostProcessor
[1432/1669  0s] ILPostProcess Library/Bee/artifacts/1300b0aE.dag/post-processed/Unity.VisualScripting.Flow.Editor.dll (+pdb)
Processing assembly Library/Bee/artifacts/1300b0aE.dag/Unity.VisualScripting.Flow.Editor.dll, with 153 defines and 295 references

processors: Unity.Jobs.CodeGen.JobsILPostProcessor, zzzUnity.Burst.CodeGen.BurstILPostProcessor

running Unity.Jobs.CodeGen.JobsILPostProcessor

running zzzUnity.Burst.CodeGen.BurstILPostProcessor
[1433/1669  0s] ILPostProcess Library/Bee/artifacts/1300b0aE.dag/post-processed/Unity.Searcher.Editor.dll (+pdb)
Processing assembly Library/Bee/artifacts/1300b0aE.dag/Unity.Searcher.Editor.dll, with 151 defines and 291 references

processors: Unity.Jobs.CodeGen.JobsILPostProcessor, zzzUnity.Burst.CodeGen.BurstILPostProcessor

running Unity.Jobs.CodeGen.JobsILPostProcessor

running zzzUnity.Burst.CodeGen.BurstILPostProcessor
[1434/1669  0s] ILPostProcess Library/Bee/artifacts/1300b0aE.dag/post-processed/Unity.AI.Assistant.Bridge.Editor.dll (+pdb)
Processing assembly Library/Bee/artifacts/1300b0aE.dag/Unity.AI.Assistant.Bridge.Editor.dll, with 151 defines and 291 references

processors: Unity.Jobs.CodeGen.JobsILPostProcessor, zzzUnity.Burst.CodeGen.BurstILPostProcessor

running Unity.Jobs.CodeGen.JobsILPostProcessor

running zzzUnity.Burst.CodeGen.BurstILPostProcessor
[1435/1669  0s] ILPostProcess Library/Bee/artifacts/1300b0aE.dag/post-processed/Unity.RenderPipelines.Universal.Runtime.dll (+pdb)
Processing assembly Library/Bee/artifacts/1300b0aE.dag/Unity.RenderPipelines.Universal.Runtime.dll, with 160 defines and 287 references

processors: Unity.Jobs.CodeGen.JobsILPostProcessor, zzzUnity.Burst.CodeGen.BurstILPostProcessor

running Unity.Jobs.CodeGen.JobsILPostProcessor

running zzzUnity.Burst.CodeGen.BurstILPostProcessor
[1436/1669  0s] ILPostProcess Library/Bee/artifacts/1300b0aE.dag/post-processed/Unity.TestTools.CodeCoverage.Editor.dll (+pdb)
Processing assembly Library/Bee/artifacts/1300b0aE.dag/Unity.TestTools.CodeCoverage.Editor.dll, with 152 defines and 276 references

processors: Unity.Jobs.CodeGen.JobsILPostProcessor, zzzUnity.Burst.CodeGen.BurstILPostProcessor

running Unity.Jobs.CodeGen.JobsILPostProcessor

running zzzUnity.Burst.CodeGen.BurstILPostProcessor
[1437/1669  1s] ILPostProcess Library/Bee/artifacts/1300b0aE.dag/post-processed/Unity.RenderPipelines.Core.Runtime.dll (+pdb)
Processing assembly Library/Bee/artifacts/1300b0aE.dag/Unity.RenderPipelines.Core.Runtime.dll, with 156 defines and 283 references

processors: Unity.Jobs.CodeGen.JobsILPostProcessor, zzzUnity.Burst.CodeGen.BurstILPostProcessor

running Unity.Jobs.CodeGen.JobsILPostProcessor

running zzzUnity.Burst.CodeGen.BurstILPostProcessor
[1438/1669  0s] ILPostProcess Library/Bee/artifacts/1300b0aE.dag/post-processed/Unity.Settings.Editor.dll (+pdb)
Processing assembly Library/Bee/artifacts/1300b0aE.dag/Unity.Settings.Editor.dll, with 151 defines and 291 references

processors: Unity.Jobs.CodeGen.JobsILPostProcessor, zzzUnity.Burst.CodeGen.BurstILPostProcessor

running Unity.Jobs.CodeGen.JobsILPostProcessor

running zzzUnity.Burst.CodeGen.BurstILPostProcessor
[1439/1669  0s] ILPostProcess Library/Bee/artifacts/1300b0aE.dag/post-processed/Unity.VisualScripting.Shared.Editor.dll (+pdb)
Processing assembly Library/Bee/artifacts/1300b0aE.dag/Unity.VisualScripting.Shared.Editor.dll, with 151 defines and 297 references

processors: Unity.Jobs.CodeGen.JobsILPostProcessor, zzzUnity.Burst.CodeGen.BurstILPostProcessor

running Unity.Jobs.CodeGen.JobsILPostProcessor

running zzzUnity.Burst.CodeGen.BurstILPostProcessor
[1440/1669  0s] ILPostProcess Library/Bee/artifacts/1300b0aE.dag/post-processed/Unity.TestTools.CodeCoverage.Editor.OpenCover.Model.dll (+pdb)
Processing assembly Library/Bee/artifacts/1300b0aE.dag/Unity.TestTools.CodeCoverage.Editor.OpenCover.Model.dll, with 151 defines and 291 references

processors: Unity.Jobs.CodeGen.JobsILPostProcessor, zzzUnity.Burst.CodeGen.BurstILPostProcessor

running Unity.Jobs.CodeGen.JobsILPostProcessor

running zzzUnity.Burst.CodeGen.BurstILPostProcessor
[1441/1669  1s] ILPostProcess Library/Bee/artifacts/1300b0aE.dag/post-processed/Unity.UnifiedRayTracing.Runtime.dll (+pdb)
Processing assembly Library/Bee/artifacts/1300b0aE.dag/Unity.UnifiedRayTracing.Runtime.dll, with 154 defines and 282 references

processors: Unity.Jobs.CodeGen.JobsILPostProcessor, zzzUnity.Burst.CodeGen.BurstILPostProcessor

running Unity.Jobs.CodeGen.JobsILPostProcessor

running zzzUnity.Burst.CodeGen.BurstILPostProcessor
[1442/1669  0s] ILPostProcess Library/Bee/artifacts/1300b0aE.dag/post-processed/Unity.AI.Generators.IO.Srp.dll (+pdb)
Processing assembly Library/Bee/artifacts/1300b0aE.dag/Unity.AI.Generators.IO.Srp.dll, with 151 defines and 291 references

processors: Unity.Jobs.CodeGen.JobsILPostProcessor, zzzUnity.Burst.CodeGen.BurstILPostProcessor

running Unity.Jobs.CodeGen.JobsILPostProcessor

running zzzUnity.Burst.CodeGen.BurstILPostProcessor
[1443/1669  0s] ILPostProcess Library/Bee/artifacts/1300b0aE.dag/post-processed/Unity.EditorCoroutines.Editor.dll (+pdb)
Processing assembly Library/Bee/artifacts/1300b0aE.dag/Unity.EditorCoroutines.Editor.dll, with 151 defines and 291 references

processors: Unity.Jobs.CodeGen.JobsILPostProcessor, zzzUnity.Burst.CodeGen.BurstILPostProcessor

running Unity.Jobs.CodeGen.JobsILPostProcessor

running zzzUnity.Burst.CodeGen.BurstILPostProcessor
[1444/1669  0s] ILPostProcess Library/Bee/artifacts/1300b0aE.dag/post-processed/Unity.InferenceEngine.ONNX.Editor.dll (+pdb)
Processing assembly Library/Bee/artifacts/1300b0aE.dag/Unity.InferenceEngine.ONNX.Editor.dll, with 151 defines and 273 references

processors: Unity.Jobs.CodeGen.JobsILPostProcessor, zzzUnity.Burst.CodeGen.BurstILPostProcessor

running Unity.Jobs.CodeGen.JobsILPostProcessor

running zzzUnity.Burst.CodeGen.BurstILPostProcessor
[1445/1669  0s] ILPostProcess Library/Bee/artifacts/1300b0aE.dag/post-processed/Unity.Performance.Profile-Analyzer.Editor.dll (+pdb)
Processing assembly Library/Bee/artifacts/1300b0aE.dag/Unity.Performance.Profile-Analyzer.Editor.dll, with 151 defines and 291 references

processors: Unity.Jobs.CodeGen.JobsILPostProcessor, zzzUnity.Burst.CodeGen.BurstILPostProcessor

running Unity.Jobs.CodeGen.JobsILPostProcessor

running zzzUnity.Burst.CodeGen.BurstILPostProcessor
[1446/1669  0s] ILPostProcess Library/Bee/artifacts/1300b0aE.dag/post-processed/Unity.PlasticSCM.Editor.dll (+pdb)
Processing assembly Library/Bee/artifacts/1300b0aE.dag/Unity.PlasticSCM.Editor.dll, with 151 defines and 276 references

processors: Unity.Jobs.CodeGen.JobsILPostProcessor, zzzUnity.Burst.CodeGen.BurstILPostProcessor

running Unity.Jobs.CodeGen.JobsILPostProcessor

running zzzUnity.Burst.CodeGen.BurstILPostProcessor
[1447/1669  0s] ILPostProcess Library/Bee/artifacts/1300b0aE.dag/post-processed/Unity.AI.Toolkit.Compliance.dll (+pdb)
Processing assembly Library/Bee/artifacts/1300b0aE.dag/Unity.AI.Toolkit.Compliance.dll, with 151 defines and 291 references

processors: Unity.Jobs.CodeGen.JobsILPostProcessor, zzzUnity.Burst.CodeGen.BurstILPostProcessor

running Unity.Jobs.CodeGen.JobsILPostProcessor

running zzzUnity.Burst.CodeGen.BurstILPostProcessor
[1448/1669  0s] ILPostProcess Library/Bee/artifacts/1300b0aE.dag/post-processed/Unity.AI.Assistant.Editor.dll (+pdb)
Processing assembly Library/Bee/artifacts/1300b0aE.dag/Unity.AI.Assistant.Editor.dll, with 151 defines and 284 references

processors: Unity.Jobs.CodeGen.JobsILPostProcessor, zzzUnity.Burst.CodeGen.BurstILPostProcessor

running Unity.Jobs.CodeGen.JobsILPostProcessor

running zzzUnity.Burst.CodeGen.BurstILPostProcessor
[1449/1669  0s] ILPostProcess Library/Bee/artifacts/1300b0aE.dag/post-processed/Unity.AppUI.Editor.dll (+pdb)
Processing assembly Library/Bee/artifacts/1300b0aE.dag/Unity.AppUI.Editor.dll, with 153 defines and 293 references

processors: Unity.Jobs.CodeGen.JobsILPostProcessor, zzzUnity.Burst.CodeGen.BurstILPostProcessor

running Unity.Jobs.CodeGen.JobsILPostProcessor

running zzzUnity.Burst.CodeGen.BurstILPostProcessor
[1450/1669  0s] ILPostProcess Library/Bee/artifacts/1300b0aE.dag/post-processed/Unity.AI.Assistant.Agent.Dynamic.Extension.Editor.dll (+pdb)
Processing assembly Library/Bee/artifacts/1300b0aE.dag/Unity.AI.Assistant.Agent.Dynamic.Extension.Editor.dll, with 151 defines and 291 references

processors: Unity.Jobs.CodeGen.JobsILPostProcessor, zzzUnity.Burst.CodeGen.BurstILPostProcessor

running Unity.Jobs.CodeGen.JobsILPostProcessor

running zzzUnity.Burst.CodeGen.BurstILPostProcessor
[1451/1669  0s] ILPostProcess Library/Bee/artifacts/1300b0aE.dag/post-processed/Unity.InferenceEngine.Editor.Visualizer.dll (+pdb)
Processing assembly Library/Bee/artifacts/1300b0aE.dag/Unity.InferenceEngine.Editor.Visualizer.dll, with 151 defines and 298 references

processors: Unity.Jobs.CodeGen.JobsILPostProcessor, zzzUnity.Burst.CodeGen.BurstILPostProcessor

running Unity.Jobs.CodeGen.JobsILPostProcessor

running zzzUnity.Burst.CodeGen.BurstILPostProcessor
[1452/1669  0s] ILPostProcess Library/Bee/artifacts/1300b0aE.dag/post-processed/Unity.AI.Toolkit.GenerationObjectPicker.dll (+pdb)
Processing assembly Library/Bee/artifacts/1300b0aE.dag/Unity.AI.Toolkit.GenerationObjectPicker.dll, with 152 defines and 294 references

processors: Unity.Jobs.CodeGen.JobsILPostProcessor, zzzUnity.Burst.CodeGen.BurstILPostProcessor

running Unity.Jobs.CodeGen.JobsILPostProcessor

running zzzUnity.Burst.CodeGen.BurstILPostProcessor
[1453/1669  1s] ILPostProcess Library/Bee/artifacts/1300b0aE.dag/post-processed/Unity.Burst.dll (+pdb)
Processing assembly Library/Bee/artifacts/1300b0aE.dag/Unity.Burst.dll, with 153 defines and 261 references

processors: Unity.Jobs.CodeGen.JobsILPostProcessor, zzzUnity.Burst.CodeGen.BurstILPostProcessor

running Unity.Jobs.CodeGen.JobsILPostProcessor

running zzzUnity.Burst.CodeGen.BurstILPostProcessor
[1454/1669  1s] ILPostProcess Library/Bee/artifacts/1300b0aE.dag/post-processed/Unity.RenderPipelines.Universal.2D.Runtime.dll (+pdb)
Processing assembly Library/Bee/artifacts/1300b0aE.dag/Unity.RenderPipelines.Universal.2D.Runtime.dll, with 156 defines and 284 references

processors: Unity.Jobs.CodeGen.JobsILPostProcessor, zzzUnity.Burst.CodeGen.BurstILPostProcessor

running Unity.Jobs.CodeGen.JobsILPostProcessor

running zzzUnity.Burst.CodeGen.BurstILPostProcessor
[1455/1669  0s] ILPostProcess Library/Bee/artifacts/1300b0aE.dag/post-processed/Unity.Burst.Editor.dll (+pdb)
Processing assembly Library/Bee/artifacts/1300b0aE.dag/Unity.Burst.Editor.dll, with 151 defines and 292 references

processors: Unity.Jobs.CodeGen.JobsILPostProcessor, zzzUnity.Burst.CodeGen.BurstILPostProcessor

running Unity.Jobs.CodeGen.JobsILPostProcessor

running zzzUnity.Burst.CodeGen.BurstILPostProcessor
[1456/1669  0s] ILPostProcess Library/Bee/artifacts/1300b0aE.dag/post-processed/Unity.AI.Assistant.UI.Editor.dll (+pdb)
Processing assembly Library/Bee/artifacts/1300b0aE.dag/Unity.AI.Assistant.UI.Editor.dll, with 151 defines and 287 references

processors: Unity.Jobs.CodeGen.JobsILPostProcessor, zzzUnity.Burst.CodeGen.BurstILPostProcessor

running Unity.Jobs.CodeGen.JobsILPostProcessor

running zzzUnity.Burst.CodeGen.BurstILPostProcessor
[1457/1669  0s] ILPostProcess Library/Bee/artifacts/1300b0aE.dag/post-processed/Unity.AI.Toolkit.GenerationContextMenu.dll (+pdb)
Processing assembly Library/Bee/artifacts/1300b0aE.dag/Unity.AI.Toolkit.GenerationContextMenu.dll, with 151 defines and 292 references

processors: Unity.Jobs.CodeGen.JobsILPostProcessor, zzzUnity.Burst.CodeGen.BurstILPostProcessor

running Unity.Jobs.CodeGen.JobsILPostProcessor

running zzzUnity.Burst.CodeGen.BurstILPostProcessor
[1458/1669  1s] ILPostProcess Library/Bee/artifacts/1300b0aE.dag/post-processed/Unity.RenderPipelines.GPUDriven.Runtime.dll (+pdb)
Processing assembly Library/Bee/artifacts/1300b0aE.dag/Unity.RenderPipelines.GPUDriven.Runtime.dll, with 153 defines and 283 references

processors: Unity.Jobs.CodeGen.JobsILPostProcessor, zzzUnity.Burst.CodeGen.BurstILPostProcessor

running Unity.Jobs.CodeGen.JobsILPostProcessor

running zzzUnity.Burst.CodeGen.BurstILPostProcessor
[1459/1669  0s] ILPostProcess Library/Bee/artifacts/1300b0aE.dag/post-processed/Unity.AI.Search.Editor.dll (+pdb)
Processing assembly Library/Bee/artifacts/1300b0aE.dag/Unity.AI.Search.Editor.dll, with 152 defines and 281 references

processors: Unity.Jobs.CodeGen.JobsILPostProcessor, zzzUnity.Burst.CodeGen.BurstILPostProcessor

running Unity.Jobs.CodeGen.JobsILPostProcessor

running zzzUnity.Burst.CodeGen.BurstILPostProcessor
[1460/1669  0s] ILPostProcess Library/Bee/artifacts/1300b0aE.dag/post-processed/Unity.AppUI.Redux.Editor.dll (+pdb)
Processing assembly Library/Bee/artifacts/1300b0aE.dag/Unity.AppUI.Redux.Editor.dll, with 155 defines and 277 references

processors: Unity.Jobs.CodeGen.JobsILPostProcessor, zzzUnity.Burst.CodeGen.BurstILPostProcessor

running Unity.Jobs.CodeGen.JobsILPostProcessor

running zzzUnity.Burst.CodeGen.BurstILPostProcessor
[1461/1669  1s] ILPostProcess Library/Bee/artifacts/1300b0aE.dag/post-processed/Unity.Collections.dll (+pdb)
Processing assembly Library/Bee/artifacts/1300b0aE.dag/Unity.Collections.dll, with 155 defines and 281 references

processors: Unity.Jobs.CodeGen.JobsILPostProcessor, zzzUnity.Burst.CodeGen.BurstILPostProcessor

running Unity.Jobs.CodeGen.JobsILPostProcessor

running zzzUnity.Burst.CodeGen.BurstILPostProcessor
[1462/1669  0s] ILPostProcess Library/Bee/artifacts/1300b0aE.dag/post-processed/Unity.AppUI.Navigation.Editor.dll (+pdb)
Processing assembly Library/Bee/artifacts/1300b0aE.dag/Unity.AppUI.Navigation.Editor.dll, with 151 defines and 295 references

processors: Unity.Jobs.CodeGen.JobsILPostProcessor, zzzUnity.Burst.CodeGen.BurstILPostProcessor

running Unity.Jobs.CodeGen.JobsILPostProcessor

running zzzUnity.Burst.CodeGen.BurstILPostProcessor
[1463/1669  0s] ILPostProcess Library/Bee/artifacts/1300b0aE.dag/post-processed/Unity.ShaderGraph.Utilities.dll (+pdb)
Processing assembly Library/Bee/artifacts/1300b0aE.dag/Unity.ShaderGraph.Utilities.dll, with 151 defines and 291 references

processors: Unity.Jobs.CodeGen.JobsILPostProcessor, zzzUnity.Burst.CodeGen.BurstILPostProcessor

running Unity.Jobs.CodeGen.JobsILPostProcessor

running zzzUnity.Burst.CodeGen.BurstILPostProcessor
[1464/1669  0s] ILPostProcess Library/Bee/artifacts/1300b0aE.dag/post-processed/Unity.AI.Generators.Asset.dll (+pdb)
Processing assembly Library/Bee/artifacts/1300b0aE.dag/Unity.AI.Generators.Asset.dll, with 151 defines and 296 references

processors: Unity.Jobs.CodeGen.JobsILPostProcessor, zzzUnity.Burst.CodeGen.BurstILPostProcessor

running Unity.Jobs.CodeGen.JobsILPostProcessor

running zzzUnity.Burst.CodeGen.BurstILPostProcessor
[1465/1669  1s] ILPostProcess Library/Bee/artifacts/1300b0aE.dag/post-processed/Unity.RenderPipelines.Core.Editor.dll (+pdb)
Processing assembly Library/Bee/artifacts/1300b0aE.dag/Unity.RenderPipelines.Core.Editor.dll, with 152 defines and 297 references

processors: Unity.Jobs.CodeGen.JobsILPostProcessor, zzzUnity.Burst.CodeGen.BurstILPostProcessor

running Unity.Jobs.CodeGen.JobsILPostProcessor

running zzzUnity.Burst.CodeGen.BurstILPostProcessor
[1466/1669  0s] ILPostProcess Library/Bee/artifacts/1300b0aE.dag/post-processed/Unity.TestTools.CodeCoverage.Editor.OpenCover.Mono.Reflection.dll (+pdb)
Processing assembly Library/Bee/artifacts/1300b0aE.dag/Unity.TestTools.CodeCoverage.Editor.OpenCover.Mono.Reflection.dll, with 151 defines and 291 references

processors: Unity.Jobs.CodeGen.JobsILPostProcessor, zzzUnity.Burst.CodeGen.BurstILPostProcessor

running Unity.Jobs.CodeGen.JobsILPostProcessor

running zzzUnity.Burst.CodeGen.BurstILPostProcessor
[1467/1669  0s] ILPostProcess Library/Bee/artifacts/1300b0aE.dag/post-processed/Unity.Collections.Editor.dll (+pdb)
Processing assembly Library/Bee/artifacts/1300b0aE.dag/Unity.Collections.Editor.dll, with 152 defines and 292 references

processors: Unity.Jobs.CodeGen.JobsILPostProcessor, zzzUnity.Burst.CodeGen.BurstILPostProcessor

running Unity.Jobs.CodeGen.JobsILPostProcessor

running zzzUnity.Burst.CodeGen.BurstILPostProcessor
[1468/1669  0s] ILPostProcess Library/Bee/artifacts/1300b0aE.dag/post-processed/Unity.AI.Navigation.Editor.ConversionSystem.dll (+pdb)
Processing assembly Library/Bee/artifacts/1300b0aE.dag/Unity.AI.Navigation.Editor.ConversionSystem.dll, with 151 defines and 291 references

processors: Unity.Jobs.CodeGen.JobsILPostProcessor, zzzUnity.Burst.CodeGen.BurstILPostProcessor

running Unity.Jobs.CodeGen.JobsILPostProcessor

running zzzUnity.Burst.CodeGen.BurstILPostProcessor
[1469/1669  0s] ILPostProcess Library/Bee/artifacts/1300b0aE.dag/post-processed/Unity.VisualScripting.SettingsProvider.Editor.dll (+pdb)
Processing assembly Library/Bee/artifacts/1300b0aE.dag/Unity.VisualScripting.SettingsProvider.Editor.dll, with 151 defines and 296 references

processors: Unity.Jobs.CodeGen.JobsILPostProcessor, zzzUnity.Burst.CodeGen.BurstILPostProcessor

running Unity.Jobs.CodeGen.JobsILPostProcessor

running zzzUnity.Burst.CodeGen.BurstILPostProcessor
[1470/1669  0s] ILPostProcess Library/Bee/artifacts/1300b0aE.dag/post-processed/Unity.ProGrids.Editor.dll (+pdb)
Processing assembly Library/Bee/artifacts/1300b0aE.dag/Unity.ProGrids.Editor.dll, with 151 defines and 293 references

processors: Unity.Jobs.CodeGen.JobsILPostProcessor, zzzUnity.Burst.CodeGen.BurstILPostProcessor

running Unity.Jobs.CodeGen.JobsILPostProcessor

running zzzUnity.Burst.CodeGen.BurstILPostProcessor
[1471/1669  0s] ILPostProcess Library/Bee/artifacts/1300b0aE.dag/post-processed/Unity.Rendering.LightTransport.Editor.dll (+pdb)
Processing assembly Library/Bee/artifacts/1300b0aE.dag/Unity.Rendering.LightTransport.Editor.dll, with 151 defines and 291 references

processors: Unity.Jobs.CodeGen.JobsILPostProcessor, zzzUnity.Burst.CodeGen.BurstILPostProcessor

running Unity.Jobs.CodeGen.JobsILPostProcessor

running zzzUnity.Burst.CodeGen.BurstILPostProcessor
[1472/1669  0s] ILPostProcess Library/Bee/artifacts/1300b0aE.dag/post-processed/Unity.VisualScripting.Core.Editor.dll (+pdb)
Processing assembly Library/Bee/artifacts/1300b0aE.dag/Unity.VisualScripting.Core.Editor.dll, with 151 defines and 292 references

processors: Unity.Jobs.CodeGen.JobsILPostProcessor, zzzUnity.Burst.CodeGen.BurstILPostProcessor

running Unity.Jobs.CodeGen.JobsILPostProcessor

running zzzUnity.Burst.CodeGen.BurstILPostProcessor
[1473/1669  0s] ILPostProcess Library/Bee/artifacts/1300b0aE.dag/post-processed/UnityEditor.UI.dll (+pdb)
Processing assembly Library/Bee/artifacts/1300b0aE.dag/UnityEditor.UI.dll, with 154 defines and 290 references

processors: Unity.Jobs.CodeGen.JobsILPostProcessor, zzzUnity.Burst.CodeGen.BurstILPostProcessor

running Unity.Jobs.CodeGen.JobsILPostProcessor

running zzzUnity.Burst.CodeGen.BurstILPostProcessor
[1474/1669  0s] ILPostProcess Library/Bee/artifacts/1300b0aE.dag/post-processed/Unity.Postprocessing.Editor.dll (+pdb)
Processing assembly Library/Bee/artifacts/1300b0aE.dag/Unity.Postprocessing.Editor.dll, with 153 defines and 292 references

processors: Unity.Jobs.CodeGen.JobsILPostProcessor, zzzUnity.Burst.CodeGen.BurstILPostProcessor

running Unity.Jobs.CodeGen.JobsILPostProcessor

running zzzUnity.Burst.CodeGen.BurstILPostProcessor
[1475/1669  0s] ILPostProcess Library/Bee/artifacts/1300b0aE.dag/post-processed/Unity.2D.Sprite.Editor.dll (+pdb)
Processing assembly Library/Bee/artifacts/1300b0aE.dag/Unity.2D.Sprite.Editor.dll, with 151 defines and 291 references

processors: Unity.Jobs.CodeGen.JobsILPostProcessor, zzzUnity.Burst.CodeGen.BurstILPostProcessor

running Unity.Jobs.CodeGen.JobsILPostProcessor

running zzzUnity.Burst.CodeGen.BurstILPostProcessor
[1476/1669  0s] ILPostProcess Library/Bee/artifacts/1300b0aE.dag/post-processed/Unity.AI.Generators.UI.dll (+pdb)
Processing assembly Library/Bee/artifacts/1300b0aE.dag/Unity.AI.Generators.UI.dll, with 151 defines and 284 references

processors: Unity.Jobs.CodeGen.JobsILPostProcessor, zzzUnity.Burst.CodeGen.BurstILPostProcessor

running Unity.Jobs.CodeGen.JobsILPostProcessor

running zzzUnity.Burst.CodeGen.BurstILPostProcessor
[1477/1669  2s] ILPostProcess Library/Bee/artifacts/1300b0aE.dag/post-processed/Unity.InferenceEngine.dll (+pdb)
Processing assembly Library/Bee/artifacts/1300b0aE.dag/Unity.InferenceEngine.dll, with 153 defines and 282 references

processors: Unity.Jobs.CodeGen.JobsILPostProcessor, zzzUnity.Burst.CodeGen.BurstILPostProcessor

running Unity.Jobs.CodeGen.JobsILPostProcessor

running zzzUnity.Burst.CodeGen.BurstILPostProcessor
[1478/1669  0s] ILPostProcess Library/Bee/artifacts/1300b0aE.dag/post-processed/Unity.2D.Tilemap.Editor.dll (+pdb)
Processing assembly Library/Bee/artifacts/1300b0aE.dag/Unity.2D.Tilemap.Editor.dll, with 151 defines and 291 references

processors: Unity.Jobs.CodeGen.JobsILPostProcessor, zzzUnity.Burst.CodeGen.BurstILPostProcessor

running Unity.Jobs.CodeGen.JobsILPostProcessor

running zzzUnity.Burst.CodeGen.BurstILPostProcessor
[1479/1669  0s] ILPostProcess Library/Bee/artifacts/1300b0aE.dag/post-processed/Unity.RenderPipelines.Core.Editor.Shared.dll (+pdb)
Processing assembly Library/Bee/artifacts/1300b0aE.dag/Unity.RenderPipelines.Core.Editor.Shared.dll, with 151 defines and 292 references

processors: Unity.Jobs.CodeGen.JobsILPostProcessor, zzzUnity.Burst.CodeGen.BurstILPostProcessor

running Unity.Jobs.CodeGen.JobsILPostProcessor

running zzzUnity.Burst.CodeGen.BurstILPostProcessor
[1480/1669  0s] ILPostProcess Library/Bee/artifacts/1300b0aE.dag/post-processed/HFDownloader.dll (+pdb)
Processing assembly Library/Bee/artifacts/1300b0aE.dag/HFDownloader.dll, with 151 defines and 273 references

processors: Unity.Jobs.CodeGen.JobsILPostProcessor, zzzUnity.Burst.CodeGen.BurstILPostProcessor

running Unity.Jobs.CodeGen.JobsILPostProcessor

running zzzUnity.Burst.CodeGen.BurstILPostProcessor
[1481/1669  0s] ILPostProcess Library/Bee/artifacts/1300b0aE.dag/post-processed/Unity.Timeline.Editor.dll (+pdb)
Processing assembly Library/Bee/artifacts/1300b0aE.dag/Unity.Timeline.Editor.dll, with 152 defines and 292 references

processors: Unity.Jobs.CodeGen.JobsILPostProcessor, zzzUnity.Burst.CodeGen.BurstILPostProcessor

running Unity.Jobs.CodeGen.JobsILPostProcessor

running zzzUnity.Burst.CodeGen.BurstILPostProcessor
[1482/1669  0s] ILPostProcess Library/Bee/artifacts/1300b0aE.dag/post-processed/Unity.AI.Mesh.dll (+pdb)
Processing assembly Library/Bee/artifacts/1300b0aE.dag/Unity.AI.Mesh.dll, with 151 defines and 305 references

processors: Unity.Jobs.CodeGen.JobsILPostProcessor, zzzUnity.Burst.CodeGen.BurstILPostProcessor

running Unity.Jobs.CodeGen.JobsILPostProcessor

running zzzUnity.Burst.CodeGen.BurstILPostProcessor
[1483/1669  0s] ILPostProcess Library/Bee/artifacts/1300b0aE.dag/post-processed/Unity.AI.Animate.dll (+pdb)
Processing assembly Library/Bee/artifacts/1300b0aE.dag/Unity.AI.Animate.dll, with 151 defines and 308 references

processors: Unity.Jobs.CodeGen.JobsILPostProcessor, zzzUnity.Burst.CodeGen.BurstILPostProcessor

running Unity.Jobs.CodeGen.JobsILPostProcessor

running zzzUnity.Burst.CodeGen.BurstILPostProcessor
[1484/1669  0s] ILPostProcess Library/Bee/artifacts/1300b0aE.dag/post-processed/Unity.AI.Navigation.Updater.dll (+pdb)
Processing assembly Library/Bee/artifacts/1300b0aE.dag/Unity.AI.Navigation.Updater.dll, with 151 defines and 294 references

processors: Unity.Jobs.CodeGen.JobsILPostProcessor, zzzUnity.Burst.CodeGen.BurstILPostProcessor

running Unity.Jobs.CodeGen.JobsILPostProcessor

running zzzUnity.Burst.CodeGen.BurstILPostProcessor
[1485/1669  0s] ILPostProcess Library/Bee/artifacts/1300b0aE.dag/post-processed/Unity.PlasticSCM.Editor.Entities.dll (+pdb)
Processing assembly Library/Bee/artifacts/1300b0aE.dag/Unity.PlasticSCM.Editor.Entities.dll, with 151 defines and 292 references

processors: Unity.Jobs.CodeGen.JobsILPostProcessor, zzzUnity.Burst.CodeGen.BurstILPostProcessor

running Unity.Jobs.CodeGen.JobsILPostProcessor

running zzzUnity.Burst.CodeGen.BurstILPostProcessor
[1486/1669  0s] ILPostProcess Library/Bee/artifacts/1300b0aE.dag/post-processed/Unity.AI.Image.dll (+pdb)
Processing assembly Library/Bee/artifacts/1300b0aE.dag/Unity.AI.Image.dll, with 151 defines and 308 references

processors: Unity.Jobs.CodeGen.JobsILPostProcessor, zzzUnity.Burst.CodeGen.BurstILPostProcessor

running Unity.Jobs.CodeGen.JobsILPostProcessor

running zzzUnity.Burst.CodeGen.BurstILPostProcessor
[1487/1669  0s] ILPostProcess Library/Bee/artifacts/1300b0aE.dag/post-processed/Unity.AI.Pbr.dll (+pdb)
Processing assembly Library/Bee/artifacts/1300b0aE.dag/Unity.AI.Pbr.dll, with 151 defines and 307 references

processors: Unity.Jobs.CodeGen.JobsILPostProcessor, zzzUnity.Burst.CodeGen.BurstILPostProcessor

running Unity.Jobs.CodeGen.JobsILPostProcessor

running zzzUnity.Burst.CodeGen.BurstILPostProcessor
[1488/1669  0s] ILPostProcess Library/Bee/artifacts/1300b0aE.dag/post-processed/Unity.AI.Assistant.API.Editor.dll (+pdb)
Processing assembly Library/Bee/artifacts/1300b0aE.dag/Unity.AI.Assistant.API.Editor.dll, with 151 defines and 295 references

processors: Unity.Jobs.CodeGen.JobsILPostProcessor, zzzUnity.Burst.CodeGen.BurstILPostProcessor

running Unity.Jobs.CodeGen.JobsILPostProcessor

running zzzUnity.Burst.CodeGen.BurstILPostProcessor
[1489/1669  0s] ILPostProcess Library/Bee/artifacts/1300b0aE.dag/post-processed/Unity.AI.ModelSelector.dll (+pdb)
Processing assembly Library/Bee/artifacts/1300b0aE.dag/Unity.AI.ModelSelector.dll, with 151 defines and 300 references

processors: Unity.Jobs.CodeGen.JobsILPostProcessor, zzzUnity.Burst.CodeGen.BurstILPostProcessor

running Unity.Jobs.CodeGen.JobsILPostProcessor

running zzzUnity.Burst.CodeGen.BurstILPostProcessor
[1490/1669  0s] ILPostProcess Library/Bee/artifacts/1300b0aE.dag/post-processed/Unity.InputSystem.ForUI.Editor.dll (+pdb)
Processing assembly Library/Bee/artifacts/1300b0aE.dag/Unity.InputSystem.ForUI.Editor.dll, with 151 defines and 293 references

processors: Unity.Jobs.CodeGen.JobsILPostProcessor, zzzUnity.Burst.CodeGen.BurstILPostProcessor

running Unity.Jobs.CodeGen.JobsILPostProcessor

running zzzUnity.Burst.CodeGen.BurstILPostProcessor
[1491/1669  0s] ILPostProcess Library/Bee/artifacts/1300b0aE.dag/post-processed/Unity.AI.Assistant.Annotations.Editor.dll (+pdb)
Processing assembly Library/Bee/artifacts/1300b0aE.dag/Unity.AI.Assistant.Annotations.Editor.dll, with 151 defines and 291 references

processors: Unity.Jobs.CodeGen.JobsILPostProcessor, zzzUnity.Burst.CodeGen.BurstILPostProcessor

running Unity.Jobs.CodeGen.JobsILPostProcessor

running zzzUnity.Burst.CodeGen.BurstILPostProcessor
[1492/1669  0s] ILPostProcess Library/Bee/artifacts/1300b0aE.dag/post-processed/Unity.AI.Assistant.AssetGenerators.Editor.dll (+pdb)
Processing assembly Library/Bee/artifacts/1300b0aE.dag/Unity.AI.Assistant.AssetGenerators.Editor.dll, with 151 defines and 278 references

processors: Unity.Jobs.CodeGen.JobsILPostProcessor, zzzUnity.Burst.CodeGen.BurstILPostProcessor

running Unity.Jobs.CodeGen.JobsILPostProcessor

running zzzUnity.Burst.CodeGen.BurstILPostProcessor
[1493/1669  0s] ILPostProcess Library/Bee/artifacts/1300b0aE.dag/post-processed/Unity.AI.Generators.Tools.dll (+pdb)
Processing assembly Library/Bee/artifacts/1300b0aE.dag/Unity.AI.Generators.Tools.dll, with 151 defines and 304 references

processors: Unity.Jobs.CodeGen.JobsILPostProcessor, zzzUnity.Burst.CodeGen.BurstILPostProcessor

running Unity.Jobs.CodeGen.JobsILPostProcessor

running zzzUnity.Burst.CodeGen.BurstILPostProcessor
[1494/1669  0s] ILPostProcess Library/Bee/artifacts/1300b0aE.dag/post-processed/Unity.AI.MCP.Editor.dll (+pdb)
Processing assembly Library/Bee/artifacts/1300b0aE.dag/Unity.AI.MCP.Editor.dll, with 151 defines and 281 references

processors: Unity.Jobs.CodeGen.JobsILPostProcessor, zzzUnity.Burst.CodeGen.BurstILPostProcessor

running Unity.Jobs.CodeGen.JobsILPostProcessor

running zzzUnity.Burst.CodeGen.BurstILPostProcessor
[1495/1669  0s] ILPostProcess Library/Bee/artifacts/1300b0aE.dag/post-processed/Unity.VisualScripting.State.Editor.dll (+pdb)
Processing assembly Library/Bee/artifacts/1300b0aE.dag/Unity.VisualScripting.State.Editor.dll, with 151 defines and 296 references

processors: Unity.Jobs.CodeGen.JobsILPostProcessor, zzzUnity.Burst.CodeGen.BurstILPostProcessor

running Unity.Jobs.CodeGen.JobsILPostProcessor

running zzzUnity.Burst.CodeGen.BurstILPostProcessor
[1496/1669  0s] ILPostProcess Library/Bee/artifacts/1300b0aE.dag/post-processed/Unity.TextMeshPro.Editor.dll (+pdb)
Processing assembly Library/Bee/artifacts/1300b0aE.dag/Unity.TextMeshPro.Editor.dll, with 151 defines and 293 references

processors: Unity.Jobs.CodeGen.JobsILPostProcessor, zzzUnity.Burst.CodeGen.BurstILPostProcessor

running Unity.Jobs.CodeGen.JobsILPostProcessor

running zzzUnity.Burst.CodeGen.BurstILPostProcessor
[1497/1669  0s] ILPostProcess Library/Bee/artifacts/1300b0aE.dag/post-processed/Unity.AI.Generators.UI.AIDropdownIntegrations.dll (+pdb)
Processing assembly Library/Bee/artifacts/1300b0aE.dag/Unity.AI.Generators.UI.AIDropdownIntegrations.dll, with 151 defines and 294 references

processors: Unity.Jobs.CodeGen.JobsILPostProcessor, zzzUnity.Burst.CodeGen.BurstILPostProcessor

running Unity.Jobs.CodeGen.JobsILPostProcessor

running zzzUnity.Burst.CodeGen.BurstILPostProcessor
[1498/1669  0s] ILPostProcess Library/Bee/artifacts/1300b0aE.dag/post-processed/Unity.AI.Sound.dll (+pdb)
Processing assembly Library/Bee/artifacts/1300b0aE.dag/Unity.AI.Sound.dll, with 151 defines and 307 references

processors: Unity.Jobs.CodeGen.JobsILPostProcessor, zzzUnity.Burst.CodeGen.BurstILPostProcessor

running Unity.Jobs.CodeGen.JobsILPostProcessor

running zzzUnity.Burst.CodeGen.BurstILPostProcessor
[1499/1669  0s] ILPostProcess Library/Bee/artifacts/1300b0aE.dag/post-processed/Unity.AI.Toolkit.Accounts.dll (+pdb)
Processing assembly Library/Bee/artifacts/1300b0aE.dag/Unity.AI.Toolkit.Accounts.dll, with 151 defines and 293 references

processors: Unity.Jobs.CodeGen.JobsILPostProcessor, zzzUnity.Burst.CodeGen.BurstILPostProcessor

running Unity.Jobs.CodeGen.JobsILPostProcessor

running zzzUnity.Burst.CodeGen.BurstILPostProcessor
[1500/1669  0s] ILPostProcess Library/Bee/artifacts/1300b0aE.dag/post-processed/Unity.AI.Generators.IO.dll (+pdb)
Processing assembly Library/Bee/artifacts/1300b0aE.dag/Unity.AI.Generators.IO.dll, with 151 defines and 296 references

processors: Unity.Jobs.CodeGen.JobsILPostProcessor, zzzUnity.Burst.CodeGen.BurstILPostProcessor

running Unity.Jobs.CodeGen.JobsILPostProcessor

running zzzUnity.Burst.CodeGen.BurstILPostProcessor
[1501/1669  0s] ILPostProcess Library/Bee/artifacts/1300b0aE.dag/post-processed/Unity.AI.Generators.Sdk.dll (+pdb)
Processing assembly Library/Bee/artifacts/1300b0aE.dag/Unity.AI.Generators.Sdk.dll, with 151 defines and 295 references

processors: Unity.Jobs.CodeGen.JobsILPostProcessor, zzzUnity.Burst.CodeGen.BurstILPostProcessor

running Unity.Jobs.CodeGen.JobsILPostProcessor

running zzzUnity.Burst.CodeGen.BurstILPostProcessor
[1502/1669  0s] ILPostProcess Library/Bee/artifacts/1300b0aE.dag/post-processed/Unity.AI.Toolkit.Utility.dll (+pdb)
Processing assembly Library/Bee/artifacts/1300b0aE.dag/Unity.AI.Toolkit.Utility.dll, with 151 defines and 291 references

processors: Unity.Jobs.CodeGen.JobsILPostProcessor, zzzUnity.Burst.CodeGen.BurstILPostProcessor

running Unity.Jobs.CodeGen.JobsILPostProcessor

running zzzUnity.Burst.CodeGen.BurstILPostProcessor
[1503/1669  0s] ILPostProcess Library/Bee/artifacts/1300b0aE.dag/post-processed/Unity.InputSystem.DocCodeSamples.dll (+pdb)
Processing assembly Library/Bee/artifacts/1300b0aE.dag/Unity.InputSystem.DocCodeSamples.dll, with 151 defines and 273 references

processors: Unity.Jobs.CodeGen.JobsILPostProcessor, zzzUnity.Burst.CodeGen.BurstILPostProcessor

running Unity.Jobs.CodeGen.JobsILPostProcessor

running zzzUnity.Burst.CodeGen.BurstILPostProcessor
[1504/1669  0s] ILPostProcess Library/Bee/artifacts/1300b0aE.dag/post-processed/UnityEditor.UI.Analytics.dll (+pdb)
Processing assembly Library/Bee/artifacts/1300b0aE.dag/UnityEditor.UI.Analytics.dll, with 151 defines and 292 references

processors: Unity.Jobs.CodeGen.JobsILPostProcessor, zzzUnity.Burst.CodeGen.BurstILPostProcessor

running Unity.Jobs.CodeGen.JobsILPostProcessor

running zzzUnity.Burst.CodeGen.BurstILPostProcessor
[1505/1669  0s] ILPostProcess Library/Bee/artifacts/1300b0aE.dag/post-processed/Unity.AI.Toolkit.Asset.dll (+pdb)
Processing assembly Library/Bee/artifacts/1300b0aE.dag/Unity.AI.Toolkit.Asset.dll, with 151 defines and 292 references

processors: Unity.Jobs.CodeGen.JobsILPostProcessor, zzzUnity.Burst.CodeGen.BurstILPostProcessor

running Unity.Jobs.CodeGen.JobsILPostProcessor

running zzzUnity.Burst.CodeGen.BurstILPostProcessor
[1506/1669  0s] ILPostProcess Library/Bee/artifacts/1300b0aE.dag/post-processed/Unity.AI.Generators.Redux.dll (+pdb)
Processing assembly Library/Bee/artifacts/1300b0aE.dag/Unity.AI.Generators.Redux.dll, with 151 defines and 294 references

processors: Unity.Jobs.CodeGen.JobsILPostProcessor, zzzUnity.Burst.CodeGen.BurstILPostProcessor

running Unity.Jobs.CodeGen.JobsILPostProcessor

running zzzUnity.Burst.CodeGen.BurstILPostProcessor
[1507/1669  0s] CopyFiles Library/ScriptAssemblies/Unity.AI.Tracing.dll
[1508/1669  0s] CopyFiles Library/ScriptAssemblies/Unity.InferenceEngine.iOSBLAS.dll
[1509/1669  0s] CopyFiles Library/ScriptAssemblies/Unity.ProGrids.dll
[1510/1669  0s] CopyFiles Library/ScriptAssemblies/Unity.RenderPipelines.Universal.Shaders.dll
[1511/1669  0s] CopyFiles Library/ScriptAssemblies/Unity.VisualScripting.State.dll
[1512/1669  0s] CopyFiles Library/ScriptAssemblies/Unity.AI.Assistant.Runtime.dll
[1513/1669  0s] CopyFiles Library/ScriptAssemblies/Unity.AI.Animate.Motion.Runtime.dll
[1514/1669  0s] CopyFiles Library/ScriptAssemblies/Unity.Timeline.dll
[1515/1669  0s] CopyFiles Library/ScriptAssemblies/Unity.AppUI.MVVM.dll
[1516/1669  0s] CopyFiles Library/ScriptAssemblies/Unity.Burst.dll
[1517/1669  0s] CopyFiles Library/ScriptAssemblies/Unity.AppUI.Redux.dll
[1518/1669  0s] CopyFiles Library/ScriptAssemblies/Unity.Collections.dll
[1519/1669  0s] CopyFiles Library/ScriptAssemblies/Unity.Multiplayer.Center.Common.dll
[1520/1669  0s] CopyFiles Library/ScriptAssemblies/Unity.AppUI.dll
[1521/1669  0s] CopyFiles Library/ScriptAssemblies/Unity.RenderPipelines.GPUDriven.Runtime.dll
[1522/1669  0s] CopyFiles Library/ScriptAssemblies/Unity.RenderPipelines.Universal.Runtime.dll
[1523/1669  0s] CopyFiles Library/ScriptAssemblies/Unity.RenderPipelines.Universal.2D.Runtime.dll
[1524/1669  0s] CopyFiles Library/ScriptAssemblies/Unity.VisualScripting.Core.dll
[1525/1669  0s] CopyFiles Library/ScriptAssemblies/Unity.TextMeshPro.dll
[1526/1669  0s] CopyFiles Library/ScriptAssemblies/Unity.InternalAPIEngineBridge.004.dll
[1527/1669  0s] CopyFiles Library/ScriptAssemblies/Unity.Postprocessing.Runtime.dll
[1528/1669  0s] CopyFiles Library/ScriptAssemblies/Unity.InferenceEngine.MacBLAS.dll
[1529/1669  0s] CopyFiles Library/ScriptAssemblies/Unity.RenderPipelines.Core.ShaderLibrary.dll
[1530/1669  0s] CopyFiles Library/ScriptAssemblies/Unity.RenderPipeline.Universal.ShaderLibrary.dll
[1531/1669  0s] CopyFiles Library/ScriptAssemblies/UnityEngine.UI.dll
[1532/1669  0s] CopyFiles Library/ScriptAssemblies/Unity.AI.Navigation.dll
[1533/1669  0s] CopyFiles Library/ScriptAssemblies/Unity.AppUI.Navigation.dll
[1534/1669  0s] CopyFiles Library/ScriptAssemblies/Unity.InferenceEngine.Tokenization.dll
[1535/1669  0s] CopyFiles Library/ScriptAssemblies/Unity.RenderPipelines.ShaderGraph.ShaderGraphLibrary.dll
[1536/1669  0s] CopyFiles Library/ScriptAssemblies/Unity.UnifiedRayTracing.Runtime.dll
[1537/1669  0s] CopyFiles Library/ScriptAssemblies/Unity.VisualScripting.DocCodeExamples.dll
[1538/1669  0s] CopyFiles Library/ScriptAssemblies/Unity.InputSystem.TestFramework.dll
[1539/1669  0s] ILPostProcess Library/Bee/artifacts/1300b0aE.dag/post-processed/Unity.InferenceEngine.Editor.dll (+pdb)
Processing assembly Library/Bee/artifacts/1300b0aE.dag/Unity.InferenceEngine.Editor.dll, with 151 defines and 279 references

processors: Unity.Jobs.CodeGen.JobsILPostProcessor, zzzUnity.Burst.CodeGen.BurstILPostProcessor

running Unity.Jobs.CodeGen.JobsILPostProcessor

running zzzUnity.Burst.CodeGen.BurstILPostProcessor
[1540/1669  0s] CopyFiles Library/ScriptAssemblies/Unity.AppUI.InternalAPIBridge.dll
[1541/1669  0s] CopyFiles Library/ScriptAssemblies/Unity.Mathematics.dll
[1542/1669  0s] CopyFiles Library/ScriptAssemblies/Unity.AppUI.Undo.dll
[1543/1669  0s] CopyFiles Library/ScriptAssemblies/Unity.RenderPipelines.Core.Runtime.Shared.dll
[1544/1669  0s] CopyFiles Library/ScriptAssemblies/Unity.AI.MCP.Runtime.dll
[1545/1669  0s] CopyFiles Library/ScriptAssemblies/Unity.InputSystem.ForUI.dll
[1546/1669  0s] CopyFiles Library/ScriptAssemblies/Unity.RenderPipelines.Universal.Config.Runtime.dll
[1547/1669  0s] CopyFiles Library/ScriptAssemblies/Unity.PerformanceTesting.dll
[1548/1669  0s] CopyFiles Library/ScriptAssemblies/Unity.RenderPipelines.Core.Runtime.dll
[1549/1669  0s] CopyFiles Library/ScriptAssemblies/Unity.AI.Generators.Redux.dll
[1550/1669  0s] CopyFiles Library/ScriptAssemblies/Unity.AI.Generators.Redux.pdb
[1551/1669  0s] CopyFiles Library/ScriptAssemblies/UnityEditor.UI.Analytics.pdb
[1552/1669  0s] CopyFiles Library/ScriptAssemblies/Unity.VisualScripting.Flow.dll
[1553/1669  0s] CopyFiles Library/ScriptAssemblies/Unity.AI.Toolkit.Asset.pdb
[1554/1669  0s] CopyFiles Library/ScriptAssemblies/Unity.InputSystem.dll
[1555/1669  0s] CopyFiles Library/ScriptAssemblies/Unity.AI.Toolkit.Utility.pdb
[1556/1669  0s] CopyFiles Library/ScriptAssemblies/Unity.AI.Toolkit.Utility.dll
[1557/1669  0s] CopyFiles Library/ScriptAssemblies/Unity.AI.Generators.Sdk.dll
[1558/1669  0s] CopyFiles Library/ScriptAssemblies/Unity.InputSystem.DocCodeSamples.dll
[1559/1669  0s] CopyFiles Library/ScriptAssemblies/Unity.InputSystem.DocCodeSamples.pdb
[1560/1669  0s] CopyFiles Library/ScriptAssemblies/Unity.AI.Generators.Sdk.pdb
[1561/1669  0s] CopyFiles Library/ScriptAssemblies/Unity.AI.Toolkit.Accounts.pdb
[1562/1669  0s] CopyFiles Library/ScriptAssemblies/Unity.AI.Generators.IO.pdb
[1563/1669  0s] CopyFiles Library/ScriptAssemblies/Unity.AI.Generators.UI.AIDropdownIntegrations.dll
[1564/1669  0s] CopyFiles Library/ScriptAssemblies/Unity.AI.Generators.UI.AIDropdownIntegrations.pdb
[1565/1669  0s] CopyFiles Library/ScriptAssemblies/Unity.InferenceEngine.Editor.pdb
[1566/1669  0s] CopyFiles Library/ScriptAssemblies/Unity.AI.Sound.pdb
[1567/1669  0s] CopyFiles Library/ScriptAssemblies/Unity.TextMeshPro.Editor.pdb
[1568/1669  0s] CopyFiles Library/ScriptAssemblies/UnityEditor.UI.Analytics.dll
[1569/1669  0s] CopyFiles Library/ScriptAssemblies/Unity.InferenceEngine.dll
[1570/1669  0s] CopyFiles Library/ScriptAssemblies/Unity.VisualScripting.State.Editor.pdb
[1571/1669  0s] CopyFiles Library/ScriptAssemblies/Unity.VisualScripting.State.Editor.dll
[1572/1669  0s] CopyFiles Library/ScriptAssemblies/Unity.AI.MCP.Editor.pdb
[1573/1669  0s] CopyFiles Library/ScriptAssemblies/Unity.AI.Generators.Tools.pdb
[1574/1669  0s] ILPostProcess Library/Bee/artifacts/1300b0aE.dag/post-processed/Unity.AI.Navigation.Editor.dll (+pdb)
Processing assembly Library/Bee/artifacts/1300b0aE.dag/Unity.AI.Navigation.Editor.dll, with 152 defines and 293 references

processors: Unity.Jobs.CodeGen.JobsILPostProcessor, zzzUnity.Burst.CodeGen.BurstILPostProcessor

running Unity.Jobs.CodeGen.JobsILPostProcessor

running zzzUnity.Burst.CodeGen.BurstILPostProcessor
[1575/1669  0s] ILPostProcess Library/Bee/artifacts/1300b0aE.dag/post-processed/Unity.AI.Assistant.Tools.Editor.dll (+pdb)
Processing assembly Library/Bee/artifacts/1300b0aE.dag/Unity.AI.Assistant.Tools.Editor.dll, with 151 defines and 283 references

processors: Unity.Jobs.CodeGen.JobsILPostProcessor, zzzUnity.Burst.CodeGen.BurstILPostProcessor

running Unity.Jobs.CodeGen.JobsILPostProcessor

running zzzUnity.Burst.CodeGen.BurstILPostProcessor
[1576/1669  0s] ILPostProcess Library/Bee/artifacts/1300b0aE.dag/post-processed/Unity.AI.Assistant.Integrations.Profiler.Editor.dll (+pdb)
Processing assembly Library/Bee/artifacts/1300b0aE.dag/Unity.AI.Assistant.Integrations.Profiler.Editor.dll, with 151 defines and 296 references

processors: Unity.Jobs.CodeGen.JobsILPostProcessor, zzzUnity.Burst.CodeGen.BurstILPostProcessor

running Unity.Jobs.CodeGen.JobsILPostProcessor

running zzzUnity.Burst.CodeGen.BurstILPostProcessor
[1577/1669  0s] ILPostProcess Library/Bee/artifacts/1300b0aE.dag/post-processed/Unity.AI.Generators.Contexts.dll (+pdb)
Processing assembly Library/Bee/artifacts/1300b0aE.dag/Unity.AI.Generators.Contexts.dll, with 151 defines and 291 references

processors: Unity.Jobs.CodeGen.JobsILPostProcessor, zzzUnity.Burst.CodeGen.BurstILPostProcessor

running Unity.Jobs.CodeGen.JobsILPostProcessor

running zzzUnity.Burst.CodeGen.BurstILPostProcessor
[1578/1669  0s] ILPostProcess Library/Bee/artifacts/1300b0aE.dag/post-processed/Unity.Mathematics.Editor.dll (+pdb)
Processing assembly Library/Bee/artifacts/1300b0aE.dag/Unity.Mathematics.Editor.dll, with 151 defines and 292 references

processors: Unity.Jobs.CodeGen.JobsILPostProcessor, zzzUnity.Burst.CodeGen.BurstILPostProcessor

running Unity.Jobs.CodeGen.JobsILPostProcessor

running zzzUnity.Burst.CodeGen.BurstILPostProcessor
[1579/1669  0s] CopyFiles Library/ScriptAssemblies/Unity.AI.Assistant.Integrations.Profiler.Editor.pdb
[1580/1669  0s] CopyFiles Library/ScriptAssemblies/Unity.AI.Assistant.Tools.Editor.pdb
[1581/1669  0s] CopyFiles Library/ScriptAssemblies/Unity.AI.Generators.Contexts.pdb
[1582/1669  0s] CopyFiles Library/ScriptAssemblies/Unity.AI.Generators.Contexts.dll
[1583/1669  0s] CopyFiles Library/ScriptAssemblies/Unity.Mathematics.Editor.pdb
[1584/1669  0s] CopyFiles Library/ScriptAssemblies/Unity.AI.Navigation.Editor.pdb
[1585/1669  0s] CopyFiles Library/ScriptAssemblies/Unity.AI.Assistant.AssetGenerators.Editor.pdb
[1586/1669  0s] ILPostProcess Library/Bee/artifacts/1300b0aE.dag/post-processed/Unity.Multiplayer.Center.Editor.dll (+pdb)
Processing assembly Library/Bee/artifacts/1300b0aE.dag/Unity.Multiplayer.Center.Editor.dll, with 151 defines and 292 references

processors: Unity.Jobs.CodeGen.JobsILPostProcessor, zzzUnity.Burst.CodeGen.BurstILPostProcessor

running Unity.Jobs.CodeGen.JobsILPostProcessor

running zzzUnity.Burst.CodeGen.BurstILPostProcessor
[1587/1669  0s] CopyFiles Library/ScriptAssemblies/Unity.Multiplayer.Center.Editor.pdb
[1588/1669  0s] ILPostProcess Library/Bee/artifacts/1300b0aE.dag/post-processed/Unity.CollabProxy.Editor.dll (+pdb)
Processing assembly Library/Bee/artifacts/1300b0aE.dag/Unity.CollabProxy.Editor.dll, with 151 defines and 292 references

processors: Unity.Jobs.CodeGen.JobsILPostProcessor, zzzUnity.Burst.CodeGen.BurstILPostProcessor

running Unity.Jobs.CodeGen.JobsILPostProcessor

running zzzUnity.Burst.CodeGen.BurstILPostProcessor
[1589/1669  0s] CopyFiles Library/ScriptAssemblies/Unity.AI.MCP.Editor.dll
[1590/1669  0s] CopyFiles Library/ScriptAssemblies/Unity.AI.Assistant.Annotations.Editor.pdb
[1591/1669  0s] CopyFiles Library/ScriptAssemblies/Unity.AI.Assistant.Annotations.Editor.dll
[1592/1669  0s] CopyFiles Library/ScriptAssemblies/Unity.InputSystem.ForUI.Editor.dll
[1593/1669  0s] CopyFiles Library/ScriptAssemblies/Unity.InputSystem.ForUI.Editor.pdb
[1594/1669  0s] CopyFiles Library/ScriptAssemblies/Unity.AI.Pbr.pdb
[1595/1669  0s] CopyFiles Library/ScriptAssemblies/Unity.CollabProxy.Editor.pdb
[1596/1669  0s] CopyFiles Library/ScriptAssemblies/Unity.Mathematics.Editor.dll
[1597/1669  0s] CopyFiles Library/ScriptAssemblies/Unity.CollabProxy.Editor.dll
[1598/1669  0s] CopyFiles Library/ScriptAssemblies/Unity.AI.ModelSelector.pdb
[1599/1669  0s] ILPostProcess Library/Bee/artifacts/1300b0aE.dag/post-processed/Unity.PerformanceTesting.Editor.dll (+pdb)
Processing assembly Library/Bee/artifacts/1300b0aE.dag/Unity.PerformanceTesting.Editor.dll, with 152 defines and 273 references

processors: Unity.Jobs.CodeGen.JobsILPostProcessor, zzzUnity.Burst.CodeGen.BurstILPostProcessor

running Unity.Jobs.CodeGen.JobsILPostProcessor

running zzzUnity.Burst.CodeGen.BurstILPostProcessor
[1600/1669  0s] CopyFiles Library/ScriptAssemblies/Unity.PerformanceTesting.Editor.pdb
[1601/1669  0s] CopyFiles Library/ScriptAssemblies/Unity.InferenceEngine.Editor.dll
[1602/1669  0s] CopyFiles Library/ScriptAssemblies/Unity.AI.Image.pdb
[1603/1669  0s] CopyFiles Library/ScriptAssemblies/Unity.AI.Assistant.API.Editor.dll
[1604/1669  0s] CopyFiles Library/ScriptAssemblies/Unity.AI.Assistant.API.Editor.pdb
[1605/1669  0s] CopyFiles Library/ScriptAssemblies/Unity.PlasticSCM.Editor.Entities.dll
[1606/1669  0s] CopyFiles Library/ScriptAssemblies/Unity.PlasticSCM.Editor.Entities.pdb
[1607/1669  0s] CopyFiles Library/ScriptAssemblies/Unity.AI.Navigation.Updater.pdb
[1608/1669  0s] CopyFiles Library/ScriptAssemblies/Unity.AI.Navigation.Updater.dll
[1609/1669  0s] CopyFiles Library/ScriptAssemblies/Unity.AI.Animate.pdb
[1610/1669  0s] CopyFiles Library/ScriptAssemblies/Unity.AI.Assistant.AssetGenerators.Editor.dll
[1611/1669  0s] CopyFiles Library/ScriptAssemblies/Unity.AI.Generators.Tools.dll
[1612/1669  0s] CopyFiles Library/ScriptAssemblies/Unity.AI.Mesh.pdb
[1613/1669  0s] CopyFiles Library/ScriptAssemblies/Unity.Timeline.Editor.pdb
[1614/1669  0s] CopyFiles Library/ScriptAssemblies/Unity.AI.Toolkit.Accounts.dll
[1615/1669  0s] CopyFiles Library/ScriptAssemblies/HFDownloader.pdb
[1616/1669  0s] CopyFiles Library/ScriptAssemblies/Unity.AI.Image.dll
[1617/1669  0s] CopyFiles Library/ScriptAssemblies/Unity.RenderPipelines.Core.Editor.Shared.dll
[1618/1669  0s] CopyFiles Library/ScriptAssemblies/Unity.RenderPipelines.Core.Editor.Shared.pdb
[1619/1669  0s] CopyFiles Library/ScriptAssemblies/Unity.2D.Tilemap.Editor.pdb
[1620/1669  0s] CopyFiles Library/ScriptAssemblies/Unity.2D.Tilemap.Editor.dll
[1621/1669  0s] CopyFiles Library/ScriptAssemblies/Unity.InferenceEngine.pdb
[1622/1669  0s] CopyFiles Library/ScriptAssemblies/Unity.AI.Generators.UI.pdb
[1623/1669  0s] CopyFiles Library/ScriptAssemblies/Unity.AI.Generators.UI.dll
[1624/1669  0s] CopyFiles Library/ScriptAssemblies/Unity.2D.Sprite.Editor.dll
[1625/1669  0s] CopyFiles Library/ScriptAssemblies/Unity.2D.Sprite.Editor.pdb
[1626/1669  0s] CopyFiles Library/ScriptAssemblies/Unity.Postprocessing.Editor.pdb
[1627/1669  0s] CopyFiles Library/ScriptAssemblies/Unity.AI.Animate.dll
[1628/1669  0s] CopyFiles Library/ScriptAssemblies/Unity.AI.Toolkit.Asset.dll
[1629/1669  0s] CopyFiles Library/ScriptAssemblies/UnityEditor.UI.pdb
[1630/1669  0s] CopyFiles Library/ScriptAssemblies/Unity.VisualScripting.Core.Editor.pdb
[1631/1669  0s] CopyFiles Library/ScriptAssemblies/Unity.VisualScripting.Core.Editor.dll
[1632/1669  0s] CopyFiles Library/ScriptAssemblies/Unity.ProGrids.Editor.pdb
[1633/1669  0s] CopyFiles Library/ScriptAssemblies/Unity.ProGrids.Editor.dll
[1634/1669  0s] CopyFiles Library/ScriptAssemblies/Unity.VisualScripting.SettingsProvider.Editor.dll
[1635/1669  0s] CopyFiles Library/ScriptAssemblies/Unity.VisualScripting.SettingsProvider.Editor.pdb
[1636/1669  0s] CopyFiles Library/ScriptAssemblies/Unity.Rendering.LightTransport.Editor.pdb
[1637/1669  0s] CopyFiles Library/ScriptAssemblies/Unity.Rendering.LightTransport.Editor.dll
[1638/1669  0s] CopyFiles Library/ScriptAssemblies/Unity.AI.Navigation.Editor.ConversionSystem.dll
[1639/1669  0s] CopyFiles Library/ScriptAssemblies/Unity.AI.Navigation.Editor.ConversionSystem.pdb
[1640/1669  0s] CopyFiles Library/ScriptAssemblies/Unity.Collections.Editor.pdb
[1641/1669  0s] CopyFiles Library/ScriptAssemblies/Unity.Collections.Editor.dll
[1642/1669  0s] CopyFiles Library/ScriptAssemblies/Unity.ShaderGraph.Utilities.pdb
[1643/1669  0s] CopyFiles Library/ScriptAssemblies/Unity.ShaderGraph.Utilities.dll
[1644/1669  0s] CopyFiles Library/ScriptAssemblies/Unity.RenderPipelines.Core.Editor.pdb
[1645/1669  0s] CopyFiles Library/ScriptAssemblies/Unity.RenderPipelines.Core.Editor.dll
[1646/1669  0s] CopyFiles Library/ScriptAssemblies/Unity.TestTools.CodeCoverage.Editor.OpenCover.Mono.Reflection.dll
[1647/1669  0s] CopyFiles Library/ScriptAssemblies/Unity.TestTools.CodeCoverage.Editor.OpenCover.Mono.Reflection.pdb
[1648/1669  0s] CopyFiles Library/ScriptAssemblies/Unity.Collections.pdb
[1649/1669  0s] CopyFiles Library/ScriptAssemblies/Unity.AI.Generators.Asset.dll
[1650/1669  0s] CopyFiles Library/ScriptAssemblies/Unity.AI.Generators.Asset.pdb
[1651/1669  0s] CopyFiles Library/ScriptAssemblies/Unity.AppUI.Navigation.Editor.dll
[1652/1669  0s] CopyFiles Library/ScriptAssemblies/Unity.AppUI.Navigation.Editor.pdb
[1653/1669  0s] CopyFiles Library/ScriptAssemblies/Unity.AppUI.Redux.Editor.dll
[1654/1669  0s] CopyFiles Library/ScriptAssemblies/Unity.AppUI.Redux.Editor.pdb
[1655/1669  0s] CopyFiles Library/ScriptAssemblies/Unity.RenderPipelines.GPUDriven.Runtime.pdb
[1656/1669  0s] CopyFiles Library/ScriptAssemblies/Unity.AI.Search.Editor.pdb
[1657/1669  0s] CopyFiles Library/ScriptAssemblies/Unity.AI.Search.Editor.dll
[1658/1669  0s] CopyFiles Library/ScriptAssemblies/Unity.AI.Toolkit.GenerationContextMenu.pdb
[1659/1669  0s] CopyFiles Library/ScriptAssemblies/Unity.AI.Toolkit.GenerationContextMenu.dll
[1660/1669  0s] CopyFiles Library/ScriptAssemblies/Unity.AI.Assistant.UI.Editor.dll
[1661/1669  0s] CopyFiles Library/ScriptAssemblies/Unity.AI.Assistant.UI.Editor.pdb
[1662/1669  0s] CopyFiles Library/ScriptAssemblies/Unity.AI.Pbr.dll
[1663/1669  0s] CopyFiles Library/ScriptAssemblies/Unity.Burst.Editor.pdb
[1664/1669  0s] CopyFiles Library/ScriptAssemblies/Unity.Burst.Editor.dll
[1665/1669  0s] CopyFiles Library/ScriptAssemblies/Unity.RenderPipelines.Universal.2D.Runtime.pdb
[1666/1669  0s] CopyFiles Library/ScriptAssemblies/Unity.Burst.pdb
[1667/1669  0s] CopyFiles Library/ScriptAssemblies/Unity.AI.Assistant.Agent.Dynamic.Extension.Editor.dll
[1668/1669  0s] CopyFiles Library/ScriptAssemblies/Unity.AI.Assistant.Agent.Dynamic.Extension.Editor.pdb
[1669/1669  0s] CopyFiles Library/ScriptAssemblies/Unity.AppUI.Editor.dll
[1670/1669  0s] CopyFiles Library/ScriptAssemblies/Unity.AppUI.Editor.pdb
[1671/1669  0s] CopyFiles Library/ScriptAssemblies/Unity.AI.Toolkit.GenerationObjectPicker.pdb
[1672/1669  0s] CopyFiles Library/ScriptAssemblies/Unity.AI.Toolkit.GenerationObjectPicker.dll
[1673/1669  0s] CopyFiles Library/ScriptAssemblies/Unity.InferenceEngine.Editor.Visualizer.dll
[1674/1669  0s] CopyFiles Library/ScriptAssemblies/Unity.InferenceEngine.Editor.Visualizer.pdb
[1675/1669  0s] CopyFiles Library/ScriptAssemblies/Unity.AI.Toolkit.Compliance.pdb
[1676/1669  0s] CopyFiles Library/ScriptAssemblies/Unity.AI.Toolkit.Compliance.dll
[1677/1669  0s] CopyFiles Library/ScriptAssemblies/Unity.PlasticSCM.Editor.pdb
[1678/1669  0s] CopyFiles Library/ScriptAssemblies/Unity.AI.Assistant.Editor.pdb
[1679/1669  0s] CopyFiles Library/ScriptAssemblies/Unity.PlasticSCM.Editor.dll
[1680/1669  0s] CopyFiles Library/ScriptAssemblies/Unity.Performance.Profile-Analyzer.Editor.dll
[1681/1669  0s] CopyFiles Library/ScriptAssemblies/Unity.AI.Assistant.Editor.dll
[1682/1669  0s] CopyFiles Library/ScriptAssemblies/Unity.InferenceEngine.ONNX.Editor.pdb
[1683/1669  0s] CopyFiles Library/ScriptAssemblies/Unity.Performance.Profile-Analyzer.Editor.pdb
[1684/1669  0s] CopyFiles Library/ScriptAssemblies/Unity.InferenceEngine.ONNX.Editor.dll
[1685/1669  0s] CopyFiles Library/ScriptAssemblies/Unity.EditorCoroutines.Editor.dll
[1686/1669  0s] CopyFiles Library/ScriptAssemblies/Unity.EditorCoroutines.Editor.pdb
[1687/1669  0s] CopyFiles Library/ScriptAssemblies/Unity.AI.Generators.IO.Srp.dll
[1688/1669  0s] CopyFiles Library/ScriptAssemblies/Unity.AI.Generators.IO.Srp.pdb
[1689/1669  0s] CopyFiles Library/ScriptAssemblies/Unity.UnifiedRayTracing.Runtime.pdb
[1690/1669  0s] CopyFiles Library/ScriptAssemblies/Unity.VisualScripting.Shared.Editor.pdb
[1691/1669  0s] CopyFiles Library/ScriptAssemblies/Unity.VisualScripting.Shared.Editor.dll
[1692/1669  0s] CopyFiles Library/ScriptAssemblies/Unity.TestTools.CodeCoverage.Editor.OpenCover.Model.pdb
[1693/1669  0s] CopyFiles Library/ScriptAssemblies/Unity.TestTools.CodeCoverage.Editor.OpenCover.Model.dll
[1694/1669  0s] CopyFiles Library/ScriptAssemblies/Unity.VisualScripting.Flow.Editor.pdb
[1695/1669  0s] CopyFiles Library/ScriptAssemblies/Unity.TestTools.CodeCoverage.Editor.pdb
[1696/1669  0s] CopyFiles Library/ScriptAssemblies/Unity.VisualScripting.Flow.Editor.dll
[1697/1669  0s] CopyFiles Library/ScriptAssemblies/Unity.AI.Pbr.Srp.pdb
[1698/1669  0s] CopyFiles Library/ScriptAssemblies/Unity.TestTools.CodeCoverage.Editor.dll
[1699/1669  0s] CopyFiles Library/ScriptAssemblies/Unity.AI.Pbr.Srp.dll
[1700/1669  0s] CopyFiles Library/ScriptAssemblies/Unity.RenderPipelines.Core.Runtime.pdb
[1701/1669  0s] CopyFiles Library/ScriptAssemblies/Unity.Searcher.Editor.pdb
[1702/1669  0s] CopyFiles Library/ScriptAssemblies/UnityEditor.UI.dll
[1703/1669  0s] CopyFiles Library/ScriptAssemblies/Unity.Searcher.Editor.dll
[1704/1669  0s] CopyFiles Library/ScriptAssemblies/Unity.AI.Sound.dll
[1705/1669  0s] CopyFiles Library/ScriptAssemblies/Unity.Settings.Editor.pdb
[1706/1669  0s] CopyFiles Library/ScriptAssemblies/Unity.Settings.Editor.dll
[1707/1669  0s] CopyFiles Library/ScriptAssemblies/Unity.InferenceEngine.Microsoft.Msagl.pdb
[1708/1669  0s] CopyFiles Library/ScriptAssemblies/Unity.RenderPipelines.Universal.Runtime.pdb
[1709/1669  0s] CopyFiles Library/ScriptAssemblies/Unity.AI.Assistant.Bridge.Editor.dll
[1710/1669  0s] CopyFiles Library/ScriptAssemblies/Unity.AI.Assistant.Bridge.Editor.pdb
[1711/1669  0s] CopyFiles Library/ScriptAssemblies/Unity.InferenceEngine.Microsoft.Msagl.dll
[1712/1669  0s] CopyFiles Library/ScriptAssemblies/Unity.AI.Toolkit.Async.pdb
[1713/1669  0s] CopyFiles Library/ScriptAssemblies/Unity.Postprocessing.Runtime.pdb
[1714/1669  0s] CopyFiles Library/ScriptAssemblies/Unity.AI.Toolkit.Async.dll
[1715/1669  0s] CopyFiles Library/ScriptAssemblies/Unity.Multiplayer.Center.Editor.dll
[1716/1669  0s] CopyFiles Library/ScriptAssemblies/Unity.InternalAPIEngineBridge.004.pdb
[1717/1669  0s] CopyFiles Library/ScriptAssemblies/Unity.RenderPipelines.Universal.Config.Runtime.pdb
[1718/1669  0s] CopyFiles Library/ScriptAssemblies/Unity.AI.Navigation.pdb
[1719/1669  0s] CopyFiles Library/ScriptAssemblies/Unity.AI.MCP.Runtime.pdb
[1720/1669  0s] CopyFiles Library/ScriptAssemblies/Unity.VisualScripting.Flow.pdb
[1721/1669  0s] CopyFiles Library/ScriptAssemblies/Unity.Timeline.pdb
[1722/1669  0s] CopyFiles Library/ScriptAssemblies/Unity.VisualScripting.State.pdb
[1723/1669  0s] CopyFiles Library/ScriptAssemblies/Unity.Multiplayer.Center.Common.pdb
[1724/1669  0s] CopyFiles Library/ScriptAssemblies/Unity.RenderPipelines.Core.ShaderLibrary.pdb
[1725/1669  0s] CopyFiles Library/ScriptAssemblies/Unity.InputSystem.TestFramework.pdb
[1726/1669  0s] CopyFiles Library/ScriptAssemblies/Unity.AppUI.pdb
[1727/1669  0s] CopyFiles Library/ScriptAssemblies/Unity.VisualScripting.DocCodeExamples.pdb
[1728/1669  0s] CopyFiles Library/ScriptAssemblies/Unity.AI.Assistant.Runtime.pdb
[1729/1669  0s] CopyFiles Library/ScriptAssemblies/Unity.AppUI.Navigation.pdb
[1730/1669  0s] CopyFiles Library/ScriptAssemblies/Unity.AppUI.InternalAPIBridge.pdb
[1731/1669  0s] CopyFiles Library/ScriptAssemblies/Unity.AppUI.Undo.pdb
[1732/1669  0s] CopyFiles Library/ScriptAssemblies/Unity.AppUI.MVVM.pdb
[1733/1669  0s] CopyFiles Library/ScriptAssemblies/Unity.AppUI.Redux.pdb
[1734/1669  0s] CopyFiles Library/ScriptAssemblies/Unity.RenderPipeline.Universal.ShaderLibrary.pdb
[1735/1669  0s] CopyFiles Library/ScriptAssemblies/Unity.InputSystem.ForUI.pdb
[1736/1669  0s] CopyFiles Library/ScriptAssemblies/Unity.RenderPipelines.Core.Runtime.Shared.pdb
[1737/1669  0s] CopyFiles Library/ScriptAssemblies/Unity.AI.Animate.Motion.Runtime.pdb
[1738/1669  0s] CopyFiles Library/ScriptAssemblies/Unity.RenderPipelines.ShaderGraph.ShaderGraphLibrary.pdb
[1739/1669  0s] CopyFiles Library/ScriptAssemblies/Unity.RenderPipelines.Universal.Shaders.pdb
[1740/1669  0s] CopyFiles Library/ScriptAssemblies/Unity.TextMeshPro.pdb
[1741/1669  0s] CopyFiles Library/ScriptAssemblies/Unity.VisualScripting.Core.pdb
[1742/1669  0s] CopyFiles Library/ScriptAssemblies/Unity.ProGrids.pdb
[1743/1669  0s] CopyFiles Library/ScriptAssemblies/Unity.AI.Tracing.pdb
[1744/1669  0s] CopyFiles Library/ScriptAssemblies/Unity.InferenceEngine.Tokenization.pdb
[1745/1669  0s] CopyFiles Library/ScriptAssemblies/Unity.InputSystem.pdb
[1746/1669  0s] CopyFiles Library/ScriptAssemblies/Unity.InferenceEngine.MacBLAS.pdb
[1747/1669  0s] CopyFiles Library/ScriptAssemblies/Unity.Mathematics.pdb
[1748/1669  0s] CopyFiles Library/ScriptAssemblies/Unity.PerformanceTesting.pdb
[1749/1669  0s] CopyFiles Library/ScriptAssemblies/Unity.InferenceEngine.iOSBLAS.pdb
[1750/1669  0s] CopyFiles Library/ScriptAssemblies/UnityEngine.UI.pdb
[1751/1669  0s] CopyFiles Library/ScriptAssemblies/Unity.AI.ModelSelector.dll
[1752/1669  0s] CopyFiles Library/ScriptAssemblies/Unity.AI.Generators.IO.dll
[1753/1669  0s] CopyFiles Library/ScriptAssemblies/Unity.PerformanceTesting.Editor.dll
[1754/1669  0s] CopyFiles Library/ScriptAssemblies/Unity.AI.Mesh.dll
[1755/1669  0s] CopyFiles Library/ScriptAssemblies/HFDownloader.dll
[1756/1669  0s] CopyFiles Library/ScriptAssemblies/Unity.AI.Navigation.Editor.dll
[1757/1669  0s] CopyFiles Library/ScriptAssemblies/Unity.Timeline.Editor.dll
[1758/1669  0s] CopyFiles Library/ScriptAssemblies/Unity.AI.Assistant.Integrations.Profiler.Editor.dll
[1759/1669  0s] CopyFiles Library/ScriptAssemblies/Unity.Postprocessing.Editor.dll
[1760/1669  0s] ILPostProcess Library/Bee/artifacts/1300b0aE.dag/post-processed/PPv2URPConverters.dll (+pdb)
Processing assembly Library/Bee/artifacts/1300b0aE.dag/PPv2URPConverters.dll, with 152 defines and 297 references

processors: Unity.Jobs.CodeGen.JobsILPostProcessor, zzzUnity.Burst.CodeGen.BurstILPostProcessor

running Unity.Jobs.CodeGen.JobsILPostProcessor

running zzzUnity.Burst.CodeGen.BurstILPostProcessor
[1761/1669  0s] ILPostProcess Library/Bee/artifacts/1300b0aE.dag/post-processed/Unity.RenderPipelines.Universal.Editor.dll (+pdb)
Processing assembly Library/Bee/artifacts/1300b0aE.dag/Unity.RenderPipelines.Universal.Editor.dll, with 153 defines and 303 references

processors: Unity.Jobs.CodeGen.JobsILPostProcessor, zzzUnity.Burst.CodeGen.BurstILPostProcessor

running Unity.Jobs.CodeGen.JobsILPostProcessor

running zzzUnity.Burst.CodeGen.BurstILPostProcessor
[1762/1669  0s] ILPostProcess Library/Bee/artifacts/1300b0aE.dag/post-processed/Unity.RenderPipelines.Universal.2D.Editor.Overrides.dll (+pdb)
Processing assembly Library/Bee/artifacts/1300b0aE.dag/Unity.RenderPipelines.Universal.2D.Editor.Overrides.dll, with 152 defines and 303 references

processors: Unity.Jobs.CodeGen.JobsILPostProcessor, zzzUnity.Burst.CodeGen.BurstILPostProcessor

running Unity.Jobs.CodeGen.JobsILPostProcessor

running zzzUnity.Burst.CodeGen.BurstILPostProcessor
[1763/1669  0s] ILPostProcess Library/Bee/artifacts/1300b0aE.dag/post-processed/Unity.ShaderGraph.Editor.dll (+pdb)
Processing assembly Library/Bee/artifacts/1300b0aE.dag/Unity.ShaderGraph.Editor.dll, with 151 defines and 295 references

processors: Unity.Jobs.CodeGen.JobsILPostProcessor, zzzUnity.Burst.CodeGen.BurstILPostProcessor

running Unity.Jobs.CodeGen.JobsILPostProcessor

running zzzUnity.Burst.CodeGen.BurstILPostProcessor
[1764/1669  0s] CopyFiles Library/ScriptAssemblies/Unity.AI.Assistant.Tools.Editor.dll
[1765/1669  0s] CopyFiles Library/ScriptAssemblies/PPv2URPConverters.pdb
[1766/1669  0s] CopyFiles Library/ScriptAssemblies/Unity.RenderPipelines.Universal.2D.Editor.Overrides.pdb
[1767/1669  0s] CopyFiles Library/ScriptAssemblies/Unity.RenderPipelines.Universal.Editor.pdb
[1768/1669  0s] CopyFiles Library/ScriptAssemblies/Unity.ShaderGraph.Editor.pdb
[1769/1669  0s] CopyFiles Library/ScriptAssemblies/Unity.RenderPipelines.Universal.2D.Editor.Overrides.dll
[1770/1669  0s] CopyFiles Library/ScriptAssemblies/PPv2URPConverters.dll
[1771/1669  0s] CopyFiles Library/ScriptAssemblies/Unity.RenderPipelines.Universal.Editor.dll
[1772/1669  0s] CopyFiles Library/ScriptAssemblies/Unity.TextMeshPro.Editor.dll
[1773/1669  0s] CopyFiles Library/ScriptAssemblies/Unity.ShaderGraph.Editor.dll
[1774/1669  0s] Csc Library/Bee/artifacts/1300b0aE.dag/AlienDefense.Runtime.dll (+2 others)
##### CommandLine
"E:\Unity\Material\6000.3.21f1\Editor\Data\NetCoreRuntime\dotnet.exe" exec "E:/Unity/Material/6000.3.21f1/Editor/Data/DotNetSdkRoslyn/csc.dll" /nostdlib /noconfig /shared "@Library/Bee/artifacts/1300b0aE.dag/AlienDefense.Runtime.rsp" "@Library/Bee/artifacts/1300b0aE.dag/AlienDefense.Runtime.rsp2"
##### Contents of Library\Bee\artifacts\1300b0aE.dag\AlienDefense.Runtime.rsp
-target:library
-out:"Library/Bee/artifacts/1300b0aE.dag/AlienDefense.Runtime.dll"
-refout:"Library/Bee/artifacts/1300b0aE.dag/AlienDefense.Runtime.ref.dll"
-define:UNITY_6000_3_21
-define:UNITY_6000_3
-define:UNITY_6000
-define:UNITY_5_3_OR_NEWER
-define:UNITY_5_4_OR_NEWER
-define:UNITY_5_5_OR_NEWER
-define:UNITY_5_6_OR_NEWER
-define:UNITY_2017_1_OR_NEWER
-define:UNITY_2017_2_OR_NEWER
-define:UNITY_2017_3_OR_NEWER
-define:UNITY_2017_4_OR_NEWER
-define:UNITY_2018_1_OR_NEWER
-define:UNITY_2018_2_OR_NEWER
-define:UNITY_2018_3_OR_NEWER
-define:UNITY_2018_4_OR_NEWER
-define:UNITY_2019_1_OR_NEWER
-define:UNITY_2019_2_OR_NEWER
-define:UNITY_2019_3_OR_NEWER
-define:UNITY_2019_4_OR_NEWER
-define:UNITY_2020_1_OR_NEWER
-define:UNITY_2020_2_OR_NEWER
-define:UNITY_2020_3_OR_NEWER
-define:UNITY_2021_1_OR_NEWER
-define:UNITY_2021_2_OR_NEWER
-define:UNITY_2021_3_OR_NEWER
-define:UNITY_2022_1_OR_NEWER
-define:UNITY_2022_2_OR_NEWER
-define:UNITY_2022_3_OR_NEWER
-define:UNITY_2023_1_OR_NEWER
-define:UNITY_2023_2_OR_NEWER
-define:UNITY_2023_3_OR_NEWER
-define:UNITY_6000_0_OR_NEWER
-define:UNITY_6000_1_OR_NEWER
-define:UNITY_6000_2_OR_NEWER
-define:UNITY_6000_3_OR_NEWER
-define:UNITY_INCLUDE_TESTS
-define:ENABLE_AR
-define:ENABLE_AUDIO
-define:ENABLE_AUDIO_SCRIPTABLE_PIPELINE
-define:ENABLE_CACHING
-define:ENABLE_CLOTH
-define:ENABLE_EVENT_QUEUE
-define:ENABLE_MICROPHONE
-define:ENABLE_MULTIPLE_DISPLAYS
-define:ENABLE_PHYSICS
-define:ENABLE_TEXTURE_STREAMING
-define:ENABLE_LZMA
-define:ENABLE_UNITYEVENTS
-define:ENABLE_VR
-define:ENABLE_WEBCAM
-define:ENABLE_UNITYWEBREQUEST
-define:ENABLE_WWW
-define:ENABLE_CLOUD_SERVICES
-define:ENABLE_CLOUD_SERVICES_ADS
-define:ENABLE_CLOUD_SERVICES_USE_WEBREQUEST
-define:ENABLE_UNITY_CONSENT
-define:ENABLE_UNITY_CLOUD_IDENTIFIERS
-define:ENABLE_CLOUD_SERVICES_CRASH_REPORTING
-define:ENABLE_CLOUD_SERVICES_NATIVE_CRASH_REPORTING
-define:ENABLE_CLOUD_SERVICES_PURCHASING
-define:ENABLE_CLOUD_SERVICES_ANALYTICS
-define:ENABLE_CLOUD_SERVICES_BUILD
-define:ENABLE_EDITOR_GAME_SERVICES
-define:ENABLE_UNITY_GAME_SERVICES_ANALYTICS_SUPPORT
-define:ENABLE_CLOUD_LICENSE
-define:ENABLE_EDITOR_HUB_LICENSE
-define:ENABLE_WEBSOCKET_CLIENT
-define:ENABLE_GENERATE_NATIVE_PLUGINS_FOR_ASSEMBLIES_API
-define:ENABLE_DIRECTOR_AUDIO
-define:ENABLE_DIRECTOR_TEXTURE
-define:ENABLE_MANAGED_JOBS
-define:ENABLE_MANAGED_TRANSFORM_JOBS
-define:ENABLE_MANAGED_ANIMATION_JOBS
-define:ENABLE_MANAGED_AUDIO_JOBS
-define:ENABLE_ENGINE_CODE_STRIPPING
-define:ENABLE_ONSCREEN_KEYBOARD
-define:ENABLE_MANAGED_UNITYTLS
-define:INCLUDE_DYNAMIC_GI
-define:ENABLE_SCRIPTING_GC_WBARRIERS
-define:PLATFORM_SUPPORTS_MONO
-define:ENABLE_MARSHALLING_TESTS
-define:ENABLE_VIDEO
-define:ENABLE_NAVIGATION_OFFMESHLINK_TO_NAVMESHLINK
-define:ENABLE_ACCELERATOR_CLIENT_DEBUGGING
-define:ENABLE_ACCESSIBILITY_SCREEN_READER
-define:ENABLE_ACCESSIBILITY_SETTINGS
-define:TEXTCORE_1_0_OR_NEWER
-define:EDITOR_ONLY_NAVMESH_BUILDER_DEPRECATED
-define:PLATFORM_ANDROID
-define:UNITY_ANDROID
-define:UNITY_ANDROID_API
-define:ENABLE_EGL
-define:ENABLE_NETWORK
-define:ENABLE_RUNTIME_GI
-define:ENABLE_CRUNCH_TEXTURE_COMPRESSION
-define:ENABLE_CLOUD_SERVICES_ENGINE_DIAGNOSTICS
-define:ENABLE_FIREBASE_IDENTIFIERS
-define:UNITY_CAN_SHOW_SPLASH_SCREEN
-define:UNITY_HAS_GOOGLEVR
-define:UNITY_HAS_TANGO
-define:ENABLE_SPATIALTRACKING
-define:ENABLE_ETC_COMPRESSION
-define:PLATFORM_EXTENDS_VULKAN_DEVICE
-define:PLATFORM_HAS_MULTIPLE_SWAPCHAINS
-define:UNITY_ANDROID_SUPPORTS_SHADOWFILES
-define:PLATFORM_UPDATES_TIME_OUTSIDE_OF_PLAYER_LOOP
-define:PLATFORM_EXTENDS_VULKAN_PIPELINE_CACHE
-define:PLATFORM_SUPPORTS_SPLIT_GRAPHICS_JOBS
-define:PLATFORM_HAS_ADDITIONAL_API_CHECKS
-define:PLATFORM_HAS_GRAPHICS_JOBS_SUPPORT_CHECK_OVERRIDE
-define:PLATFORM_IMPLEMENTS_INSIGHTS_ANR
-define:PLATFORM_SUPPORTS_INSIGHTS_DEVICE_INFO
-define:ENABLE_ANDROID_ADVERTISING_IDS
-define:PLATFORM_HAS_BUGGY_MSAA_RESOLVE
-define:ENABLE_ANDROID_APP_SET_ID
-define:ENABLE_INSIGHTS_PLATFORM_SPECIFIC_RESOURCES
-define:PLATFORM_REQUIRES_TETHERED_VULKAN_COMMAND_POOL
-define:ENABLE_UNITYADS_RUNTIME
-define:UNITY_UNITYADS_API
-define:ENABLE_MONO
-define:NET_STANDARD_2_0
-define:NET_STANDARD
-define:NET_STANDARD_2_1
-define:NETSTANDARD
-define:NETSTANDARD2_1
-define:ENABLE_PROFILER
-define:ENABLE_PROFILER_ASSISTANT_INTEGRATION
-define:DEBUG
-define:TRACE
-define:UNITY_ASSERTIONS
-define:UNITY_EDITOR
-define:UNITY_EDITOR_64
-define:UNITY_EDITOR_WIN
-define:ENABLE_UNITY_COLLECTIONS_CHECKS
-define:ENABLE_BURST_AOT
-define:UNITY_TEAM_LICENSE
-define:UNITY_PRO_LICENSE
-define:ENABLE_CUSTOM_RENDER_TEXTURE
-define:ENABLE_DIRECTOR
-define:ENABLE_LOCALIZATION
-define:ENABLE_SPRITES
-define:ENABLE_TERRAIN
-define:ENABLE_TILEMAP
-define:ENABLE_TIMELINE
-define:ENABLE_INPUT_SYSTEM
-define:TEXTCORE_FONT_ENGINE_1_5_OR_NEWER
-define:TEXTCORE_TEXT_ENGINE_1_5_OR_NEWER
-define:TEXTCORE_FONT_ENGINE_1_6_OR_NEWER
-define:SENTIS_ANALYTICS_ENABLED
-define:APP_UI_EDITOR_ONLY
-define:DOTWEEN
-define:CSHARP_7_OR_LATER
-define:CSHARP_7_3_OR_NEWER
-r:"Assets/Plugins/Demigiant/DOTween/DOTween.dll"
-r:"Assets/Plugins/Demigiant/DOTween/Editor/DOTweenEditor.dll"
-r:"E:/Unity/Material/6000.3.21f1/Editor/Data/Managed/UnityEditor.Graphs.dll"
-r:"E:/Unity/Material/6000.3.21f1/Editor/Data/Managed/UnityEngine/UnityEditor.AccessibilityModule.dll"
-r:"E:/Unity/Material/6000.3.21f1/Editor/Data/Managed/UnityEngine/UnityEditor.AdaptivePerformanceModule.dll"
-r:"E:/Unity/Material/6000.3.21f1/Editor/Data/Managed/UnityEngine/UnityEditor.AssetComplianceModule.dll"
-r:"E:/Unity/Material/6000.3.21f1/Editor/Data/Managed/UnityEngine/UnityEditor.BuildProfileModule.dll"
-r:"E:/Unity/Material/6000.3.21f1/Editor/Data/Managed/UnityEngine/UnityEditor.ClothModule.dll"
-r:"E:/Unity/Material/6000.3.21f1/Editor/Data/Managed/UnityEngine/UnityEditor.CoreBusinessMetricsModule.dll"
-r:"E:/Unity/Material/6000.3.21f1/Editor/Data/Managed/UnityEngine/UnityEditor.CoreModule.dll"
-r:"E:/Unity/Material/6000.3.21f1/Editor/Data/Managed/UnityEngine/UnityEditor.DeviceSimulatorModule.dll"
-r:"E:/Unity/Material/6000.3.21f1/Editor/Data/Managed/UnityEngine/UnityEditor.DiagnosticsModule.dll"
-r:"E:/Unity/Material/6000.3.21f1/Editor/Data/Managed/UnityEngine/UnityEditor.EditorToolbarModule.dll"
-r:"E:/Unity/Material/6000.3.21f1/Editor/Data/Managed/UnityEngine/UnityEditor.EmbreeModule.dll"
-r:"E:/Unity/Material/6000.3.21f1/Editor/Data/Managed/UnityEngine/UnityEditor.GIModule.dll"
-r:"E:/Unity/Material/6000.3.21f1/Editor/Data/Managed/UnityEngine/UnityEditor.GraphViewModule.dll"
-r:"E:/Unity/Material/6000.3.21f1/Editor/Data/Managed/UnityEngine/UnityEditor.GraphicsStateCollectionSerializerModule.dll"
-r:"E:/Unity/Material/6000.3.21f1/Editor/Data/Managed/UnityEngine/UnityEditor.GridAndSnapModule.dll"
-r:"E:/Unity/Material/6000.3.21f1/Editor/Data/Managed/UnityEngine/UnityEditor.GridModule.dll"
-r:"E:/Unity/Material/6000.3.21f1/Editor/Data/Managed/UnityEngine/UnityEditor.HierarchyModule.dll"
-r:"E:/Unity/Material/6000.3.21f1/Editor/Data/Managed/UnityEngine/UnityEditor.MediaModule.dll"
-r:"E:/Unity/Material/6000.3.21f1/Editor/Data/Managed/UnityEngine/UnityEditor.MultiplayerModule.dll"
-r:"E:/Unity/Material/6000.3.21f1/Editor/Data/Managed/UnityEngine/UnityEditor.Physics2DModule.dll"
-r:"E:/Unity/Material/6000.3.21f1/Editor/Data/Managed/UnityEngine/UnityEditor.PhysicsModule.dll"
-r:"E:/Unity/Material/6000.3.21f1/Editor/Data/Managed/UnityEngine/UnityEditor.PlayModeModule.dll"
-r:"E:/Unity/Material/6000.3.21f1/Editor/Data/Managed/UnityEngine/UnityEditor.PresetsUIModule.dll"
-r:"E:/Unity/Material/6000.3.21f1/Editor/Data/Managed/UnityEngine/UnityEditor.PropertiesModule.dll"
-r:"E:/Unity/Material/6000.3.21f1/Editor/Data/Managed/UnityEngine/UnityEditor.QuickInstallModule.dll"
-r:"E:/Unity/Material/6000.3.21f1/Editor/Data/Managed/UnityEngine/UnityEditor.QuickSearchModule.dll"
-r:"E:/Unity/Material/6000.3.21f1/Editor/Data/Managed/UnityEngine/UnityEditor.SafeModeModule.dll"
-r:"E:/Unity/Material/6000.3.21f1/Editor/Data/Managed/UnityEngine/UnityEditor.SceneTemplateModule.dll"
-r:"E:/Unity/Material/6000.3.21f1/Editor/Data/Managed/UnityEngine/UnityEditor.SceneViewModule.dll"
-r:"E:/Unity/Material/6000.3.21f1/Editor/Data/Managed/UnityEngine/UnityEditor.ShaderBuildSettingsModule.dll"
-r:"E:/Unity/Material/6000.3.21f1/Editor/Data/Managed/UnityEngine/UnityEditor.ShaderCompilationModule.dll"
-r:"E:/Unity/Material/6000.3.21f1/Editor/Data/Managed/UnityEngine/UnityEditor.ShaderFoundryModule.dll"
-r:"E:/Unity/Material/6000.3.21f1/Editor/Data/Managed/UnityEngine/UnityEditor.SketchUpModule.dll"
-r:"E:/Unity/Material/6000.3.21f1/Editor/Data/Managed/UnityEngine/UnityEditor.SpriteMaskModule.dll"
-r:"E:/Unity/Material/6000.3.21f1/Editor/Data/Managed/UnityEngine/UnityEditor.SpriteShapeModule.dll"
-r:"E:/Unity/Material/6000.3.21f1/Editor/Data/Managed/UnityEngine/UnityEditor.SubstanceModule.dll"
-r:"E:/Unity/Material/6000.3.21f1/Editor/Data/Managed/UnityEngine/UnityEditor.TerrainModule.dll"
-r:"E:/Unity/Material/6000.3.21f1/Editor/Data/Managed/UnityEngine/UnityEditor.TextCoreFontEngineModule.dll"
-r:"E:/Unity/Material/6000.3.21f1/Editor/Data/Managed/UnityEngine/UnityEditor.TextCoreTextEngineModule.dll"
-r:"E:/Unity/Material/6000.3.21f1/Editor/Data/Managed/UnityEngine/UnityEditor.TextRenderingModule.dll"
-r:"E:/Unity/Material/6000.3.21f1/Editor/Data/Managed/UnityEngine/UnityEditor.TilemapModule.dll"
-r:"E:/Unity/Material/6000.3.21f1/Editor/Data/Managed/UnityEngine/UnityEditor.TreeModule.dll"
-r:"E:/Unity/Material/6000.3.21f1/Editor/Data/Managed/UnityEngine/UnityEditor.UIAutomationModule.dll"
-r:"E:/Unity/Material/6000.3.21f1/Editor/Data/Managed/UnityEngine/UnityEditor.UIBuilderModule.dll"
-r:"E:/Unity/Material/6000.3.21f1/Editor/Data/Managed/UnityEngine/UnityEditor.UIElementsModule.dll"
-r:"E:/Unity/Material/6000.3.21f1/Editor/Data/Managed/UnityEngine/UnityEditor.UIElementsSamplesModule.dll"
-r:"E:/Unity/Material/6000.3.21f1/Editor/Data/Managed/UnityEngine/UnityEditor.UIToolkitAuthoringModule.dll"
-r:"E:/Unity/Material/6000.3.21f1/Editor/Data/Managed/UnityEngine/UnityEditor.UmbraModule.dll"
-r:"E:/Unity/Material/6000.3.21f1/Editor/Data/Managed/UnityEngine/UnityEditor.UnityConnectModule.dll"
-r:"E:/Unity/Material/6000.3.21f1/Editor/Data/Managed/UnityEngine/UnityEditor.VFXModule.dll"
-r:"E:/Unity/Material/6000.3.21f1/Editor/Data/Managed/UnityEngine/UnityEditor.VectorGraphicsModule.dll"
-r:"E:/Unity/Material/6000.3.21f1/Editor/Data/Managed/UnityEngine/UnityEditor.VideoModule.dll"
-r:"E:/Unity/Material/6000.3.21f1/Editor/Data/Managed/UnityEngine/UnityEditor.XRModule.dll"
-r:"E:/Unity/Material/6000.3.21f1/Editor/Data/Managed/UnityEngine/UnityEditor.dll"
-r:"E:/Unity/Material/6000.3.21f1/Editor/Data/Managed/UnityEngine/UnityEngine.AIModule.dll"
-r:"E:/Unity/Material/6000.3.21f1/Editor/Data/Managed/UnityEngine/UnityEngine.ARModule.dll"
-r:"E:/Unity/Material/6000.3.21f1/Editor/Data/Managed/UnityEngine/UnityEngine.AccessibilityModule.dll"
-r:"E:/Unity/Material/6000.3.21f1/Editor/Data/Managed/UnityEngine/UnityEngine.AdaptivePerformanceModule.dll"
-r:"E:/Unity/Material/6000.3.21f1/Editor/Data/Managed/UnityEngine/UnityEngine.AndroidJNIModule.dll"
-r:"E:/Unity/Material/6000.3.21f1/Editor/Data/Managed/UnityEngine/UnityEngine.AnimationModule.dll"
-r:"E:/Unity/Material/6000.3.21f1/Editor/Data/Managed/UnityEngine/UnityEngine.AssetBundleModule.dll"
-r:"E:/Unity/Material/6000.3.21f1/Editor/Data/Managed/UnityEngine/UnityEngine.AudioModule.dll"
-r:"E:/Unity/Material/6000.3.21f1/Editor/Data/Managed/UnityEngine/UnityEngine.ClothModule.dll"
-r:"E:/Unity/Material/6000.3.21f1/Editor/Data/Managed/UnityEngine/UnityEngine.ContentLoadModule.dll"
-r:"E:/Unity/Material/6000.3.21f1/Editor/Data/Managed/UnityEngine/UnityEngine.CoreModule.dll"
-r:"E:/Unity/Material/6000.3.21f1/Editor/Data/Managed/UnityEngine/UnityEngine.CrashReportingModule.dll"
-r:"E:/Unity/Material/6000.3.21f1/Editor/Data/Managed/UnityEngine/UnityEngine.DSPGraphModule.dll"
-r:"E:/Unity/Material/6000.3.21f1/Editor/Data/Managed/UnityEngine/UnityEngine.DirectorModule.dll"
-r:"E:/Unity/Material/6000.3.21f1/Editor/Data/Managed/UnityEngine/UnityEngine.GIModule.dll"
-r:"E:/Unity/Material/6000.3.21f1/Editor/Data/Managed/UnityEngine/UnityEngine.GameCenterModule.dll"
-r:"E:/Unity/Material/6000.3.21f1/Editor/Data/Managed/UnityEngine/UnityEngine.GraphicsStateCollectionSerializerModule.dll"
-r:"E:/Unity/Material/6000.3.21f1/Editor/Data/Managed/UnityEngine/UnityEngine.GridModule.dll"
-r:"E:/Unity/Material/6000.3.21f1/Editor/Data/Managed/UnityEngine/UnityEngine.HierarchyCoreModule.dll"
-r:"E:/Unity/Material/6000.3.21f1/Editor/Data/Managed/UnityEngine/UnityEngine.HotReloadModule.dll"
-r:"E:/Unity/Material/6000.3.21f1/Editor/Data/Managed/UnityEngine/UnityEngine.IMGUIModule.dll"
-r:"E:/Unity/Material/6000.3.21f1/Editor/Data/Managed/UnityEngine/UnityEngine.IdentifiersModule.dll"
-r:"E:/Unity/Material/6000.3.21f1/Editor/Data/Managed/UnityEngine/UnityEngine.ImageConversionModule.dll"
-r:"E:/Unity/Material/6000.3.21f1/Editor/Data/Managed/UnityEngine/UnityEngine.InputForUIModule.dll"
-r:"E:/Unity/Material/6000.3.21f1/Editor/Data/Managed/UnityEngine/UnityEngine.InputLegacyModule.dll"
-r:"E:/Unity/Material/6000.3.21f1/Editor/Data/Managed/UnityEngine/UnityEngine.InputModule.dll"
-r:"E:/Unity/Material/6000.3.21f1/Editor/Data/Managed/UnityEngine/UnityEngine.InsightsModule.dll"
-r:"E:/Unity/Material/6000.3.21f1/Editor/Data/Managed/UnityEngine/UnityEngine.JSONSerializeModule.dll"
-r:"E:/Unity/Material/6000.3.21f1/Editor/Data/Managed/UnityEngine/UnityEngine.LocalizationModule.dll"
-r:"E:/Unity/Material/6000.3.21f1/Editor/Data/Managed/UnityEngine/UnityEngine.MarshallingModule.dll"
-r:"E:/Unity/Material/6000.3.21f1/Editor/Data/Managed/UnityEngine/UnityEngine.MultiplayerModule.dll"
-r:"E:/Unity/Material/6000.3.21f1/Editor/Data/Managed/UnityEngine/UnityEngine.ParticleSystemModule.dll"
-r:"E:/Unity/Material/6000.3.21f1/Editor/Data/Managed/UnityEngine/UnityEngine.PerformanceReportingModule.dll"
-r:"E:/Unity/Material/6000.3.21f1/Editor/Data/Managed/UnityEngine/UnityEngine.Physics2DModule.dll"
-r:"E:/Unity/Material/6000.3.21f1/Editor/Data/Managed/UnityEngine/UnityEngine.PhysicsBackendPhysXModule.dll"
-r:"E:/Unity/Material/6000.3.21f1/Editor/Data/Managed/UnityEngine/UnityEngine.PhysicsModule.dll"
-r:"E:/Unity/Material/6000.3.21f1/Editor/Data/Managed/UnityEngine/UnityEngine.PropertiesModule.dll"
-r:"E:/Unity/Material/6000.3.21f1/Editor/Data/Managed/UnityEngine/UnityEngine.RenderAs2DModule.dll"
-r:"E:/Unity/Material/6000.3.21f1/Editor/Data/Managed/UnityEngine/UnityEngine.RuntimeInitializeOnLoadManagerInitializerModule.dll"
-r:"E:/Unity/Material/6000.3.21f1/Editor/Data/Managed/UnityEngine/UnityEngine.ScreenCaptureModule.dll"
-r:"E:/Unity/Material/6000.3.21f1/Editor/Data/Managed/UnityEngine/UnityEngine.ShaderRuntimeModule.dll"
-r:"E:/Unity/Material/6000.3.21f1/Editor/Data/Managed/UnityEngine/UnityEngine.ShaderVariantAnalyticsModule.dll"
-r:"E:/Unity/Material/6000.3.21f1/Editor/Data/Managed/UnityEngine/UnityEngine.SharedInternalsModule.dll"
-r:"E:/Unity/Material/6000.3.21f1/Editor/Data/Managed/UnityEngine/UnityEngine.SpriteMaskModule.dll"
-r:"E:/Unity/Material/6000.3.21f1/Editor/Data/Managed/UnityEngine/UnityEngine.SpriteShapeModule.dll"
-r:"E:/Unity/Material/6000.3.21f1/Editor/Data/Managed/UnityEngine/UnityEngine.StreamingModule.dll"
-r:"E:/Unity/Material/6000.3.21f1/Editor/Data/Managed/UnityEngine/UnityEngine.SubstanceModule.dll"
-r:"E:/Unity/Material/6000.3.21f1/Editor/Data/Managed/UnityEngine/UnityEngine.SubsystemsModule.dll"
-r:"E:/Unity/Material/6000.3.21f1/Editor/Data/Managed/UnityEngine/UnityEngine.TLSModule.dll"
-r:"E:/Unity/Material/6000.3.21f1/Editor/Data/Managed/UnityEngine/UnityEngine.TerrainModule.dll"
-r:"E:/Unity/Material/6000.3.21f1/Editor/Data/Managed/UnityEngine/UnityEngine.TerrainPhysicsModule.dll"
-r:"E:/Unity/Material/6000.3.21f1/Editor/Data/Managed/UnityEngine/UnityEngine.TextCoreFontEngineModule.dll"
-r:"E:/Unity/Material/6000.3.21f1/Editor/Data/Managed/UnityEngine/UnityEngine.TextCoreTextEngineModule.dll"
-r:"E:/Unity/Material/6000.3.21f1/Editor/Data/Managed/UnityEngine/UnityEngine.TextRenderingModule.dll"
-r:"E:/Unity/Material/6000.3.21f1/Editor/Data/Managed/UnityEngine/UnityEngine.TilemapModule.dll"
-r:"E:/Unity/Material/6000.3.21f1/Editor/Data/Managed/UnityEngine/UnityEngine.UIElementsModule.dll"
-r:"E:/Unity/Material/6000.3.21f1/Editor/Data/Managed/UnityEngine/UnityEngine.UIModule.dll"
-r:"E:/Unity/Material/6000.3.21f1/Editor/Data/Managed/UnityEngine/UnityEngine.UmbraModule.dll"
-r:"E:/Unity/Material/6000.3.21f1/Editor/Data/Managed/UnityEngine/UnityEngine.UnityAnalyticsCommonModule.dll"
-r:"E:/Unity/Material/6000.3.21f1/Editor/Data/Managed/UnityEngine/UnityEngine.UnityAnalyticsModule.dll"
-r:"E:/Unity/Material/6000.3.21f1/Editor/Data/Managed/UnityEngine/UnityEngine.UnityConnectModule.dll"
-r:"E:/Unity/Material/6000.3.21f1/Editor/Data/Managed/UnityEngine/UnityEngine.UnityConsentModule.dll"
-r:"E:/Unity/Material/6000.3.21f1/Editor/Data/Managed/UnityEngine/UnityEngine.UnityCurlModule.dll"
-r:"E:/Unity/Material/6000.3.21f1/Editor/Data/Managed/UnityEngine/UnityEngine.UnityWebRequestAssetBundleModule.dll"
-r:"E:/Unity/Material/6000.3.21f1/Editor/Data/Managed/UnityEngine/UnityEngine.UnityWebRequestAudioModule.dll"
-r:"E:/Unity/Material/6000.3.21f1/Editor/Data/Managed/UnityEngine/UnityEngine.UnityWebRequestModule.dll"
-r:"E:/Unity/Material/6000.3.21f1/Editor/Data/Managed/UnityEngine/UnityEngine.UnityWebRequestTextureModule.dll"
-r:"E:/Unity/Material/6000.3.21f1/Editor/Data/Managed/UnityEngine/UnityEngine.UnityWebRequestWWWModule.dll"
-r:"E:/Unity/Material/6000.3.21f1/Editor/Data/Managed/UnityEngine/UnityEngine.VFXModule.dll"
-r:"E:/Unity/Material/6000.3.21f1/Editor/Data/Managed/UnityEngine/UnityEngine.VRModule.dll"
-r:"E:/Unity/Material/6000.3.21f1/Editor/Data/Managed/UnityEngine/UnityEngine.VectorGraphicsModule.dll"
-r:"E:/Unity/Material/6000.3.21f1/Editor/Data/Managed/UnityEngine/UnityEngine.VehiclesModule.dll"
-r:"E:/Unity/Material/6000.3.21f1/Editor/Data/Managed/UnityEngine/UnityEngine.VideoModule.dll"
-r:"E:/Unity/Material/6000.3.21f1/Editor/Data/Managed/UnityEngine/UnityEngine.WindModule.dll"
-r:"E:/Unity/Material/6000.3.21f1/Editor/Data/Managed/UnityEngine/UnityEngine.XRModule.dll"
-r:"E:/Unity/Material/6000.3.21f1/Editor/Data/Managed/UnityEngine/UnityEngine.dll"
-r:"E:/Unity/Material/6000.3.21f1/Editor/Data/NetStandard/Extensions/2.0.0/System.Runtime.InteropServices.WindowsRuntime.dll"
-r:"E:/Unity/Material/6000.3.21f1/Editor/Data/NetStandard/compat/2.1.0/shims/netfx/System.ComponentModel.Composition.dll"
-r:"E:/Unity/Material/6000.3.21f1/Editor/Data/NetStandard/compat/2.1.0/shims/netfx/System.Core.dll"
-r:"E:/Unity/Material/6000.3.21f1/Editor/Data/NetStandard/compat/2.1.0/shims/netfx/System.Data.dll"
-r:"E:/Unity/Material/6000.3.21f1/Editor/Data/NetStandard/compat/2.1.0/shims/netfx/System.Drawing.dll"
-r:"E:/Unity/Material/6000.3.21f1/Editor/Data/NetStandard/compat/2.1.0/shims/netfx/System.IO.Compression.FileSystem.dll"
-r:"E:/Unity/Material/6000.3.21f1/Editor/Data/NetStandard/compat/2.1.0/shims/netfx/System.Net.dll"
-r:"E:/Unity/Material/6000.3.21f1/Editor/Data/NetStandard/compat/2.1.0/shims/netfx/System.Numerics.dll"
-r:"E:/Unity/Material/6000.3.21f1/Editor/Data/NetStandard/compat/2.1.0/shims/netfx/System.Runtime.Serialization.dll"
-r:"E:/Unity/Material/6000.3.21f1/Editor/Data/NetStandard/compat/2.1.0/shims/netfx/System.ServiceModel.Web.dll"
-r:"E:/Unity/Material/6000.3.21f1/Editor/Data/NetStandard/compat/2.1.0/shims/netfx/System.Transactions.dll"
-r:"E:/Unity/Material/6000.3.21f1/Editor/Data/NetStandard/compat/2.1.0/shims/netfx/System.Web.dll"
-r:"E:/Unity/Material/6000.3.21f1/Editor/Data/NetStandard/compat/2.1.0/shims/netfx/System.Windows.dll"
-r:"E:/Unity/Material/6000.3.21f1/Editor/Data/NetStandard/compat/2.1.0/shims/netfx/System.Xml.Linq.dll"
-r:"E:/Unity/Material/6000.3.21f1/Editor/Data/NetStandard/compat/2.1.0/shims/netfx/System.Xml.Serialization.dll"
-r:"E:/Unity/Material/6000.3.21f1/Editor/Data/NetStandard/compat/2.1.0/shims/netfx/System.Xml.dll"
-r:"E:/Unity/Material/6000.3.21f1/Editor/Data/NetStandard/compat/2.1.0/shims/netfx/System.dll"
-r:"E:/Unity/Material/6000.3.21f1/Editor/Data/NetStandard/compat/2.1.0/shims/netfx/mscorlib.dll"
-r:"E:/Unity/Material/6000.3.21f1/Editor/Data/NetStandard/compat/2.1.0/shims/netstandard/Microsoft.Win32.Primitives.dll"
-r:"E:/Unity/Material/6000.3.21f1/Editor/Data/NetStandard/compat/2.1.0/shims/netstandard/System.AppContext.dll"
-r:"E:/Unity/Material/6000.3.21f1/Editor/Data/NetStandard/compat/2.1.0/shims/netstandard/System.Buffers.dll"
-r:"E:/Unity/Material/6000.3.21f1/Editor/Data/NetStandard/compat/2.1.0/shims/netstandard/System.Collections.Concurrent.dll"
-r:"E:/Unity/Material/6000.3.21f1/Editor/Data/NetStandard/compat/2.1.0/shims/netstandard/System.Collections.NonGeneric.dll"
-r:"E:/Unity/Material/6000.3.21f1/Editor/Data/NetStandard/compat/2.1.0/shims/netstandard/System.Collections.Specialized.dll"
-r:"E:/Unity/Material/6000.3.21f1/Editor/Data/NetStandard/compat/2.1.0/shims/netstandard/System.Collections.dll"
-r:"E:/Unity/Material/6000.3.21f1/Editor/Data/NetStandard/compat/2.1.0/shims/netstandard/System.ComponentModel.EventBasedAsync.dll"
-r:"E:/Unity/Material/6000.3.21f1/Editor/Data/NetStandard/compat/2.1.0/shims/netstandard/System.ComponentModel.Primitives.dll"
-r:"E:/Unity/Material/6000.3.21f1/Editor/Data/NetStandard/compat/2.1.0/shims/netstandard/System.ComponentModel.TypeConverter.dll"
-r:"E:/Unity/Material/6000.3.21f1/Editor/Data/NetStandard/compat/2.1.0/shims/netstandard/System.ComponentModel.dll"
-r:"E:/Unity/Material/6000.3.21f1/Editor/Data/NetStandard/compat/2.1.0/shims/netstandard/System.Console.dll"
-r:"E:/Unity/Material/6000.3.21f1/Editor/Data/NetStandard/compat/2.1.0/shims/netstandard/System.Data.Common.dll"
-r:"E:/Unity/Material/6000.3.21f1/Editor/Data/NetStandard/compat/2.1.0/shims/netstandard/System.Diagnostics.Contracts.dll"
-r:"E:/Unity/Material/6000.3.21f1/Editor/Data/NetStandard/compat/2.1.0/shims/netstandard/System.Diagnostics.Debug.dll"
-r:"E:/Unity/Material/6000.3.21f1/Editor/Data/NetStandard/compat/2.1.0/shims/netstandard/System.Diagnostics.FileVersionInfo.dll"
-r:"E:/Unity/Material/6000.3.21f1/Editor/Data/NetStandard/compat/2.1.0/shims/netstandard/System.Diagnostics.Process.dll"
-r:"E:/Unity/Material/6000.3.21f1/Editor/Data/NetStandard/compat/2.1.0/shims/netstandard/System.Diagnostics.StackTrace.dll"
-r:"E:/Unity/Material/6000.3.21f1/Editor/Data/NetStandard/compat/2.1.0/shims/netstandard/System.Diagnostics.TextWriterTraceListener.dll"
-r:"E:/Unity/Material/6000.3.21f1/Editor/Data/NetStandard/compat/2.1.0/shims/netstandard/System.Diagnostics.Tools.dll"
-r:"E:/Unity/Material/6000.3.21f1/Editor/Data/NetStandard/compat/2.1.0/shims/netstandard/System.Diagnostics.TraceSource.dll"
-r:"E:/Unity/Material/6000.3.21f1/Editor/Data/NetStandard/compat/2.1.0/shims/netstandard/System.Diagnostics.Tracing.dll"
-r:"E:/Unity/Material/6000.3.21f1/Editor/Data/NetStandard/compat/2.1.0/shims/netstandard/System.Drawing.Primitives.dll"
-r:"E:/Unity/Material/6000.3.21f1/Editor/Data/NetStandard/compat/2.1.0/shims/netstandard/System.Dynamic.Runtime.dll"
-r:"E:/Unity/Material/6000.3.21f1/Editor/Data/NetStandard/compat/2.1.0/shims/netstandard/System.Globalization.Calendars.dll"
-r:"E:/Unity/Material/6000.3.21f1/Editor/Data/NetStandard/compat/2.1.0/shims/netstandard/System.Globalization.Extensions.dll"
-r:"E:/Unity/Material/6000.3.21f1/Editor/Data/NetStandard/compat/2.1.0/shims/netstandard/System.Globalization.dll"
-r:"E:/Unity/Material/6000.3.21f1/Editor/Data/NetStandard/compat/2.1.0/shims/netstandard/System.IO.Compression.ZipFile.dll"
-r:"E:/Unity/Material/6000.3.21f1/Editor/Data/NetStandard/compat/2.1.0/shims/netstandard/System.IO.Compression.dll"
-r:"E:/Unity/Material/6000.3.21f1/Editor/Data/NetStandard/compat/2.1.0/shims/netstandard/System.IO.FileSystem.DriveInfo.dll"
-r:"E:/Unity/Material/6000.3.21f1/Editor/Data/NetStandard/compat/2.1.0/shims/netstandard/System.IO.FileSystem.Primitives.dll"
-r:"E:/Unity/Material/6000.3.21f1/Editor/Data/NetStandard/compat/2.1.0/shims/netstandard/System.IO.FileSystem.Watcher.dll"
-r:"E:/Unity/Material/6000.3.21f1/Editor/Data/NetStandard/compat/2.1.0/shims/netstandard/System.IO.FileSystem.dll"
-r:"E:/Unity/Material/6000.3.21f1/Editor/Data/NetStandard/compat/2.1.0/shims/netstandard/System.IO.IsolatedStorage.dll"
-r:"E:/Unity/Material/6000.3.21f1/Editor/Data/NetStandard/compat/2.1.0/shims/netstandard/System.IO.MemoryMappedFiles.dll"
-r:"E:/Unity/Material/6000.3.21f1/Editor/Data/NetStandard/compat/2.1.0/shims/netstandard/System.IO.Pipes.dll"
-r:"E:/Unity/Material/6000.3.21f1/Editor/Data/NetStandard/compat/2.1.0/shims/netstandard/System.IO.UnmanagedMemoryStream.dll"
-r:"E:/Unity/Material/6000.3.21f1/Editor/Data/NetStandard/compat/2.1.0/shims/netstandard/System.IO.dll"
-r:"E:/Unity/Material/6000.3.21f1/Editor/Data/NetStandard/compat/2.1.0/shims/netstandard/System.Linq.Expressions.dll"
-r:"E:/Unity/Material/6000.3.21f1/Editor/Data/NetStandard/compat/2.1.0/shims/netstandard/System.Linq.Parallel.dll"
-r:"E:/Unity/Material/6000.3.21f1/Editor/Data/NetStandard/compat/2.1.0/shims/netstandard/System.Linq.Queryable.dll"
-r:"E:/Unity/Material/6000.3.21f1/Editor/Data/NetStandard/compat/2.1.0/shims/netstandard/System.Linq.dll"
-r:"E:/Unity/Material/6000.3.21f1/Editor/Data/NetStandard/compat/2.1.0/shims/netstandard/System.Memory.dll"
-r:"E:/Unity/Material/6000.3.21f1/Editor/Data/NetStandard/compat/2.1.0/shims/netstandard/System.Net.Http.dll"
-r:"E:/Unity/Material/6000.3.21f1/Editor/Data/NetStandard/compat/2.1.0/shims/netstandard/System.Net.NameResolution.dll"
-r:"E:/Unity/Material/6000.3.21f1/Editor/Data/NetStandard/compat/2.1.0/shims/netstandard/System.Net.NetworkInformation.dll"
-r:"E:/Unity/Material/6000.3.21f1/Editor/Data/NetStandard/compat/2.1.0/shims/netstandard/System.Net.Ping.dll"
-r:"E:/Unity/Material/6000.3.21f1/Editor/Data/NetStandard/compat/2.1.0/shims/netstandard/System.Net.Primitives.dll"
-r:"E:/Unity/Material/6000.3.21f1/Editor/Data/NetStandard/compat/2.1.0/shims/netstandard/System.Net.Requests.dll"
-r:"E:/Unity/Material/6000.3.21f1/Editor/Data/NetStandard/compat/2.1.0/shims/netstandard/System.Net.Security.dll"
-r:"E:/Unity/Material/6000.3.21f1/Editor/Data/NetStandard/compat/2.1.0/shims/netstandard/System.Net.Sockets.dll"
-r:"E:/Unity/Material/6000.3.21f1/Editor/Data/NetStandard/compat/2.1.0/shims/netstandard/System.Net.WebHeaderCollection.dll"
-r:"E:/Unity/Material/6000.3.21f1/Editor/Data/NetStandard/compat/2.1.0/shims/netstandard/System.Net.WebSockets.Client.dll"
-r:"E:/Unity/Material/6000.3.21f1/Editor/Data/NetStandard/compat/2.1.0/shims/netstandard/System.Net.WebSockets.dll"
-r:"E:/Unity/Material/6000.3.21f1/Editor/Data/NetStandard/compat/2.1.0/shims/netstandard/System.Numerics.Vectors.dll"
-r:"E:/Unity/Material/6000.3.21f1/Editor/Data/NetStandard/compat/2.1.0/shims/netstandard/System.ObjectModel.dll"
-r:"E:/Unity/Material/6000.3.21f1/Editor/Data/NetStandard/compat/2.1.0/shims/netstandard/System.Reflection.DispatchProxy.dll"
-r:"E:/Unity/Material/6000.3.21f1/Editor/Data/NetStandard/compat/2.1.0/shims/netstandard/System.Reflection.Emit.ILGeneration.dll"
-r:"E:/Unity/Material/6000.3.21f1/Editor/Data/NetStandard/compat/2.1.0/shims/netstandard/System.Reflection.Emit.Lightweight.dll"
-r:"E:/Unity/Material/6000.3.21f1/Editor/Data/NetStandard/compat/2.1.0/shims/netstandard/System.Reflection.Emit.dll"
-r:"E:/Unity/Material/6000.3.21f1/Editor/Data/NetStandard/compat/2.1.0/shims/netstandard/System.Reflection.Extensions.dll"
-r:"E:/Unity/Material/6000.3.21f1/Editor/Data/NetStandard/compat/2.1.0/shims/netstandard/System.Reflection.Primitives.dll"
-r:"E:/Unity/Material/6000.3.21f1/Editor/Data/NetStandard/compat/2.1.0/shims/netstandard/System.Reflection.dll"
-r:"E:/Unity/Material/6000.3.21f1/Editor/Data/NetStandard/compat/2.1.0/shims/netstandard/System.Resources.Reader.dll"
-r:"E:/Unity/Material/6000.3.21f1/Editor/Data/NetStandard/compat/2.1.0/shims/netstandard/System.Resources.ResourceManager.dll"
-r:"E:/Unity/Material/6000.3.21f1/Editor/Data/NetStandard/compat/2.1.0/shims/netstandard/System.Resources.Writer.dll"
-r:"E:/Unity/Material/6000.3.21f1/Editor/Data/NetStandard/compat/2.1.0/shims/netstandard/System.Runtime.CompilerServices.VisualC.dll"
-r:"E:/Unity/Material/6000.3.21f1/Editor/Data/NetStandard/compat/2.1.0/shims/netstandard/System.Runtime.Extensions.dll"
-r:"E:/Unity/Material/6000.3.21f1/Editor/Data/NetStandard/compat/2.1.0/shims/netstandard/System.Runtime.Handles.dll"
-r:"E:/Unity/Material/6000.3.21f1/Editor/Data/NetStandard/compat/2.1.0/shims/netstandard/System.Runtime.InteropServices.RuntimeInformation.dll"
-r:"E:/Unity/Material/6000.3.21f1/Editor/Data/NetStandard/compat/2.1.0/shims/netstandard/System.Runtime.InteropServices.dll"
-r:"E:/Unity/Material/6000.3.21f1/Editor/Data/NetStandard/compat/2.1.0/shims/netstandard/System.Runtime.Numerics.dll"
-r:"E:/Unity/Material/6000.3.21f1/Editor/Data/NetStandard/compat/2.1.0/shims/netstandard/System.Runtime.Serialization.Formatters.dll"
-r:"E:/Unity/Material/6000.3.21f1/Editor/Data/NetStandard/compat/2.1.0/shims/netstandard/System.Runtime.Serialization.Json.dll"
-r:"E:/Unity/Material/6000.3.21f1/Editor/Data/NetStandard/compat/2.1.0/shims/netstandard/System.Runtime.Serialization.Primitives.dll"
-r:"E:/Unity/Material/6000.3.21f1/Editor/Data/NetStandard/compat/2.1.0/shims/netstandard/System.Runtime.Serialization.Xml.dll"
-r:"E:/Unity/Material/6000.3.21f1/Editor/Data/NetStandard/compat/2.1.0/shims/netstandard/System.Runtime.dll"
-r:"E:/Unity/Material/6000.3.21f1/Editor/Data/NetStandard/compat/2.1.0/shims/netstandard/System.Security.Claims.dll"
-r:"E:/Unity/Material/6000.3.21f1/Editor/Data/NetStandard/compat/2.1.0/shims/netstandard/System.Security.Cryptography.Algorithms.dll"
-r:"E:/Unity/Material/6000.3.21f1/Editor/Data/NetStandard/compat/2.1.0/shims/netstandard/System.Security.Cryptography.Csp.dll"
-r:"E:/Unity/Material/6000.3.21f1/Editor/Data/NetStandard/compat/2.1.0/shims/netstandard/System.Security.Cryptography.Encoding.dll"
-r:"E:/Unity/Material/6000.3.21f1/Editor/Data/NetStandard/compat/2.1.0/shims/netstandard/System.Security.Cryptography.Primitives.dll"
-r:"E:/Unity/Material/6000.3.21f1/Editor/Data/NetStandard/compat/2.1.0/shims/netstandard/System.Security.Cryptography.X509Certificates.dll"
-r:"E:/Unity/Material/6000.3.21f1/Editor/Data/NetStandard/compat/2.1.0/shims/netstandard/System.Security.Principal.dll"
-r:"E:/Unity/Material/6000.3.21f1/Editor/Data/NetStandard/compat/2.1.0/shims/netstandard/System.Security.SecureString.dll"
-r:"E:/Unity/Material/6000.3.21f1/Editor/Data/NetStandard/compat/2.1.0/shims/netstandard/System.Text.Encoding.Extensions.dll"
-r:"E:/Unity/Material/6000.3.21f1/Editor/Data/NetStandard/compat/2.1.0/shims/netstandard/System.Text.Encoding.dll"
-r:"E:/Unity/Material/6000.3.21f1/Editor/Data/NetStandard/compat/2.1.0/shims/netstandard/System.Text.RegularExpressions.dll"
-r:"E:/Unity/Material/6000.3.21f1/Editor/Data/NetStandard/compat/2.1.0/shims/netstandard/System.Threading.Overlapped.dll"
-r:"E:/Unity/Material/6000.3.21f1/Editor/Data/NetStandard/compat/2.1.0/shims/netstandard/System.Threading.Tasks.Extensions.dll"
-r:"E:/Unity/Material/6000.3.21f1/Editor/Data/NetStandard/compat/2.1.0/shims/netstandard/System.Threading.Tasks.Parallel.dll"
-r:"E:/Unity/Material/6000.3.21f1/Editor/Data/NetStandard/compat/2.1.0/shims/netstandard/System.Threading.Tasks.dll"
-r:"E:/Unity/Material/6000.3.21f1/Editor/Data/NetStandard/compat/2.1.0/shims/netstandard/System.Threading.Thread.dll"
-r:"E:/Unity/Material/6000.3.21f1/Editor/Data/NetStandard/compat/2.1.0/shims/netstandard/System.Threading.ThreadPool.dll"
-r:"E:/Unity/Material/6000.3.21f1/Editor/Data/NetStandard/compat/2.1.0/shims/netstandard/System.Threading.Timer.dll"
-r:"E:/Unity/Material/6000.3.21f1/Editor/Data/NetStandard/compat/2.1.0/shims/netstandard/System.Threading.dll"
-r:"E:/Unity/Material/6000.3.21f1/Editor/Data/NetStandard/compat/2.1.0/shims/netstandard/System.ValueTuple.dll"
-r:"E:/Unity/Material/6000.3.21f1/Editor/Data/NetStandard/compat/2.1.0/shims/netstandard/System.Xml.ReaderWriter.dll"
-r:"E:/Unity/Material/6000.3.21f1/Editor/Data/NetStandard/compat/2.1.0/shims/netstandard/System.Xml.XDocument.dll"
-r:"E:/Unity/Material/6000.3.21f1/Editor/Data/NetStandard/compat/2.1.0/shims/netstandard/System.Xml.XPath.XDocument.dll"
-r:"E:/Unity/Material/6000.3.21f1/Editor/Data/NetStandard/compat/2.1.0/shims/netstandard/System.Xml.XPath.dll"
-r:"E:/Unity/Material/6000.3.21f1/Editor/Data/NetStandard/compat/2.1.0/shims/netstandard/System.Xml.XmlDocument.dll"
-r:"E:/Unity/Material/6000.3.21f1/Editor/Data/NetStandard/compat/2.1.0/shims/netstandard/System.Xml.XmlSerializer.dll"
-r:"E:/Unity/Material/6000.3.21f1/Editor/Data/NetStandard/ref/2.1.0/netstandard.dll"
-r:"E:/Unity/Material/6000.3.21f1/Editor/Data/PlaybackEngines/AndroidPlayer/Unity.Android.Gradle.dll"
-r:"E:/Unity/Material/6000.3.21f1/Editor/Data/PlaybackEngines/AndroidPlayer/Unity.Android.Types.dll"
-r:"E:/Unity/Material/6000.3.21f1/Editor/Data/PlaybackEngines/AndroidPlayer/UnityEditor.Android.Extensions.dll"
-r:"E:/Unity/Material/6000.3.21f1/Editor/Data/PlaybackEngines/MetroSupport/UnityEditor.UWP.Extensions.dll"
-r:"E:/Unity/Material/6000.3.21f1/Editor/Data/PlaybackEngines/WindowsStandaloneSupport/UnityEditor.WindowsStandalone.Extensions.dll"
-r:"Library/PackageCache/com.unity.ai.assistant@284c75a8d208/Modules/Unity.AI.Toolkit.Sdk/Editor/AiEditorToolsSdk.dll"
-r:"Library/PackageCache/com.unity.collab-proxy@0b1559bcd34e/Lib/Editor/TextMateSharp/Onigwrap/OnigwrapPlastic.dll"
-r:"Library/PackageCache/com.unity.collab-proxy@0b1559bcd34e/Lib/Editor/TextMateSharp/TextMateSharpPlastic.Grammars.dll"
-r:"Library/PackageCache/com.unity.collab-proxy@0b1559bcd34e/Lib/Editor/TextMateSharp/TextMateSharpPlastic.dll"
-r:"Library/PackageCache/com.unity.collab-proxy@0b1559bcd34e/Lib/Editor/Unity.Plastic.Antlr3.Runtime.dll"
-r:"Library/PackageCache/com.unity.collab-proxy@0b1559bcd34e/Lib/Editor/Unity.Plastic.Newtonsoft.Json.dll"
-r:"Library/PackageCache/com.unity.collab-proxy@0b1559bcd34e/Lib/Editor/log4netPlastic.dll"
-r:"Library/PackageCache/com.unity.collab-proxy@0b1559bcd34e/Lib/Editor/unityplastic.dll"
-r:"Library/PackageCache/com.unity.collections@84e8eb3fc12e/Unity.Collections.LowLevel.ILSupport/Unity.Collections.LowLevel.ILSupport.dll"
-r:"Library/PackageCache/com.unity.ext.nunit@d8c07649098d/net40/unity-custom/nunit.framework.dll"
-r:"Library/PackageCache/com.unity.nuget.mono-cecil@ecb9724e46ff/Mono.Cecil.dll"
-r:"Library/PackageCache/com.unity.nuget.newtonsoft-json@4dfd81071c64/Runtime/Newtonsoft.Json.dll"
-r:"Library/PackageCache/com.unity.testtools.codecoverage@19a841221620/lib/ReportGenerator/ReportGeneratorMerged.dll"
-r:"Library/PackageCache/com.unity.visualscripting@4edfcc09512f/Editor/VisualScripting.Core/Dependencies/DotNetZip/Unity.VisualScripting.IonicZip.dll"
-r:"Library/PackageCache/com.unity.visualscripting@4edfcc09512f/Editor/VisualScripting.Core/Dependencies/YamlDotNet/Unity.VisualScripting.YamlDotNet.dll"
-r:"Library/PackageCache/com.unity.visualscripting@4edfcc09512f/Editor/VisualScripting.Core/EditorAssetResources/Unity.VisualScripting.TextureAssets.dll"
-r:"Library/PackageCache/com.unity.visualscripting@4edfcc09512f/Runtime/VisualScripting.Flow/Dependencies/NCalc/Unity.VisualScripting.Antlr3.Runtime.dll"
-r:"Library/Bee/artifacts/1300b0aE.dag/Unity.InputSystem.ref.dll"
-r:"Library/Bee/artifacts/1300b0aE.dag/Unity.TextMeshPro.ref.dll"
-r:"Library/Bee/artifacts/1300b0aE.dag/UnityEditor.UI.ref.dll"
-r:"Library/Bee/artifacts/1300b0aE.dag/UnityEngine.UI.ref.dll"
-analyzer:"E:/Unity/Material/6000.3.21f1/Editor/Data/Tools/BuildPipeline/Unity.SourceGenerators/Unity.Properties.SourceGenerator.dll"
-analyzer:"E:/Unity/Material/6000.3.21f1/Editor/Data/Tools/BuildPipeline/Unity.SourceGenerators/Unity.SourceGenerators.dll"
-analyzer:"E:/Unity/Material/6000.3.21f1/Editor/Data/Tools/BuildPipeline/Unity.SourceGenerators/Unity.UIToolkit.SourceGenerator.dll"
"Assets/_Game/Scripts/Runtime/Audio/AudioService.cs"
"Assets/_Game/Scripts/Runtime/Base/BaseHealthService.cs"
"Assets/_Game/Scripts/Runtime/Building/BuildLifecycleVfxController.cs"
"Assets/_Game/Scripts/Runtime/Building/BuildNode.cs"
"Assets/_Game/Scripts/Runtime/Building/BuildNodeChannelUI.cs"
"Assets/_Game/Scripts/Runtime/Building/BuildNodeState.cs"
"Assets/_Game/Scripts/Runtime/Building/BuildNodeVisual.cs"
"Assets/_Game/Scripts/Runtime/Building/BuildNodeVisualCoordinator.cs"
"Assets/_Game/Scripts/Runtime/Building/BuildOperationResult.cs"
"Assets/_Game/Scripts/Runtime/Building/BuildResult.cs"
"Assets/_Game/Scripts/Runtime/Building/BuildSelectionService.cs"
"Assets/_Game/Scripts/Runtime/Building/BuildService.cs"
"Assets/_Game/Scripts/Runtime/Building/EnergyTowerTransactionService.cs"
"Assets/_Game/Scripts/Runtime/Building/PlayerBuildNodeProximityController.cs"
"Assets/_Game/Scripts/Runtime/Building/SellOperationResult.cs"
"Assets/_Game/Scripts/Runtime/Building/SellResult.cs"
"Assets/_Game/Scripts/Runtime/Building/TowerHologramPreview.cs"
"Assets/_Game/Scripts/Runtime/Building/TowerSellService.cs"
"Assets/_Game/Scripts/Runtime/Building/WorldSelectionController.cs"
"Assets/_Game/Scripts/Runtime/CameraSystem/IMovementDirectionSource.cs"
"Assets/_Game/Scripts/Runtime/CameraSystem/TopDownCameraController.cs"
"Assets/_Game/Scripts/Runtime/Combat/AreaDamageResolver.cs"
"Assets/_Game/Scripts/Runtime/Combat/CombatTargetHandle.cs"
"Assets/_Game/Scripts/Runtime/Combat/DamageInfo.cs"
"Assets/_Game/Scripts/Runtime/Combat/DamageType.cs"
"Assets/_Game/Scripts/Runtime/Combat/ICombatTarget.cs"
"Assets/_Game/Scripts/Runtime/Combat/IDamageable.cs"
"Assets/_Game/Scripts/Runtime/Combat/ISplashTargetProvider.cs"
"Assets/_Game/Scripts/Runtime/Combat/IStatusApplicable.cs"
"Assets/_Game/Scripts/Runtime/Combat/ProjectileController.cs"
"Assets/_Game/Scripts/Runtime/Combat/ProjectileDefinition.cs"
"Assets/_Game/Scripts/Runtime/Combat/ProjectileFactory.cs"
"Assets/_Game/Scripts/Runtime/Combat/ProjectilePool.cs"
"Assets/_Game/Scripts/Runtime/Combat/ProjectilePoolRegistry.cs"
"Assets/_Game/Scripts/Runtime/Combat/ProjectileSpawnRequest.cs"
"Assets/_Game/Scripts/Runtime/Combat/StatusEffectDefinition.cs"
"Assets/_Game/Scripts/Runtime/Combat/StatusEffectInstance.cs"
"Assets/_Game/Scripts/Runtime/Combat/StatusEffectType.cs"
"Assets/_Game/Scripts/Runtime/Combat/StatusStackingRule.cs"
"Assets/_Game/Scripts/Runtime/Common/IPullSpeedBoostSource.cs"
"Assets/_Game/Scripts/Runtime/Common/LevelBounds.cs"
"Assets/_Game/Scripts/Runtime/Common/TractorPullLiftMotion.cs"
"Assets/_Game/Scripts/Runtime/Core/ApplicationCompositionRoot.cs"
"Assets/_Game/Scripts/Runtime/Core/ApplicationLifecycleController.cs"
"Assets/_Game/Scripts/Runtime/Core/ApplicationServices.cs"
"Assets/_Game/Scripts/Runtime/Core/BackNavigationController.cs"
"Assets/_Game/Scripts/Runtime/Core/BootstrapLoadContext.cs"
"Assets/_Game/Scripts/Runtime/Core/BootstrapLoadingController.cs"
"Assets/_Game/Scripts/Runtime/Core/GameFlowController.cs"
"Assets/_Game/Scripts/Runtime/Core/GameSpeedController.cs"
"Assets/_Game/Scripts/Runtime/Core/GameState.cs"
"Assets/_Game/Scripts/Runtime/Core/GameplayAudioController.cs"
"Assets/_Game/Scripts/Runtime/Core/IApplicationServicesReceiver.cs"
"Assets/_Game/Scripts/Runtime/Core/ITimeScaleTarget.cs"
"Assets/_Game/Scripts/Runtime/Core/LevelCatalog.cs"
"Assets/_Game/Scripts/Runtime/Core/LevelCatalogEntry.cs"
"Assets/_Game/Scripts/Runtime/Core/LevelCompositionRoot.cs"
"Assets/_Game/Scripts/Runtime/Core/LevelLaunchContext.cs"
"Assets/_Game/Scripts/Runtime/Core/LevelRestartService.cs"
"Assets/_Game/Scripts/Runtime/Core/SceneNames.cs"
"Assets/_Game/Scripts/Runtime/Core/SceneServicesHost.cs"
"Assets/_Game/Scripts/Runtime/Core/SceneTransitionService.cs"
"Assets/_Game/Scripts/Runtime/Core/SceneTransitionState.cs"
"Assets/_Game/Scripts/Runtime/Core/TractorBeamAudioController.cs"
"Assets/_Game/Scripts/Runtime/Core/UnityTimeScaleTarget.cs"
"Assets/_Game/Scripts/Runtime/Data/LevelDefinition.cs"
"Assets/_Game/Scripts/Runtime/Data/PlayerDefinition.cs"
"Assets/_Game/Scripts/Runtime/Data/SkillDefinition.cs"
"Assets/_Game/Scripts/Runtime/Data/SkillType.cs"
"Assets/_Game/Scripts/Runtime/Debug/EnemyDebugSpawner.cs"
"Assets/_Game/Scripts/Runtime/Debug/SaveDebugControls.cs"
"Assets/_Game/Scripts/Runtime/Debug/TowerDebugSpawner.cs"
"Assets/_Game/Scripts/Runtime/Debug/WaveDebugControls.cs"
"Assets/_Game/Scripts/Runtime/Economy/DailyQuestRewardTable.cs"
"Assets/_Game/Scripts/Runtime/Economy/EconomyService.cs"
"Assets/_Game/Scripts/Runtime/Economy/EnergyCollectionService.cs"
"Assets/_Game/Scripts/Runtime/Economy/EnergyWalletService.cs"
"Assets/_Game/Scripts/Runtime/Economy/LevelRewardCalculator.cs"
"Assets/_Game/Scripts/Runtime/Economy/PlayerLevelProgressionService.cs"
"Assets/_Game/Scripts/Runtime/Economy/PlayerSkillService.cs"
"Assets/_Game/Scripts/Runtime/Economy/ShopExchangeService.cs"
"Assets/_Game/Scripts/Runtime/Economy/ShopExchangeTable.cs"
"Assets/_Game/Scripts/Runtime/Enemies/BossBehaviorDefinition.cs"
"Assets/_Game/Scripts/Runtime/Enemies/BossController.cs"
"Assets/_Game/Scripts/Runtime/Enemies/BossState.cs"
"Assets/_Game/Scripts/Runtime/Enemies/EnemyAnimatorSpeed.cs"
"Assets/_Game/Scripts/Runtime/Enemies/EnemyArchetype.cs"
"Assets/_Game/Scripts/Runtime/Enemies/EnemyBaseAttackVisual.cs"
"Assets/_Game/Scripts/Runtime/Enemies/EnemyCaptureController.cs"
"Assets/_Game/Scripts/Runtime/Enemies/EnemyCaptureState.cs"
"Assets/_Game/Scripts/Runtime/Enemies/EnemyController.cs"
"Assets/_Game/Scripts/Runtime/Enemies/EnemyDeathVisual.cs"
"Assets/_Game/Scripts/Runtime/Enemies/EnemyDefense.cs"
"Assets/_Game/Scripts/Runtime/Enemies/EnemyDefinition.cs"
"Assets/_Game/Scripts/Runtime/Enemies/EnemyFactory.cs"
"Assets/_Game/Scripts/Runtime/Enemies/EnemyHealth.cs"
"Assets/_Game/Scripts/Runtime/Enemies/EnemyHitFlash.cs"
"Assets/_Game/Scripts/Runtime/Enemies/EnemyMovement.cs"
"Assets/_Game/Scripts/Runtime/Enemies/EnemyPath3D.cs"
"Assets/_Game/Scripts/Runtime/Enemies/EnemyPool.cs"
"Assets/_Game/Scripts/Runtime/Enemies/EnemyPoolRegistry.cs"
"Assets/_Game/Scripts/Runtime/Enemies/EnemyRegistry.cs"
"Assets/_Game/Scripts/Runtime/Enemies/EnemyRegistrySplashProvider.cs"
"Assets/_Game/Scripts/Runtime/Enemies/EnemyResolutionPolicy.cs"
"Assets/_Game/Scripts/Runtime/Enemies/EnemyResolveReason.cs"
"Assets/_Game/Scripts/Runtime/Enemies/EnemyShield.cs"
"Assets/_Game/Scripts/Runtime/Enemies/EnemySpawnModifiers.cs"
"Assets/_Game/Scripts/Runtime/Enemies/EnemyStatusController.cs"
"Assets/_Game/Scripts/Runtime/Enemies/IEnemySpawnCoordinator.cs"
"Assets/_Game/Scripts/Runtime/Enemies/TractorCaptureRequest.cs"
"Assets/_Game/Scripts/Runtime/Environment/AnimalWanderer.cs"
"Assets/_Game/Scripts/Runtime/Environment/TractorAbsorbableProp.cs"
"Assets/_Game/Scripts/Runtime/Environment/TractorAbsorbablePropRegistry.cs"
"Assets/_Game/Scripts/Runtime/Environment/TractorAbsorbablePropState.cs"
"Assets/_Game/Scripts/Runtime/Environment/TractorImmuneShake.cs"
"Assets/_Game/Scripts/Runtime/Environment/TractorPropAbsorptionRequest.cs"
"Assets/_Game/Scripts/Runtime/Input/IPlayerInput.cs"
"Assets/_Game/Scripts/Runtime/Input/UnityInputReader.cs"
"Assets/_Game/Scripts/Runtime/Pickups/EnergyDropService.cs"
"Assets/_Game/Scripts/Runtime/Pickups/EnergyPickupController.cs"
"Assets/_Game/Scripts/Runtime/Pickups/EnergyPickupFactory.cs"
"Assets/_Game/Scripts/Runtime/Pickups/EnergyPickupPool.cs"
"Assets/_Game/Scripts/Runtime/Pickups/EnergyPickupRegistry.cs"
"Assets/_Game/Scripts/Runtime/Pickups/EnergyPickupState.cs"
"Assets/_Game/Scripts/Runtime/Pickups/EnergyScatterDefinition.cs"
"Assets/_Game/Scripts/Runtime/Pickups/EnergyScatterSpawner.cs"
"Assets/_Game/Scripts/Runtime/Pickups/TractorEnergyAbsorptionRequest.cs"
"Assets/_Game/Scripts/Runtime/Player/PlayerController.cs"
"Assets/_Game/Scripts/Runtime/Player/PlayerMissileController.cs"
"Assets/_Game/Scripts/Runtime/Player/PlayerMovement.cs"
"Assets/_Game/Scripts/Runtime/Player/PlayerSkillEffectApplier.cs"
"Assets/_Game/Scripts/Runtime/Player/UFOBeamParticleAttractor.cs"
"Assets/_Game/Scripts/Runtime/Player/UFOFlightIntro.cs"
"Assets/_Game/Scripts/Runtime/Player/UFOHoverVisual.cs"
"Assets/_Game/Scripts/Runtime/Player/UFOTractorBeamController.cs"
"Assets/_Game/Scripts/Runtime/Player/UFOTractorBeamDefinition.cs"
"Assets/_Game/Scripts/Runtime/Player/UFOTractorBeamVisual.cs"
"Assets/_Game/Scripts/Runtime/Progression/DefaultLevelAccessProvider.cs"
"Assets/_Game/Scripts/Runtime/Progression/ILevelAccessProvider.cs"
"Assets/_Game/Scripts/Runtime/Progression/ProfileLevelAccessProvider.cs"
"Assets/_Game/Scripts/Runtime/Progression/VipService.cs"
"Assets/_Game/Scripts/Runtime/Progression/VipTierTable.cs"
"Assets/_Game/Scripts/Runtime/Save/DailyQuestSaveData.cs"
"Assets/_Game/Scripts/Runtime/Save/DailyRewardCalculator.cs"
"Assets/_Game/Scripts/Runtime/Save/DailyRewardSaveData.cs"
"Assets/_Game/Scripts/Runtime/Save/GameSettings.cs"
"Assets/_Game/Scripts/Runtime/Save/LevelCompletedResult.cs"
"Assets/_Game/Scripts/Runtime/Save/LevelProgressSaveData.cs"
"Assets/_Game/Scripts/Runtime/Save/LevelProgressSnapshot.cs"
"Assets/_Game/Scripts/Runtime/Save/PermanentTowerUpgradeSaveData.cs"
"Assets/_Game/Scripts/Runtime/Save/PlayerProfileDefaults.cs"
"Assets/_Game/Scripts/Runtime/Save/PlayerProfileDefaultsFactory.cs"
"Assets/_Game/Scripts/Runtime/Save/PlayerProfileSaveData.cs"
"Assets/_Game/Scripts/Runtime/Save/PlayerProfileService.cs"
"Assets/_Game/Scripts/Runtime/Save/SaveConstants.cs"
"Assets/_Game/Scripts/Runtime/Save/SaveFileRepository.cs"
"Assets/_Game/Scripts/Runtime/Save/SaveMigrationPipeline.cs"
"Assets/_Game/Scripts/Runtime/Save/SaveService.cs"
"Assets/_Game/Scripts/Runtime/Save/SaveValidator.cs"
"Assets/_Game/Scripts/Runtime/Save/SaveWriteResult.cs"
"Assets/_Game/Scripts/Runtime/Save/SettingsSaveData.cs"
"Assets/_Game/Scripts/Runtime/Save/TutorialProgressSaveData.cs"
"Assets/_Game/Scripts/Runtime/Settings/SettingsService.cs"
"Assets/_Game/Scripts/Runtime/Towers/AttackStrategyFactory.cs"
"Assets/_Game/Scripts/Runtime/Towers/ClosestTargetStrategy.cs"
"Assets/_Game/Scripts/Runtime/Towers/FirstTargetStrategy.cs"
"Assets/_Game/Scripts/Runtime/Towers/IAttackStrategy.cs"
"Assets/_Game/Scripts/Runtime/Towers/ITargetingStrategy.cs"
"Assets/_Game/Scripts/Runtime/Towers/ProjectileAttackStrategy.cs"
"Assets/_Game/Scripts/Runtime/Towers/RangeIndicator.cs"
"Assets/_Game/Scripts/Runtime/Towers/SellValueCalculator.cs"
"Assets/_Game/Scripts/Runtime/Towers/SplashAttackStrategy.cs"
"Assets/_Game/Scripts/Runtime/Towers/StatusProjectileAttackStrategy.cs"
"Assets/_Game/Scripts/Runtime/Towers/StrongestTargetStrategy.cs"
"Assets/_Game/Scripts/Runtime/Towers/TargetingMode.cs"
"Assets/_Game/Scripts/Runtime/Towers/TargetingStrategyFactory.cs"
"Assets/_Game/Scripts/Runtime/Towers/TowerAttackBehavior.cs"
"Assets/_Game/Scripts/Runtime/Towers/TowerAttackController.cs"
"Assets/_Game/Scripts/Runtime/Towers/TowerCatalog.cs"
"Assets/_Game/Scripts/Runtime/Towers/TowerController.cs"
"Assets/_Game/Scripts/Runtime/Towers/TowerDefinition.cs"
"Assets/_Game/Scripts/Runtime/Towers/TowerFactory.cs"
"Assets/_Game/Scripts/Runtime/Towers/TowerLevelData.cs"
"Assets/_Game/Scripts/Runtime/Towers/TowerMetaUpgradeService.cs"
"Assets/_Game/Scripts/Runtime/Towers/TowerSelectionService.cs"
"Assets/_Game/Scripts/Runtime/Towers/TowerStats.cs"
"Assets/_Game/Scripts/Runtime/Towers/TowerTargeting.cs"
"Assets/_Game/Scripts/Runtime/Towers/TowerUnlockService.cs"
"Assets/_Game/Scripts/Runtime/Towers/TowerUpgradeService.cs"
"Assets/_Game/Scripts/Runtime/Towers/TowerVisual.cs"
"Assets/_Game/Scripts/Runtime/Towers/UpgradeOperationResult.cs"
"Assets/_Game/Scripts/Runtime/Towers/UpgradeResult.cs"
"Assets/_Game/Scripts/Runtime/UI/Base/BaseScreenPresenter.cs"
"Assets/_Game/Scripts/Runtime/UI/Base/BaseScreenView.cs"
"Assets/_Game/Scripts/Runtime/UI/BossHealthBarPresenter.cs"
"Assets/_Game/Scripts/Runtime/UI/BossHealthBarView.cs"
"Assets/_Game/Scripts/Runtime/UI/BuildBarPresenter.cs"
"Assets/_Game/Scripts/Runtime/UI/Defense/DefenseScreenPresenter.cs"
"Assets/_Game/Scripts/Runtime/UI/Defense/DefenseScreenView.cs"
"Assets/_Game/Scripts/Runtime/UI/Defense/TowerUnlockCardView.cs"
"Assets/_Game/Scripts/Runtime/UI/EnemyHealthBarView.cs"
"Assets/_Game/Scripts/Runtime/UI/EnemyShieldBarView.cs"
"Assets/_Game/Scripts/Runtime/UI/GameHUDPresenter.cs"
"Assets/_Game/Scripts/Runtime/UI/GameHUDView.cs"
"Assets/_Game/Scripts/Runtime/UI/GameResultView.cs"
"Assets/_Game/Scripts/Runtime/UI/GameStateUIController.cs"
"Assets/_Game/Scripts/Runtime/UI/LevelCardView.cs"
"Assets/_Game/Scripts/Runtime/UI/LevelSelectionPresenter.cs"
"Assets/_Game/Scripts/Runtime/UI/LevelSelectionView.cs"
"Assets/_Game/Scripts/Runtime/UI/LoadingBackgroundCover.cs"
"Assets/_Game/Scripts/Runtime/UI/LoadingOverlayCameraUtility.cs"
"Assets/_Game/Scripts/Runtime/UI/LoadingOverlayCleanup.cs"
"Assets/_Game/Scripts/Runtime/UI/LoadingOverlayView.cs"
"Assets/_Game/Scripts/Runtime/UI/MainMenu/BottomNavTabView.cs"
"Assets/_Game/Scripts/Runtime/UI/MainMenu/BottomNavigationPresenter.cs"
"Assets/_Game/Scripts/Runtime/UI/MainMenu/BottomNavigationView.cs"
"Assets/_Game/Scripts/Runtime/UI/MainMenu/CurrencyFormatter.cs"
"Assets/_Game/Scripts/Runtime/UI/MainMenu/DailyRewardPanelView.cs"
"Assets/_Game/Scripts/Runtime/UI/MainMenu/FeatureButtonView.cs"
"Assets/_Game/Scripts/Runtime/UI/MainMenu/LevelMenuPresentationState.cs"
"Assets/_Game/Scripts/Runtime/UI/MainMenu/LevelObjectivePanelView.cs"
"Assets/_Game/Scripts/Runtime/UI/MainMenu/LevelObjectivePresentation.cs"
"Assets/_Game/Scripts/Runtime/UI/MainMenu/LevelObjectiveView.cs"
"Assets/_Game/Scripts/Runtime/UI/MainMenu/LevelPreviewView.cs"
"Assets/_Game/Scripts/Runtime/UI/MainMenu/LevelStatusFormatter.cs"
"Assets/_Game/Scripts/Runtime/UI/MainMenu/LevelTitleFormatter.cs"
"Assets/_Game/Scripts/Runtime/UI/MainMenu/MainMenuLevelSelectionPresenter.cs"
"Assets/_Game/Scripts/Runtime/UI/MainMenu/MainMenuLevelSelectionView.cs"
"Assets/_Game/Scripts/Runtime/UI/MainMenu/MainMenuResourcePresenter.cs"
"Assets/_Game/Scripts/Runtime/UI/MainMenu/MainMenuRewardsPresenter.cs"
"Assets/_Game/Scripts/Runtime/UI/MainMenu/MenuShellPresenter.cs"
"Assets/_Game/Scripts/Runtime/UI/MainMenu/MenuShellView.cs"
"Assets/_Game/Scripts/Runtime/UI/MainMenu/MenuTab.cs"
"Assets/_Game/Scripts/Runtime/UI/MainMenu/NotificationBadgeView.cs"
"Assets/_Game/Scripts/Runtime/UI/MainMenu/PlayButtonView.cs"
"Assets/_Game/Scripts/Runtime/UI/MainMenu/PlayerProfileWidgetView.cs"
"Assets/_Game/Scripts/Runtime/UI/MainMenu/PortalPulseAnimation.cs"
"Assets/_Game/Scripts/Runtime/UI/MainMenu/QuestBannerView.cs"
"Assets/_Game/Scripts/Runtime/UI/MainMenu/ResourceWidgetView.cs"
"Assets/_Game/Scripts/Runtime/UI/MainMenu/VipPanelView.cs"
"Assets/_Game/Scripts/Runtime/UI/MainMenuPresenter.cs"
"Assets/_Game/Scripts/Runtime/UI/MainMenuView.cs"
"Assets/_Game/Scripts/Runtime/UI/Minimap/MinimapController.cs"
"Assets/_Game/Scripts/Runtime/UI/Minimap/MinimapPathGraphic.cs"
"Assets/_Game/Scripts/Runtime/UI/Minimap/MinimapPresenter.cs"
"Assets/_Game/Scripts/Runtime/UI/PausePanelView.cs"
"Assets/_Game/Scripts/Runtime/UI/SafeAreaFitter.cs"
"Assets/_Game/Scripts/Runtime/UI/Shop/ShopExchangeCardView.cs"
"Assets/_Game/Scripts/Runtime/UI/Shop/ShopScreenPresenter.cs"
"Assets/_Game/Scripts/Runtime/UI/Shop/ShopScreenView.cs"
"Assets/_Game/Scripts/Runtime/UI/SkillChoicePresenter.cs"
"Assets/_Game/Scripts/Runtime/UI/SkillChoiceView.cs"
"Assets/_Game/Scripts/Runtime/UI/TowerBuildButtonView.cs"
"Assets/_Game/Scripts/Runtime/UI/TowerChoicePresenter.cs"
"Assets/_Game/Scripts/Runtime/UI/TowerChoiceView.cs"
"Assets/_Game/Scripts/Runtime/UI/TowerDetailsPresenter.cs"
"Assets/_Game/Scripts/Runtime/UI/TowerDetailsView.cs"
"Assets/_Game/Scripts/Runtime/UI/UIHoverBobAnimation.cs"
"Assets/_Game/Scripts/Runtime/UI/Upgrade/TowerUpgradeCardView.cs"
"Assets/_Game/Scripts/Runtime/UI/Upgrade/TowerUpgradeScreenPresenter.cs"
"Assets/_Game/Scripts/Runtime/UI/Upgrade/TowerUpgradeScreenView.cs"
"Assets/_Game/Scripts/Runtime/UI/WaveHUDPresenter.cs"
"Assets/_Game/Scripts/Runtime/UI/WaveHUDView.cs"
"Assets/_Game/Scripts/Runtime/UI/WorldSpaceBillboard.cs"
"Assets/_Game/Scripts/Runtime/UI/XpPopupView.cs"
"Assets/_Game/Scripts/Runtime/Vfx/PooledVfx.cs"
"Assets/_Game/Scripts/Runtime/Vfx/UFOTakeoffParticleAttractor.cs"
"Assets/_Game/Scripts/Runtime/Vfx/UFOTakeoffVFX.cs"
"Assets/_Game/Scripts/Runtime/Vfx/VfxDefinition.cs"
"Assets/_Game/Scripts/Runtime/Vfx/VfxPool.cs"
"Assets/_Game/Scripts/Runtime/Vfx/VfxPoolRegistry.cs"
"Assets/_Game/Scripts/Runtime/Vfx/VfxService.cs"
"Assets/_Game/Scripts/Runtime/Waves/EnemySpawnEntry.cs"
"Assets/_Game/Scripts/Runtime/Waves/EnemySpawnGroup.cs"
"Assets/_Game/Scripts/Runtime/Waves/WaveController.cs"
"Assets/_Game/Scripts/Runtime/Waves/WaveDefinition.cs"
"Assets/_Game/Scripts/Runtime/Waves/WaveProgressSnapshot.cs"
"Assets/_Game/Scripts/Runtime/Waves/WaveRuntimeTracker.cs"
"Assets/_Game/Scripts/Runtime/Waves/WaveSpawnSettings.cs"
"Assets/_Game/Scripts/Runtime/Waves/WaveState.cs"
-langversion:9.0
/deterministic
/optimize+
/debug:portable
/nologo
/RuntimeMetadataVersion:v4.0.30319
/nowarn:0169
/nowarn:0649
/nowarn:0282
/nowarn:1701
/nowarn:1702
/utf8output
/preferreduilang:en-US
/additionalfile:"Library/Bee/artifacts/1300b0aE.dag/AlienDefense.Runtime.UnityAdditionalFile.txt"
##### Custom Environment Variables
DOTNET_MULTILEVEL_LOOKUP=0
##### ExitCode
1
##### Output
Assets\_Game\Scripts\Runtime\UI\GameHUDView.cs(168,25): error CS1929: 'CanvasGroup' does not contain a definition for 'DOFade' and the best extension method overload 'ShortcutExtensions.DOFade(Material, float, float)' requires a receiver of type 'Material'

Assets\_Game\Scripts\Runtime\UI\GameHUDView.cs(170,25): error CS1929: 'CanvasGroup' does not contain a definition for 'DOFade' and the best extension method overload 'ShortcutExtensions.DOFade(Material, float, float)' requires a receiver of type 'Material'
*** Tundra build failed (6.65 seconds), 669 items updated, 1669 evaluated
## Script Compilation Error for: Csc Library/Bee/artifacts/1300b0aE.dag/AlienDefense.Runtime.dll (+2 others)
## CmdLine: "E:\Unity\Material\6000.3.21f1\Editor\Data\NetCoreRuntime\dotnet.exe" exec "E:/Unity/Material/6000.3.21f1/Editor/Data/DotNetSdkRoslyn/csc.dll" /nostdlib /noconfig /shared "@Library/Bee/artifacts/1300b0aE.dag/AlienDefense.Runtime.rsp" "@Library/Bee/artifacts/1300b0aE.dag/AlienDefense.Runtime.rsp2"
## Output:
Assets\_Game\Scripts\Runtime\UI\GameHUDView.cs(168,25): error CS1929: 'CanvasGroup' does not contain a definition for 'DOFade' and the best extension method overload 'ShortcutExtensions.DOFade(Material, float, float)' requires a receiver of type 'Material'
Assets\_Game\Scripts\Runtime\UI\GameHUDView.cs(170,25): error CS1929: 'CanvasGroup' does not contain a definition for 'DOFade' and the best extension method overload 'ShortcutExtensions.DOFade(Material, float, float)' requires a receiver of type 'Material'

Assets\_Game\Scripts\Runtime\UI\GameHUDView.cs(168,25): error CS1929: 'CanvasGroup' does not contain a definition for 'DOFade' and the best extension method overload 'ShortcutExtensions.DOFade(Material, float, float)' requires a receiver of type 'Material'
Assets\_Game\Scripts\Runtime\UI\GameHUDView.cs(170,25): error CS1929: 'CanvasGroup' does not contain a definition for 'DOFade' and the best extension method overload 'ShortcutExtensions.DOFade(Material, float, float)' requires a receiver of type 'Material'
AssetDatabase: script compilation time: 9.889983s
Scripts have compiler errors.
Exiting without the bug reporter. Application will terminate with return code 1